customerID,churn_probability,predicted_churn,actual_churn,split,Contract,PaymentMethod,InternetService,tenure,MonthlyCharges
7590-VHVEG,0.621812,1,0,train,Month-to-month,Electronic check,DSL,1,29.85
5575-GNVDE,0.043678,0,0,train,One year,Mailed check,DSL,34,56.95
3668-QPYBK,0.315487,1,1,train,Month-to-month,Mailed check,DSL,2,53.85
7795-CFOCW,0.032635,0,0,train,One year,Bank transfer (automatic),DSL,45,42.3
9237-HQITU,0.71704,1,1,train,Month-to-month,Electronic check,Fiber optic,2,70.7
9305-CDSKC,0.858269,1,1,train,Month-to-month,Electronic check,Fiber optic,8,99.65
1452-KIOVK,0.421745,1,0,test,Month-to-month,Credit card (automatic),Fiber optic,22,89.1
6713-OKOMC,0.289493,1,0,test,Month-to-month,Mailed check,DSL,10,29.75
7892-POOKP,0.591934,1,1,train,Month-to-month,Electronic check,Fiber optic,28,104.8
6388-TABGU,0.015875,0,0,test,One year,Bank transfer (automatic),DSL,62,56.15
9763-GRSKD,0.162264,0,0,train,Month-to-month,Mailed check,DSL,13,49.95
7469-LKBCI,0.021116,0,0,train,Two year,Credit card (automatic),No,16,18.95
8091-TTVAX,0.228027,0,0,train,One year,Credit card (automatic),Fiber optic,58,100.35
0280-XJGEX,0.49765,1,1,train,Month-to-month,Bank transfer (automatic),Fiber optic,49,103.7
5129-JLPIS,0.451099,1,0,test,Month-to-month,Electronic check,Fiber optic,25,105.5
3655-SNQYZ,0.026219,0,0,train,Two year,Credit card (automatic),Fiber optic,69,113.25
8191-XWSZG,0.023245,0,0,train,One year,Mailed check,No,52,20.65
9959-WOFKT,0.033116,0,0,train,Two year,Bank transfer (automatic),Fiber optic,71,106.7
4190-MFLUW,0.171755,0,1,test,Month-to-month,Credit card (automatic),DSL,10,55.2
4183-MYFRB,0.533439,1,0,train,Month-to-month,Electronic check,Fiber optic,21,90.05
8779-QRDMV,0.745747,1,1,train,Month-to-month,Electronic check,DSL,1,39.65
1680-VDCWW,0.06575,0,0,train,One year,Bank transfer (automatic),No,12,19.8
1066-JKSGK,0.198361,0,1,train,Month-to-month,Mailed check,No,1,20.15
3638-WEABW,0.021967,0,0,train,Two year,Credit card (automatic),DSL,58,59.9
6322-HRPFA,0.041801,0,0,test,Month-to-month,Credit card (automatic),DSL,49,59.6
6865-JZNKO,0.105466,0,0,train,Month-to-month,Bank transfer (automatic),DSL,30,55.3
6467-CHFZW,0.382051,1,1,train,Month-to-month,Electronic check,Fiber optic,47,99.35
8665-UTDHZ,0.460091,1,1,train,Month-to-month,Electronic check,DSL,1,30.2
5248-YGIJN,0.017742,0,0,train,Two year,Credit card (automatic),DSL,72,90.25
8773-HHUOZ,0.266822,1,1,train,Month-to-month,Mailed check,DSL,17,64.7
3841-NFECX,0.025664,0,0,train,Two year,Credit card (automatic),Fiber optic,71,96.35
4929-XIHVW,0.77817,1,0,train,Month-to-month,Credit card (automatic),Fiber optic,2,95.5
6827-IEAUQ,0.022481,0,0,train,One year,Mailed check,DSL,27,66.15
7310-EGVHZ,0.17164,0,0,train,Month-to-month,Bank transfer (automatic),No,1,20.2
3413-BMNZE,0.384404,1,0,train,Month-to-month,Bank transfer (automatic),DSL,1,45.25
6234-RAAPL,0.022846,0,0,train,Two year,Bank transfer (automatic),Fiber optic,72,99.9
6047-YHPVI,0.695358,1,1,test,Month-to-month,Electronic check,Fiber optic,5,69.7
6572-ADKRS,0.227018,0,0,train,Month-to-month,Credit card (automatic),Fiber optic,46,74.8
5380-WJKOV,0.580521,1,1,test,Month-to-month,Electronic check,Fiber optic,34,106.35
8168-UQWWF,0.774055,1,1,train,Month-to-month,Bank transfer (automatic),Fiber optic,11,97.85
8865-TNMNX,0.128417,0,0,train,One year,Mailed check,DSL,10,49.55
9489-DEDVP,0.018006,0,0,train,Two year,Credit card (automatic),DSL,70,69.2
9867-JCZSP,0.025685,0,0,train,One year,Mailed check,No,17,20.75
4671-VJLCL,0.020948,0,0,train,Two year,Credit card (automatic),DSL,63,79.85
4080-IIARD,0.300583,1,0,train,Month-to-month,Electronic check,DSL,13,76.2
3714-NTNFO,0.552239,1,0,train,Month-to-month,Electronic check,Fiber optic,49,84.5
5948-UJZLF,0.305892,1,0,train,Month-to-month,Mailed check,DSL,2,49.25
7760-OYPDY,0.794103,1,1,train,Month-to-month,Electronic check,Fiber optic,2,80.65
7639-LIAYI,0.04283,0,0,train,Two year,Credit card (automatic),DSL,52,79.75
2954-PIBKO,0.010474,0,0,test,Two year,Credit card (automatic),DSL,69,64.15
8012-SOUDQ,0.434156,1,0,train,Month-to-month,Electronic check,Fiber optic,43,90.25
9420-LOJKX,0.427498,1,1,test,Month-to-month,Credit card (automatic),Fiber optic,15,99.1
6575-SUVOI,0.198036,0,0,train,Month-to-month,Credit card (automatic),DSL,25,69.5
7495-OOKFY,0.664719,1,1,test,Month-to-month,Credit card (automatic),Fiber optic,8,80.65
4667-QONEA,0.025922,0,0,train,One year,Credit card (automatic),DSL,60,74.85
1658-BYGOY,0.739219,1,1,train,Month-to-month,Electronic check,Fiber optic,18,95.45
8769-KKTPH,0.14426,0,0,train,One year,Credit card (automatic),Fiber optic,63,99.65
5067-XJQFU,0.219888,0,0,train,One year,Electronic check,Fiber optic,66,108.45
3957-SQXML,0.013234,0,0,train,Two year,Credit card (automatic),No,34,24.95
5954-BDFSG,0.06421,0,0,train,Two year,Credit card (automatic),Fiber optic,72,107.5
0434-CSFON,0.500873,1,0,train,Month-to-month,Electronic check,Fiber optic,47,100.5
1215-FIGMP,0.350598,1,0,train,Month-to-month,Bank transfer (automatic),Fiber optic,60,89.9
0526-SXDJP,0.010156,0,0,train,Two year,Bank transfer (automatic),DSL,72,42.1
0557-ASKVU,0.082243,0,0,train,One year,Credit card (automatic),DSL,18,54.4
5698-BQJOH,0.771551,1,1,test,Month-to-month,Electronic check,Fiber optic,9,94.4
5122-CYFXA,0.574586,1,0,train,Month-to-month,Electronic check,DSL,3,75.3
8627-ZYGSZ,0.211595,0,0,train,One year,Electronic check,Fiber optic,47,78.9
3410-YOQBQ,0.036194,0,0,train,Two year,Mailed check,DSL,31,79.2
3170-NMYVV,0.009171,0,0,train,Two year,Bank transfer (automatic),No,50,20.15
7410-OIEDU,0.526614,1,0,train,Month-to-month,Mailed check,Fiber optic,10,79.85
2273-QCKXA,0.285138,1,0,train,Month-to-month,Mailed check,DSL,1,49.05
0731-EBJQB,0.033797,0,0,train,One year,Electronic check,No,52,20.4
1891-QRQSA,0.072724,0,0,train,Two year,Bank transfer (automatic),Fiber optic,64,111.6
8028-PNXHQ,0.012511,0,0,test,Two year,Bank transfer (automatic),No,62,24.25
5630-AHZIL,0.262605,1,0,test,Month-to-month,Bank transfer (automatic),DSL,3,64.5
2673-CXQEU,0.205428,0,0,train,One year,Electronic check,Fiber optic,56,110.5
6416-JNVRK,0.04703,0,0,train,One year,Credit card (automatic),DSL,46,55.65
5590-ZSKRV,0.158461,0,0,train,Month-to-month,Mailed check,DSL,8,54.65
0191-ZHSKZ,0.295799,1,0,train,Month-to-month,Electronic check,DSL,30,74.75
3887-PBQAO,0.028524,0,0,train,One year,Credit card (automatic),No,45,25.9
5919-TMRGD,0.72643,1,1,train,Month-to-month,Electronic check,Fiber optic,1,79.35
8108-UXRQN,0.447853,1,0,train,Month-to-month,Electronic check,DSL,11,50.55
9191-MYQKX,0.569015,1,1,train,Month-to-month,Bank transfer (automatic),Fiber optic,7,75.15
9919-YLNNG,0.2466,1,0,train,Month-to-month,Bank transfer (automatic),Fiber optic,42,103.8
0318-ZOPWS,0.014262,0,0,train,Two year,Bank transfer (automatic),No,49,20.15
4445-ZJNMU,0.749508,1,0,test,Month-to-month,Credit card (automatic),Fiber optic,9,99.3
4808-YNLEU,0.081879,0,0,train,One year,Bank transfer (automatic),DSL,35,62.15
1862-QRWPE,0.005193,0,0,test,Two year,Bank transfer (automatic),No,48,20.65
2796-NNUFI,0.010802,0,0,train,Two year,Mailed check,No,46,19.95
3016-KSVCP,0.288739,1,0,train,Month-to-month,Mailed check,DSL,29,33.75
4767-HZZHQ,0.221834,0,0,train,Month-to-month,Bank transfer (automatic),Fiber optic,30,82.05
2424-WVHPL,0.600537,1,0,train,Month-to-month,Electronic check,Fiber optic,1,74.7
7233-PAHHL,0.024684,0,0,train,Two year,Mailed check,DSL,66,84.0
6067-NGCEU,0.270257,1,0,train,Month-to-month,Credit card (automatic),Fiber optic,65,111.05
9848-JQJTX,0.083829,0,0,train,Two year,Bank transfer (automatic),Fiber optic,72,100.9
8637-XJIVR,0.644262,1,1,train,Month-to-month,Electronic check,Fiber optic,12,78.95
9803-FTJCG,0.01733,0,0,train,One year,Credit card (automatic),DSL,71,66.85
0278-YXOOG,0.152045,0,1,train,Month-to-month,Mailed check,No,5,21.05
3212-KXOCR,0.011472,0,0,train,Two year,Bank transfer (automatic),No,52,21.0
4598-XLKNJ,0.61685,1,1,train,Month-to-month,Electronic check,Fiber optic,25,98.5
6380-ARCEH,0.19832,0,0,train,Month-to-month,Mailed check,No,1,20.2
3679-XASPY,0.209228,0,0,test,Month-to-month,Electronic check,No,1,19.45
7123-WQUHX,0.133357,0,0,train,One year,Bank transfer (automatic),Fiber optic,38,95.0
5386-THSLQ,0.062761,0,0,train,One year,Bank transfer (automatic),DSL,66,45.55
3192-NQECA,0.068776,0,1,train,Two year,Bank transfer (automatic),Fiber optic,68,110.0
6180-YBIQI,0.425839,1,0,train,Month-to-month,Mailed check,DSL,5,24.3
6728-DKUCO,0.128304,0,0,train,One year,Electronic check,Fiber optic,72,104.15
9750-BOOHV,0.064847,0,0,train,One year,Mailed check,DSL,32,30.15
8597-CWYHH,0.259918,1,0,train,One year,Mailed check,Fiber optic,43,94.35
2848-YXSMW,0.003349,0,0,train,Two year,Credit card (automatic),No,72,19.4
0486-HECZI,0.365418,1,1,test,Month-to-month,Electronic check,Fiber optic,55,96.75
4549-ZDQYY,0.026513,0,0,train,One year,Credit card (automatic),DSL,52,57.95
5712-AHQNN,0.352846,1,0,train,Month-to-month,Electronic check,Fiber optic,43,91.65
4846-WHAFZ,0.477758,1,1,test,Month-to-month,Electronic check,Fiber optic,37,76.5
5256-SKJGO,0.052937,0,0,train,Two year,Electronic check,DSL,64,54.6
3071-VBYPO,0.484992,1,0,train,Month-to-month,Electronic check,Fiber optic,3,89.85
9560-BBZXK,0.02036,0,0,train,Two year,Bank transfer (automatic),DSL,36,31.05
5299-RULOA,0.717616,1,1,train,Month-to-month,Electronic check,Fiber optic,10,100.25
8402-OOOHJ,0.009659,0,0,train,Two year,Mailed check,No,41,20.65
9445-ZUEQE,0.294833,1,0,train,Month-to-month,Credit card (automatic),Fiber optic,27,85.2
1091-SOZGA,0.251953,1,0,train,One year,Credit card (automatic),Fiber optic,56,99.8
2928-HLDBA,0.167458,0,0,train,Month-to-month,Mailed check,No,6,20.7
0404-SWRVG,0.785397,1,1,train,Month-to-month,Electronic check,Fiber optic,3,74.4
6497-TILVL,0.189947,0,0,test,Month-to-month,Mailed check,DSL,7,50.7
7219-TLZHO,0.161485,0,0,train,Month-to-month,Mailed check,No,4,20.85
4622-YNKIJ,0.09215,0,0,train,Two year,Electronic check,Fiber optic,33,88.95
4412-YLTKF,0.594596,1,1,test,Month-to-month,Electronic check,Fiber optic,27,78.05
6734-PSBAW,0.012093,0,0,train,Two year,Bank transfer (automatic),No,72,23.55
3930-ZGWVE,0.193152,0,0,test,Month-to-month,Mailed check,No,1,19.75
2639-UGMAZ,0.098514,0,0,train,One year,Electronic check,DSL,71,56.45
2876-GZYZC,0.695449,1,0,train,Month-to-month,Electronic check,Fiber optic,13,85.95
6207-WIOLX,0.278786,1,1,train,Month-to-month,Credit card (automatic),DSL,25,58.6
8587-XYZSF,0.010555,0,0,train,Two year,Bank transfer (automatic),DSL,67,50.55
3091-FYHKI,0.680937,1,1,train,Month-to-month,Electronic check,DSL,1,35.45
2372-HWUHI,0.416903,1,1,train,Month-to-month,Electronic check,DSL,2,44.35
7799-LGRDP,0.015197,0,0,train,Two year,Credit card (automatic),No,43,25.7
7850-VWJUU,0.259109,1,0,train,Month-to-month,Bank transfer (automatic),Fiber optic,23,75.0
3774-VBNXY,0.005293,0,0,train,Two year,Mailed check,No,64,20.2
6217-KDYWC,0.011802,0,0,train,Two year,Mailed check,No,57,19.6
0390-DCFDQ,0.701178,1,1,test,Month-to-month,Mailed check,Fiber optic,1,70.45
3146-MSEGF,0.018505,0,0,train,Two year,Credit card (automatic),DSL,72,88.05
4080-OGPJL,0.346327,1,1,train,Month-to-month,Electronic check,DSL,8,71.15
1095-WGNGG,0.114847,0,0,train,Two year,Bank transfer (automatic),Fiber optic,61,101.05
2636-SJDOU,0.085862,0,0,train,One year,Credit card (automatic),Fiber optic,64,84.3
1131-QQZEB,0.008835,0,0,train,Two year,Bank transfer (automatic),No,71,23.95
5716-EZXZN,0.034101,0,0,train,Two year,Credit card (automatic),Fiber optic,65,99.05
6837-BJYDQ,0.099379,0,0,train,One year,Mailed check,No,3,19.6
2135-RXIHG,0.503346,1,1,train,Month-to-month,Electronic check,DSL,1,45.65
6440-DKQGE,0.07219,0,0,train,One year,Credit card (automatic),DSL,30,64.5
3466-BYAVD,0.174019,0,0,train,Month-to-month,Mailed check,DSL,15,69.5
3780-YVMFA,0.467765,1,0,test,Month-to-month,Electronic check,DSL,8,68.55
3874-EQOEP,0.698269,1,1,train,Month-to-month,Mailed check,Fiber optic,7,95.0
1679-JRFBR,0.106921,0,0,train,One year,Credit card (automatic),Fiber optic,70,108.15
9073-ZZIAY,0.014794,0,0,test,Two year,Electronic check,DSL,62,86.1
3077-RSNTJ,0.138711,0,0,test,Month-to-month,Mailed check,No,6,19.7
6551-GNYDG,0.453211,1,0,train,Month-to-month,Bank transfer (automatic),Fiber optic,14,80.9
9167-APMXZ,0.506976,1,0,test,Month-to-month,Bank transfer (automatic),Fiber optic,22,84.15
2749-CTKAJ,0.029728,0,0,train,One year,Mailed check,No,22,20.15
6371-NZYEG,0.033951,0,0,train,Two year,Mailed check,DSL,16,64.25
7554-NEWDD,0.047121,0,0,train,Two year,Bank transfer (automatic),No,10,25.7
8992-VONJD,0.188882,0,0,train,Month-to-month,Electronic check,DSL,13,56.0
0867-MKZVY,0.36912,1,1,train,Month-to-month,Electronic check,Fiber optic,20,82.4
4482-EWFMI,0.695352,1,0,train,Month-to-month,Electronic check,Fiber optic,2,69.7
4648-YPBTM,0.041227,0,0,test,Two year,Bank transfer (automatic),DSL,53,73.9
2907-ILJBN,0.057925,0,0,test,One year,Mailed check,No,11,20.6
6345-FZOQH,0.00594,0,0,test,Two year,Mailed check,No,69,19.9
3376-BMGFE,0.613092,1,1,train,Month-to-month,Bank transfer (automatic),Fiber optic,4,70.9
5997-OPVFA,0.018589,0,0,train,Two year,Bank transfer (automatic),DSL,72,89.05
3445-HXXGF,0.293907,1,1,train,Month-to-month,Electronic check,DSL,58,45.3
1159-WFSGR,0.090304,0,0,train,Month-to-month,Electronic check,No,16,20.4
7654-YWJUF,0.071541,0,0,test,One year,Bank transfer (automatic),Fiber optic,43,84.25
1875-QIVME,0.874648,1,1,train,Month-to-month,Electronic check,Fiber optic,2,104.4
6727-IOTLZ,0.049386,0,0,train,Two year,Mailed check,DSL,14,81.95
0691-JVSYA,0.249765,1,1,train,One year,Bank transfer (automatic),Fiber optic,53,94.85
5918-VUKWP,0.02508,0,0,train,One year,Bank transfer (automatic),No,32,20.55
1744-JHKYS,0.099794,0,0,test,Month-to-month,Electronic check,No,34,24.7
2656-FMOKZ,0.541898,1,1,train,Month-to-month,Mailed check,Fiber optic,15,74.45
2070-FNEXE,0.426242,1,1,test,Month-to-month,Bank transfer (automatic),Fiber optic,7,76.45
5947-SGKCL,0.547949,1,0,train,Month-to-month,Bank transfer (automatic),Fiber optic,15,105.35
3712-PKXZA,0.01992,0,0,train,One year,Credit card (automatic),No,61,20.55
6317-YPKDH,0.407393,1,1,test,Month-to-month,Bank transfer (automatic),DSL,1,29.95
6582-OIVSP,0.352764,1,0,train,Month-to-month,Mailed check,DSL,1,45.3
9367-WXLCH,0.615563,1,1,train,Month-to-month,Bank transfer (automatic),Fiber optic,8,84.5
5524-KHNJP,0.058171,0,0,test,One year,Credit card (automatic),DSL,33,74.75
1918-ZBFQJ,0.467185,1,1,train,Month-to-month,Electronic check,Fiber optic,13,79.25
1024-GUALD,0.636677,1,1,test,Month-to-month,Electronic check,DSL,1,24.8
4827-USJHP,0.177492,0,0,train,Month-to-month,Mailed check,DSL,20,51.8
8167-GJLRN,0.454807,1,0,train,Month-to-month,Electronic check,DSL,3,30.4
0956-SYCWG,0.058968,0,0,train,One year,Electronic check,No,13,19.65
8017-UVSZU,0.10451,0,0,train,Month-to-month,Credit card (automatic),DSL,40,56.6
7100-FQPRV,0.043828,0,0,train,One year,Credit card (automatic),DSL,43,71.9
2472-OVKUP,0.693983,1,1,train,Month-to-month,Electronic check,Fiber optic,6,91.0
2984-RGEYA,0.004334,0,0,test,Two year,Bank transfer (automatic),No,69,19.75
9680-NIAUV,0.032369,0,0,train,Two year,Credit card (automatic),Fiber optic,72,109.7
2146-EGVDT,0.007378,0,0,train,Two year,Credit card (automatic),No,59,19.3
2604-IJPDU,0.323802,1,0,test,Month-to-month,Electronic check,Fiber optic,20,96.55
9178-JHUVJ,0.023544,0,0,train,Two year,Bank transfer (automatic),No,24,24.1
6168-YBYNP,0.418091,1,0,train,Month-to-month,Electronic check,Fiber optic,59,111.35
7255-SSFBC,0.050076,0,0,train,Two year,Bank transfer (automatic),Fiber optic,72,112.25
3645-DEYGF,0.144382,0,0,train,Month-to-month,Mailed check,No,1,20.75
9323-HGFWY,0.214695,0,0,train,One year,Credit card (automatic),Fiber optic,27,101.9
8544-GOQSH,0.284388,1,0,train,Month-to-month,Credit card (automatic),Fiber optic,14,80.05
3363-DTIVD,0.052582,0,0,train,Two year,Electronic check,Fiber optic,71,105.55
7018-WBJNK,0.464375,1,0,test,Month-to-month,Credit card (automatic),Fiber optic,13,78.3
9142-KZXOP,0.153768,0,0,train,Month-to-month,Credit card (automatic),Fiber optic,44,68.85
7674-YTAFD,0.100535,0,0,train,One year,Bank transfer (automatic),Fiber optic,33,79.95
6348-SNFUS,0.01165,0,0,train,Two year,Credit card (automatic),DSL,72,55.45
1285-OKIPP,0.738209,1,1,train,Month-to-month,Electronic check,Fiber optic,1,79.9
7825-ECJRF,0.394857,1,1,train,Month-to-month,Electronic check,Fiber optic,19,106.6
1347-KTTTA,0.121311,0,0,train,One year,Credit card (automatic),Fiber optic,64,102.45
7841-TZDMQ,0.363724,1,1,train,Month-to-month,Credit card (automatic),DSL,2,46.0
4195-NZGTA,0.548002,1,0,train,Month-to-month,Electronic check,DSL,1,25.25
7157-SMCFK,0.006524,0,0,test,Two year,Mailed check,No,61,19.75
4709-LKHYG,0.035676,0,0,test,One year,Electronic check,No,29,20.0
2504-DSHIH,0.5647,1,0,train,Month-to-month,Electronic check,Fiber optic,23,86.8
0699-NDKJM,0.211983,0,0,train,Month-to-month,Bank transfer (automatic),DSL,57,58.75
9286-BHDQG,0.006217,0,0,test,Two year,Credit card (automatic),DSL,72,45.25
0230-WEQUW,0.014186,0,0,train,Two year,Bank transfer (automatic),DSL,66,56.6
2040-LDIWQ,0.031262,0,0,train,Two year,Bank transfer (automatic),DSL,65,84.2
6496-JDSSB,0.656107,1,0,train,Month-to-month,Bank transfer (automatic),Fiber optic,8,80.0
9408-SSNVZ,0.717957,1,1,train,Month-to-month,Electronic check,Fiber optic,4,70.15
4443-EMBNA,0.006523,0,0,train,Two year,Bank transfer (automatic),No,71,24.75
6469-MRVET,0.162404,0,0,train,One year,Electronic check,No,1,20.2
0742-MOABM,0.265852,1,1,test,Month-to-month,Mailed check,DSL,4,50.05
5961-VUSRV,0.091823,0,0,train,One year,Bank transfer (automatic),No,12,19.35
6778-JFCMK,0.175928,0,0,train,One year,Mailed check,DSL,24,50.6
6341-JVQGF,0.064329,0,0,train,One year,Mailed check,DSL,31,81.15
2232-DMLXU,0.452189,1,1,train,Month-to-month,Mailed check,DSL,1,55.2
4811-JBUVU,0.417644,1,0,train,Month-to-month,Credit card (automatic),Fiber optic,30,89.9
0945-TSONX,0.024358,0,0,train,Two year,Credit card (automatic),DSL,47,85.3
2651-ZCBXV,0.088437,0,0,train,Two year,Credit card (automatic),Fiber optic,54,108.0
3316-UWXUY,0.209506,0,0,train,Month-to-month,Credit card (automatic),Fiber optic,50,93.5
8937-RDTHP,0.626219,1,1,train,Month-to-month,Mailed check,Fiber optic,1,84.6
7083-MIOPC,0.004694,0,0,train,Two year,Credit card (automatic),No,72,20.25
1984-GPTEH,0.121337,0,0,train,Month-to-month,Electronic check,No,29,25.15
1251-KRREG,0.497267,1,1,train,Month-to-month,Mailed check,DSL,2,54.4
0621-JFHOL,0.127088,0,0,train,Two year,Mailed check,DSL,10,29.6
9903-LYSAB,0.584931,1,0,train,Month-to-month,Electronic check,Fiber optic,18,73.15
0094-OIFMO,0.795062,1,1,train,Month-to-month,Electronic check,Fiber optic,11,95.0
9227-UAQFT,0.020611,0,0,train,Two year,Mailed check,No,16,19.75
7301-ABVAD,0.015934,0,0,train,Two year,Bank transfer (automatic),DSL,72,86.6
6614-FHDBO,0.035803,0,0,train,Two year,Bank transfer (automatic),Fiber optic,72,109.2
7576-ASEJU,0.043163,0,0,train,One year,Credit card (automatic),DSL,41,74.7
9058-HRZSV,0.183326,0,0,train,Month-to-month,Electronic check,Fiber optic,65,94.4
4522-AKYLR,0.303284,1,0,train,Month-to-month,Electronic check,DSL,13,54.8
0221-WMXNQ,0.579891,1,0,train,Month-to-month,Electronic check,Fiber optic,4,75.35
0303-UNCIP,0.106581,0,0,train,One year,Mailed check,DSL,41,65.0
9947-OTFQU,0.48782,1,1,train,Month-to-month,Electronic check,Fiber optic,15,74.4
0322-YINQP,0.35128,1,1,train,Month-to-month,Mailed check,DSL,1,48.55
0959-WHOKV,0.208032,0,0,test,One year,Electronic check,Fiber optic,42,99.0
4075-JFPGR,0.197454,0,0,test,One year,Electronic check,Fiber optic,51,93.5
4629-NRXKX,0.596161,1,1,train,Month-to-month,Electronic check,Fiber optic,2,70.4
9514-JDSKI,0.617542,1,1,train,Month-to-month,Electronic check,DSL,1,40.2
3282-ZISZV,0.072909,0,0,train,One year,Credit card (automatic),DSL,32,83.7
3675-YDUPJ,0.190023,0,0,train,Month-to-month,Mailed check,No,10,19.85
4111-BNXIF,0.049625,0,0,train,Two year,Electronic check,DSL,67,59.55
7017-VFHAY,0.038191,0,0,train,Two year,Credit card (automatic),Fiber optic,61,115.1
6655-LHBYW,0.13097,0,0,train,One year,Credit card (automatic),Fiber optic,50,114.35
4959-JOSRX,0.388985,1,1,train,Month-to-month,Credit card (automatic),DSL,2,44.6
5046-NUHWD,0.375532,1,0,train,Month-to-month,Electronic check,DSL,29,45.0
7273-TEFQD,0.709845,1,1,test,Month-to-month,Electronic check,DSL,3,41.15
3606-TWKGI,0.75109,1,1,train,Month-to-month,Electronic check,Fiber optic,13,106.9
7529-ZDFXI,0.483821,1,0,test,Month-to-month,Electronic check,Fiber optic,57,89.85
7605-BDWDC,0.04028,0,0,train,Two year,Bank transfer (automatic),DSL,31,49.85
1950-KSVVJ,0.080463,0,0,train,One year,Mailed check,Fiber optic,45,113.3
0123-CRBRT,0.017297,0,0,test,Two year,Mailed check,DSL,61,88.1
6292-TOSSS,0.016429,0,0,test,Two year,Bank transfer (automatic),No,50,24.9
3197-ARFOY,0.367698,1,0,test,Month-to-month,Mailed check,Fiber optic,19,105.0
6323-AYBRX,0.009041,0,1,train,Two year,Mailed check,No,59,19.35
7014-ZZXAW,0.010722,0,0,train,Two year,Credit card (automatic),No,71,24.25
4385-GZQXV,0.609847,1,1,train,Month-to-month,Electronic check,Fiber optic,16,94.45
7633-MVPUY,0.019375,0,0,train,Two year,Electronic check,DSL,57,59.75
6366-ZGQGL,0.452755,1,1,train,Month-to-month,Bank transfer (automatic),DSL,1,24.8
4716-HHKQH,0.563217,1,0,train,Month-to-month,Electronic check,Fiber optic,20,107.05
5940-AHUHD,0.576917,1,1,train,Month-to-month,Mailed check,Fiber optic,1,70.6
6432-TWQLB,0.650434,1,1,train,Month-to-month,Electronic check,Fiber optic,5,85.4
4484-GLZOU,0.512509,1,1,train,Month-to-month,Electronic check,Fiber optic,52,105.05
3179-GBRWV,0.175507,0,0,test,Month-to-month,Bank transfer (automatic),DSL,21,64.95
8645-KWHJO,0.467143,1,0,train,Month-to-month,Electronic check,DSL,14,55.0
4130-MZLCC,0.271214,1,0,train,Month-to-month,Bank transfer (automatic),DSL,5,50.55
0314-TKOSI,0.200434,0,0,train,Month-to-month,Mailed check,DSL,6,55.15
8229-MYEJZ,0.306255,1,0,train,Month-to-month,Electronic check,DSL,10,51.2
2080-SRCDE,0.230873,0,0,train,Month-to-month,Mailed check,No,1,25.4
9577-WJVCQ,0.06316,0,0,train,Month-to-month,Mailed check,DSL,68,54.45
9512-UIBFX,0.419808,1,1,test,Month-to-month,Mailed check,Fiber optic,18,95.15
6202-DYYFX,0.271806,1,0,train,One year,Credit card (automatic),Fiber optic,22,76.0
3808-HFKDE,0.246162,1,0,train,Month-to-month,Electronic check,DSL,20,44.35
5583-SXDAG,0.659533,1,1,train,Month-to-month,Electronic check,Fiber optic,1,70.0
3488-PGMQJ,0.667645,1,1,train,Month-to-month,Electronic check,Fiber optic,8,74.5
3580-REOAC,0.29764,1,1,train,Month-to-month,Credit card (automatic),DSL,10,44.85
7534-BFESC,0.539179,1,1,test,Month-to-month,Electronic check,Fiber optic,24,76.1
3727-OWVYD,0.03638,0,0,train,One year,Mailed check,DSL,35,61.2
2294-SALNE,0.090753,0,0,train,One year,Mailed check,Fiber optic,23,86.8
4847-TAJYI,0.798896,1,0,train,Month-to-month,Electronic check,Fiber optic,6,89.35
1563-IWQEX,0.127476,0,0,train,Month-to-month,Mailed check,No,12,19.7
8203-XJZRC,0.198279,0,0,train,Month-to-month,Mailed check,No,1,20.25
6556-DBKZF,0.033245,0,0,train,Two year,Electronic check,Fiber optic,71,76.05
6851-WEFYX,0.648442,1,0,train,Month-to-month,Electronic check,Fiber optic,35,100.8
2985-JUUBZ,0.300458,1,0,train,Month-to-month,Electronic check,DSL,40,74.55
6390-DSAZX,0.526007,1,1,train,Month-to-month,Mailed check,Fiber optic,1,73.6
0895-LMRSF,0.151426,0,0,test,One year,Bank transfer (automatic),DSL,23,64.9
8098-LLAZX,0.861861,1,1,train,Month-to-month,Electronic check,Fiber optic,4,95.45
8266-VBFQL,0.699508,1,0,test,Month-to-month,Electronic check,Fiber optic,4,90.4
8181-YHCMF,0.018503,0,0,test,Two year,Credit card (automatic),DSL,68,60.3
2240-HSJQD,0.249233,1,0,train,Month-to-month,Mailed check,Fiber optic,38,81.85
1248-DYXUB,0.015608,0,0,train,Two year,Mailed check,No,52,24.8
0265-EDXBD,0.531917,1,1,train,Month-to-month,Electronic check,Fiber optic,32,74.9
4115-BNPJY,0.037302,0,0,train,Two year,Mailed check,DSL,29,75.55
3167-SNQPL,0.484777,1,0,train,Month-to-month,Electronic check,Fiber optic,38,101.15
4091-TVOCN,0.085562,0,0,train,One year,Credit card (automatic),DSL,48,78.75
1098-TDVUQ,0.233054,0,0,train,Month-to-month,Bank transfer (automatic),No,1,19.25
7277-OZCGZ,0.340353,1,0,test,Month-to-month,Electronic check,Fiber optic,22,89.05
1557-EMYVT,0.052103,0,0,train,Two year,Credit card (automatic),Fiber optic,43,115.05
2799-ARNLO,0.743731,1,0,train,Month-to-month,Electronic check,Fiber optic,5,69.35
7563-BIUPC,0.734625,1,1,train,Month-to-month,Electronic check,Fiber optic,5,80.6
5027-YOCXN,0.11123,0,0,test,One year,Credit card (automatic),Fiber optic,51,110.05
3973-SKMLN,0.008496,0,0,train,Two year,Credit card (automatic),No,71,19.9
2321-OMBXY,0.028728,0,1,train,One year,Credit card (automatic),DSL,38,80.3
2840-XANRC,0.619723,1,1,train,Month-to-month,Electronic check,Fiber optic,24,93.15
6745-JEFZB,0.354417,1,0,train,Month-to-month,Credit card (automatic),Fiber optic,35,91.5
5020-ZSTTY,0.059287,0,1,train,One year,Bank transfer (automatic),DSL,54,82.45
9880-TDQAC,0.039835,0,0,train,Two year,Electronic check,DSL,72,60.0
8705-WZCYL,0.492441,1,0,train,Month-to-month,Electronic check,DSL,1,44.8
7102-JJVTX,0.092235,0,0,train,One year,Mailed check,DSL,9,48.6
8626-PTQGE,0.021462,0,0,test,Two year,Bank transfer (automatic),DSL,69,60.05
4983-CLMLV,0.400383,1,0,test,Month-to-month,Credit card (automatic),Fiber optic,52,102.7
5701-YVSVF,0.658164,1,0,train,Month-to-month,Electronic check,Fiber optic,11,82.9
5804-LEPIM,0.743158,1,1,train,Month-to-month,Electronic check,Fiber optic,2,70.35
5697-GOMBF,0.401419,1,0,train,Month-to-month,Electronic check,DSL,28,35.9
2739-CACDQ,0.525756,1,0,train,Month-to-month,Credit card (automatic),Fiber optic,17,82.65
9385-EHGDO,0.014492,0,0,train,Two year,Mailed check,No,35,19.85
9498-FIMXL,0.121618,0,0,train,One year,Mailed check,No,8,19.2
2379-GYFLQ,0.193135,0,0,train,One year,Credit card (automatic),Fiber optic,46,94.9
0122-OAHPZ,0.746086,1,1,train,Month-to-month,Electronic check,Fiber optic,7,73.85
2868-SNELZ,0.681933,1,1,train,Month-to-month,Mailed check,Fiber optic,2,80.6
4322-RCYMT,0.035453,0,1,train,One year,Bank transfer (automatic),DSL,68,75.8
6680-NENYN,0.194032,0,1,train,Two year,Electronic check,Fiber optic,43,104.6
2088-IEBAU,0.030016,0,0,test,Two year,Electronic check,DSL,68,88.15
7982-VCELR,0.355294,1,0,train,Month-to-month,Credit card (automatic),Fiber optic,36,94.8
1343-EHPYB,0.46996,1,1,train,Month-to-month,Electronic check,Fiber optic,63,103.4
6035-BXTTY,0.102732,0,0,train,Month-to-month,Bank transfer (automatic),DSL,32,54.65
6885-PKOAM,0.012506,0,0,train,Two year,Credit card (automatic),DSL,71,85.75
7520-HQWJU,0.056239,0,0,test,Month-to-month,Bank transfer (automatic),DSL,66,67.45
9639-BUJXT,0.016198,0,0,train,One year,Mailed check,No,63,20.5
5924-SNGKP,0.02069,0,0,test,One year,Credit card (automatic),No,41,20.25
0021-IKXGC,0.82476,1,0,train,Month-to-month,Electronic check,Fiber optic,1,72.1
2034-GDRCN,0.815899,1,1,test,Month-to-month,Electronic check,Fiber optic,2,90.4
8966-SNIZF,0.00522,0,0,train,Two year,Bank transfer (automatic),No,70,19.45
6243-OZGFH,0.465151,1,0,train,Month-to-month,Electronic check,DSL,23,44.95
4654-DLAMQ,0.074815,0,0,train,One year,Bank transfer (automatic),Fiber optic,64,97.0
0513-RBGPE,0.021165,0,0,test,Two year,Credit card (automatic),DSL,37,62.8
5160-UXJED,0.070653,0,0,train,One year,Mailed check,DSL,17,44.6
4115-NZRKS,0.811967,1,0,test,Month-to-month,Electronic check,Fiber optic,7,89.15
0219-YTZUE,0.63144,1,1,train,Month-to-month,Bank transfer (automatic),Fiber optic,4,84.8
0623-IIHUG,0.289255,1,1,train,Month-to-month,Electronic check,DSL,21,41.9
4572-DVCGN,0.669584,1,1,train,Month-to-month,Bank transfer (automatic),Fiber optic,10,80.25
3351-NGXYI,0.287066,1,0,train,Month-to-month,Electronic check,DSL,16,54.1
8984-EYLLL,0.10292,0,0,train,Two year,Electronic check,Fiber optic,64,105.25
9057-MSWCO,0.139975,0,1,train,Month-to-month,Credit card (automatic),DSL,27,30.75
9833-TGFHX,0.219734,0,0,train,One year,Electronic check,Fiber optic,42,97.1
9294-TDIPC,0.129991,0,0,train,Month-to-month,Mailed check,No,5,20.2
5229-DTFYB,0.082024,0,0,train,Two year,Bank transfer (automatic),Fiber optic,41,98.8
0104-PPXDV,0.043871,0,0,train,One year,Credit card (automatic),DSL,58,50.3
5176-LMJXE,0.010072,0,0,train,Two year,Mailed check,No,47,20.55
3583-KRKMD,0.327507,1,0,train,Month-to-month,Bank transfer (automatic),Fiber optic,18,75.9
1010-DIAUQ,0.63538,1,1,train,Month-to-month,Bank transfer (automatic),Fiber optic,5,96.5
9069-LGEUL,0.155799,0,0,train,Month-to-month,Bank transfer (automatic),DSL,23,59.95
7302-ZHMHP,0.199513,0,0,train,Month-to-month,Mailed check,No,1,19.15
9571-EDEBV,0.181356,0,0,train,One year,Credit card (automatic),Fiber optic,71,98.65
3520-FJGCV,0.040936,0,0,train,Two year,Credit card (automatic),Fiber optic,72,112.6
6563-VRERX,0.023841,0,0,train,One year,Mailed check,No,33,20.6
0259-GBZSH,0.826081,1,1,train,Month-to-month,Electronic check,Fiber optic,2,85.65
6122-EFVKN,0.017521,0,0,train,Two year,Mailed check,DSL,24,35.75
2805-EDJPQ,0.15661,0,0,train,One year,Credit card (automatic),Fiber optic,56,99.75
6862-CQUMB,0.367441,1,0,train,Month-to-month,Credit card (automatic),Fiber optic,37,96.1
7156-MXBJE,0.066702,0,0,train,One year,Credit card (automatic),DSL,43,85.1
6158-HDPXZ,0.46547,1,0,test,Month-to-month,Mailed check,DSL,1,25.35
9601-BRXPO,0.504841,1,1,train,Month-to-month,Bank transfer (automatic),Fiber optic,25,104.95
2863-IMQDR,0.023736,0,0,train,Two year,Electronic check,DSL,61,89.65
5686-CMAWK,0.222819,0,0,train,One year,Electronic check,Fiber optic,17,86.75
5651-CRHKQ,0.104711,0,0,train,One year,Bank transfer (automatic),Fiber optic,41,86.2
6905-NIQIN,0.311643,1,1,train,Month-to-month,Mailed check,DSL,1,50.65
8204-YJCLA,0.014969,0,0,train,Two year,Bank transfer (automatic),DSL,72,64.8
5167-ZFFMM,0.748788,1,1,test,Month-to-month,Credit card (automatic),Fiber optic,1,90.85
6583-SZVGP,0.104279,0,0,test,Two year,Bank transfer (automatic),Fiber optic,48,108.1
4895-TMWIR,0.161271,0,1,train,Month-to-month,Mailed check,No,11,19.95
0533-BNWKF,0.433534,1,1,train,Month-to-month,Electronic check,Fiber optic,55,85.45
1708-PBBOA,0.085113,0,0,train,One year,Electronic check,DSL,42,54.75
8782-LKFPK,0.409462,1,0,train,Month-to-month,Mailed check,Fiber optic,44,90.4
5522-JBWMO,0.354422,1,0,train,Month-to-month,Electronic check,DSL,1,44.0
3597-MVHJT,0.595186,1,0,train,Month-to-month,Bank transfer (automatic),Fiber optic,27,95.6
9774-NRNAU,0.298931,1,0,train,Month-to-month,Bank transfer (automatic),DSL,27,84.8
0224-RLWWD,0.516432,1,0,train,Month-to-month,Electronic check,DSL,2,44.3
9967-ATRFS,0.069502,0,0,train,Month-to-month,Mailed check,No,19,19.9
3951-NJCVI,0.591609,1,0,train,Month-to-month,Electronic check,Fiber optic,42,95.05
2977-CEBSX,0.02409,0,0,train,Two year,Credit card (automatic),DSL,66,90.05
0177-PXBAT,0.460844,1,0,train,Month-to-month,Bank transfer (automatic),Fiber optic,33,109.9
6599-CEBNN,0.274378,1,1,train,Month-to-month,Credit card (automatic),Fiber optic,34,73.95
2519-ERQOJ,0.428925,1,0,train,Month-to-month,Electronic check,DSL,33,54.6
5876-QMYLD,0.026303,0,0,train,One year,Mailed check,No,23,20.05
2277-AXSDC,0.028109,0,0,train,One year,Bank transfer (automatic),No,32,19.75
9442-JTWDL,0.071661,0,0,train,One year,Credit card (automatic),No,11,20.05
0979-PHULV,0.302965,1,1,test,Month-to-month,Credit card (automatic),Fiber optic,69,99.45
3067-SVMTC,0.011464,0,0,train,One year,Bank transfer (automatic),DSL,68,55.9
5495-GPSRW,0.024162,0,0,test,Two year,Mailed check,No,20,19.7
7606-BPHHN,0.006726,0,0,test,Two year,Credit card (automatic),No,72,19.8
4742-DRORA,0.142552,0,0,train,One year,Bank transfer (automatic),Fiber optic,60,95.4
0111-KLBQG,0.431703,1,0,train,Month-to-month,Mailed check,Fiber optic,32,93.95
4800-VHZKI,0.227466,0,1,train,Month-to-month,Mailed check,No,1,19.9
7989-CHGTL,0.251687,1,1,train,Month-to-month,Mailed check,No,1,19.6
0334-GDDSO,0.788204,1,1,train,Month-to-month,Electronic check,Fiber optic,3,81.35
4163-NCJAK,0.035755,0,0,train,One year,Bank transfer (automatic),No,46,24.45
5233-AOZUF,0.52334,1,0,train,Month-to-month,Electronic check,Fiber optic,29,74.95
5973-EJGDP,0.35904,1,0,train,Month-to-month,Electronic check,Fiber optic,51,87.35
1996-DBMUS,0.230493,0,0,train,Month-to-month,Bank transfer (automatic),Fiber optic,48,70.65
7916-VCCPB,0.278326,1,0,train,Month-to-month,Bank transfer (automatic),Fiber optic,16,73.25
4686-GEFRM,0.046615,0,0,train,Two year,Bank transfer (automatic),Fiber optic,70,98.7
5249-QYHEX,0.013187,0,0,train,Two year,Mailed check,No,40,24.8
0578-SKVMF,0.305356,1,1,train,Month-to-month,Electronic check,Fiber optic,22,83.3
5564-NEMQO,0.699069,1,1,train,Month-to-month,Bank transfer (automatic),Fiber optic,1,75.3
2233-FAGXV,0.250908,1,0,train,Month-to-month,Mailed check,No,5,24.3
5605-IYGFG,0.584387,1,0,train,Month-to-month,Bank transfer (automatic),Fiber optic,7,69.85
7663-ZTEGJ,0.172435,0,0,train,One year,Credit card (automatic),Fiber optic,29,100.55
3935-TBRZZ,0.019259,0,0,train,One year,Mailed check,No,44,25.7
8111-BKVDS,0.254621,1,0,train,Month-to-month,Bank transfer (automatic),DSL,10,40.7
2055-SIFSS,0.135516,0,0,train,Month-to-month,Bank transfer (automatic),DSL,55,51.65
2806-MLNTI,0.353585,1,0,train,One year,Bank transfer (automatic),Fiber optic,52,105.1
8734-DKSTZ,0.71466,1,0,train,Month-to-month,Electronic check,Fiber optic,10,85.95
4360-PNRQB,0.473445,1,0,test,Month-to-month,Bank transfer (automatic),Fiber optic,18,75.6
6152-ONASV,0.019192,0,0,train,One year,Bank transfer (automatic),DSL,68,58.25
9063-ZGTUY,0.0362,0,1,train,Month-to-month,Mailed check,No,61,19.4
7781-HVGMK,0.012909,0,0,train,Two year,Credit card (automatic),DSL,72,65.2
2181-UAESM,0.347794,1,0,train,Month-to-month,Electronic check,DSL,2,53.45
2957-LOLHO,0.333468,1,1,train,Month-to-month,Bank transfer (automatic),DSL,12,45.4
6048-NJXHX,0.017757,0,0,train,Two year,Electronic check,No,41,19.75
2320-SLKMB,0.235249,0,0,train,Month-to-month,Credit card (automatic),DSL,26,44.45
4980-URKXC,0.02382,0,0,train,One year,Bank transfer (automatic),No,36,20.85
4376-KFVRS,0.036487,0,0,test,Two year,Credit card (automatic),Fiber optic,72,114.05
5886-VLQVU,0.334918,1,0,train,Month-to-month,Bank transfer (automatic),Fiber optic,35,89.85
3577-AMVUX,0.291156,1,0,train,Month-to-month,Mailed check,DSL,1,55.05
0771-WLCLA,0.463924,1,0,train,Month-to-month,Electronic check,Fiber optic,16,112.95
5628-RKIFK,0.363201,1,0,train,Month-to-month,Credit card (automatic),Fiber optic,49,101.55
0206-TBWLC,0.16894,0,0,train,One year,Mailed check,Fiber optic,54,114.65
2937-FTHUR,0.240827,1,0,train,Month-to-month,Electronic check,DSL,18,64.8
1910-FMXJM,0.400238,1,0,train,Month-to-month,Electronic check,Fiber optic,36,80.4
7752-XUSCI,0.491372,1,1,train,Month-to-month,Electronic check,Fiber optic,60,105.9
4110-PFEUZ,0.570144,1,1,train,Month-to-month,Mailed check,Fiber optic,1,69.55
0732-OCQOC,0.017968,0,0,test,Two year,Bank transfer (automatic),No,52,25.05
5168-MSWXT,0.751385,1,0,train,Month-to-month,Electronic check,Fiber optic,8,94.75
1090-ESELR,0.016875,0,0,test,Two year,Bank transfer (automatic),Fiber optic,72,105.5
8592-PLTMQ,0.021377,0,0,train,One year,Mailed check,No,64,24.7
5760-WRAHC,0.170264,0,0,train,Month-to-month,Mailed check,DSL,22,69.75
8847-GEOOQ,0.177403,0,0,train,Month-to-month,Bank transfer (automatic),DSL,60,60.2
0256-LTHVJ,0.462403,1,1,test,Month-to-month,Electronic check,Fiber optic,28,81.05
4785-FCIFB,0.011711,0,0,test,Two year,Mailed check,No,61,24.4
8313-NDOIA,0.588661,1,0,train,Month-to-month,Electronic check,Fiber optic,24,104.15
5149-CUZUJ,0.115821,0,0,train,One year,Bank transfer (automatic),Fiber optic,28,92.9
0942-KOWSM,0.030021,0,0,train,Two year,Bank transfer (automatic),DSL,30,80.8
4237-CLSMM,0.192882,0,0,test,Month-to-month,Mailed check,No,2,20.0
1452-VOQCH,0.780674,1,0,train,Month-to-month,Electronic check,Fiber optic,1,75.1
4719-UMSIY,0.153007,0,0,train,Month-to-month,Mailed check,No,6,19.65
6614-VBEGU,0.221039,0,0,train,Month-to-month,Bank transfer (automatic),DSL,24,69.45
0880-TKATG,0.785521,1,1,train,Month-to-month,Electronic check,Fiber optic,4,101.15
3811-VBYBZ,0.828278,1,1,train,Month-to-month,Electronic check,Fiber optic,7,99.8
1480-BKXGA,0.062926,0,0,train,Two year,Bank transfer (automatic),Fiber optic,72,116.05
2996-XAUVF,0.030467,0,0,train,Two year,Mailed check,DSL,70,40.05
9076-AXYIK,0.124811,0,0,train,Two year,Electronic check,Fiber optic,64,102.1
5968-XQIVE,0.136168,0,0,train,One year,Electronic check,Fiber optic,72,89.7
8896-RAZCR,0.008336,0,0,train,Two year,Mailed check,No,44,19.9
4640-UHDOS,0.248097,1,1,test,Month-to-month,Electronic check,DSL,13,55.95
4933-IKULF,0.043088,0,0,train,One year,Mailed check,No,17,20.65
3583-EKAPL,0.580992,1,1,train,Month-to-month,Electronic check,DSL,1,55.0
1304-BCCFO,0.496753,1,0,train,Month-to-month,Mailed check,DSL,9,70.05
4104-PVRPS,0.068859,0,0,train,Month-to-month,Mailed check,DSL,24,53.6
9399-APLBT,0.635702,1,1,train,Month-to-month,Electronic check,Fiber optic,1,74.7
2359-KMGLI,0.483977,1,1,train,Month-to-month,Electronic check,Fiber optic,24,80.25
3780-DDGSE,0.205091,0,0,test,Month-to-month,Electronic check,DSL,35,76.05
4431-EDMIQ,0.242277,1,0,train,Month-to-month,Electronic check,DSL,7,75.7
0306-JAELE,0.721241,1,1,train,Month-to-month,Electronic check,Fiber optic,5,96.1
6227-HWPWX,0.283515,1,1,test,Month-to-month,Bank transfer (automatic),Fiber optic,15,69.0
0486-LGCCH,0.032257,0,0,train,Two year,Mailed check,No,11,19.65
0447-BEMNG,0.128044,0,1,test,Month-to-month,Bank transfer (automatic),DSL,48,45.3
4612-SSVHJ,0.594318,1,0,train,Month-to-month,Electronic check,Fiber optic,20,81.45
5168-MQQCA,0.111291,0,0,train,One year,Bank transfer (automatic),Fiber optic,72,108.5
5949-XIKAE,0.694933,1,1,train,Month-to-month,Electronic check,Fiber optic,8,83.55
7971-HLVXI,0.059467,0,0,test,Two year,Credit card (automatic),Fiber optic,72,84.5
9094-AZPHK,0.694604,1,0,train,Month-to-month,Electronic check,Fiber optic,15,100.15
3649-JPUGY,0.023178,0,0,test,Two year,Bank transfer (automatic),DSL,72,88.6
4472-LVYGI,0.116716,0,0,train,Two year,Bank transfer (automatic),DSL,0,52.55
8372-JUXUI,0.745864,1,1,train,Month-to-month,Electronic check,Fiber optic,1,74.35
3552-CTCYF,0.100845,0,0,train,Two year,Bank transfer (automatic),Fiber optic,63,104.8
6778-YSNIH,0.559193,1,0,train,Month-to-month,Electronic check,DSL,2,59.0
0388-EOPEX,0.643103,1,1,test,Month-to-month,Electronic check,Fiber optic,2,74.4
5756-OZRIO,0.073943,0,0,train,One year,Bank transfer (automatic),DSL,61,64.05
6579-JPICP,0.190371,0,0,train,Month-to-month,Mailed check,No,1,20.4
8205-OTCHB,0.152924,0,1,train,One year,Bank transfer (automatic),DSL,22,43.75
4134-BSXLX,0.057842,0,0,train,Month-to-month,Mailed check,DSL,28,60.9
0505-SPOOW,0.004568,0,0,train,Two year,Bank transfer (automatic),No,70,19.8
6235-VDHOM,0.504445,1,1,train,Month-to-month,Electronic check,DSL,5,28.45
7783-YKGDV,0.628978,1,1,train,Month-to-month,Bank transfer (automatic),Fiber optic,12,99.7
4374-YMUSQ,0.144682,0,0,train,One year,Credit card (automatic),Fiber optic,34,116.25
4513-CXYIX,0.049069,0,0,train,Two year,Credit card (automatic),Fiber optic,71,80.7
3957-HHLMR,0.029193,0,0,train,One year,Bank transfer (automatic),DSL,70,65.2
7803-XOCCZ,0.143318,0,0,test,Month-to-month,Bank transfer (automatic),Fiber optic,52,84.05
5736-YEJAX,0.01446,0,0,train,Two year,Credit card (automatic),DSL,69,79.45
5609-CEBID,0.558534,1,1,train,Month-to-month,Electronic check,Fiber optic,20,94.1
8981-FJGLA,0.619647,1,0,train,Month-to-month,Mailed check,Fiber optic,11,78.0
7218-HKQFK,0.77536,1,1,test,Month-to-month,Electronic check,Fiber optic,2,94.2
4636-QRJKY,0.674223,1,1,train,Month-to-month,Electronic check,Fiber optic,6,80.5
1135-LMECX,0.194891,0,0,train,Month-to-month,Mailed check,No,1,19.85
4332-MUOEZ,0.113228,0,0,test,One year,Credit card (automatic),Fiber optic,20,94.3
8535-SFUTN,0.408309,1,0,train,Month-to-month,Electronic check,Fiber optic,61,106.45
5956-VKDTT,0.793815,1,1,train,Month-to-month,Electronic check,Fiber optic,5,74.35
8677-HDZEE,0.37655,1,0,train,Month-to-month,Bank transfer (automatic),Fiber optic,56,105.45
2475-MROZF,0.241626,1,0,train,Month-to-month,Credit card (automatic),Fiber optic,30,95.0
9412-GHEEC,0.337796,1,1,train,Month-to-month,Bank transfer (automatic),Fiber optic,40,104.8
3482-ABPKK,0.035439,0,0,train,One year,Mailed check,DSL,28,54.3
6705-LXORM,0.646263,1,0,test,Month-to-month,Electronic check,Fiber optic,5,70.05
0257-ZESQC,0.33189,1,1,train,Month-to-month,Bank transfer (automatic),Fiber optic,27,75.2
7531-GQHME,0.119276,0,0,test,Month-to-month,Credit card (automatic),No,12,20.05
5174-ITUMV,0.21686,0,0,train,One year,Electronic check,Fiber optic,67,105.4
4109-CYRBD,0.363295,1,0,train,Month-to-month,Electronic check,DSL,29,51.6
0913-XWSCN,0.274902,1,0,test,Month-to-month,Bank transfer (automatic),Fiber optic,55,85.5
6825-UYPFK,0.32898,1,1,test,Month-to-month,Bank transfer (automatic),Fiber optic,23,75.6
8397-MVTAZ,0.631938,1,1,test,Month-to-month,Electronic check,Fiber optic,34,100.05
0750-EBAIU,0.166963,0,0,train,One year,Electronic check,Fiber optic,52,91.25
8606-CIQUL,0.04864,0,0,train,Two year,Credit card (automatic),Fiber optic,72,115.75
3571-DPYUH,0.130762,0,0,test,One year,Credit card (automatic),Fiber optic,58,94.7
7601-GNDYK,0.011699,0,0,train,Two year,Mailed check,No,35,19.6
0356-OBMAC,0.088495,0,0,train,Two year,Bank transfer (automatic),Fiber optic,56,99.9
8067-NIOYM,0.016454,0,0,train,Two year,Credit card (automatic),No,24,21.1
1403-GYAFU,0.004214,0,0,test,Two year,Credit card (automatic),No,70,20.05
4234-XTNEA,0.78859,1,0,train,Month-to-month,Electronic check,Fiber optic,2,79.95
1297-VQDRP,0.15326,0,0,train,One year,Credit card (automatic),Fiber optic,68,107.15
9282-IZGQK,0.859666,1,1,train,Month-to-month,Electronic check,Fiber optic,1,85.0
5348-CAGXB,0.760496,1,0,train,Month-to-month,Electronic check,Fiber optic,12,89.55
0621-HJWXJ,0.245911,1,0,train,Month-to-month,Bank transfer (automatic),Fiber optic,63,81.55
5844-QVTAT,0.047529,0,0,train,One year,Mailed check,DSL,33,58.45
8905-IAZPF,0.136143,0,0,train,One year,Credit card (automatic),Fiber optic,69,95.65
5394-MEITZ,0.02178,0,0,train,Two year,Bank transfer (automatic),DSL,60,80.6
6859-QNXIQ,0.036333,0,0,train,Two year,Bank transfer (automatic),Fiber optic,72,113.1
2782-LFZVW,0.502766,1,0,test,Month-to-month,Mailed check,DSL,11,58.95
2866-IKBTM,0.190824,0,0,train,Month-to-month,Mailed check,No,1,19.55
1342-JPNKI,0.685262,1,1,train,Month-to-month,Bank transfer (automatic),Fiber optic,10,86.05
2817-NTQDO,0.261256,1,1,train,Month-to-month,Credit card (automatic),DSL,13,45.55
7129-AZJDE,0.195979,0,0,train,One year,Bank transfer (automatic),Fiber optic,34,78.95
6986-IJDHX,0.251207,1,1,train,Month-to-month,Mailed check,Fiber optic,39,86.3
2560-PPCHE,0.155077,0,0,train,One year,Bank transfer (automatic),Fiber optic,65,105.05
4676-MQUEA,0.226959,0,0,train,One year,Bank transfer (automatic),Fiber optic,50,101.9
8138-EALND,0.087318,0,0,train,Month-to-month,Mailed check,No,15,19.75
3580-HYCSP,0.044899,0,0,train,Two year,Bank transfer (automatic),Fiber optic,72,110.3
1352-HNSAW,0.040233,0,0,train,Two year,Bank transfer (automatic),Fiber optic,72,115.6
2075-PUEPR,0.00778,0,0,test,Two year,Bank transfer (automatic),No,55,19.35
1982-FEBTD,0.022078,0,0,train,Two year,Credit card (automatic),No,23,25.6
5301-GAUUY,0.366995,1,1,test,Month-to-month,Bank transfer (automatic),Fiber optic,32,80.35
5791-KAJFD,0.071294,0,0,train,One year,Bank transfer (automatic),DSL,56,68.75
2654-VBVPB,0.168565,0,0,train,Month-to-month,Bank transfer (automatic),No,1,19.9
1154-HYWWO,0.029046,0,0,train,One year,Mailed check,DSL,38,70.6
2501-XWWTZ,0.548295,1,0,test,Month-to-month,Electronic check,Fiber optic,11,70.2
3716-UVSPD,0.422582,1,0,train,Month-to-month,Electronic check,DSL,1,49.3
6815-ABQFQ,0.274032,1,0,test,One year,Electronic check,Fiber optic,56,107.25
7343-EOBEU,0.309819,1,0,train,Month-to-month,Mailed check,No,3,23.6
3701-SFMUH,0.290385,1,0,train,Month-to-month,Credit card (automatic),DSL,7,69.7
6103-LIANB,0.114175,0,0,train,Two year,Credit card (automatic),Fiber optic,59,99.5
7319-VENRZ,0.320866,1,0,train,Month-to-month,Bank transfer (automatic),DSL,7,64.3
5846-NEQVZ,0.007482,0,0,train,Two year,Credit card (automatic),DSL,71,70.85
6967-QIQRV,0.215059,0,0,train,One year,Electronic check,Fiber optic,15,101.9
5781-RFZRP,0.010528,0,0,train,Two year,Credit card (automatic),DSL,71,73.5
0939-YAPAF,0.634429,1,1,train,Month-to-month,Electronic check,Fiber optic,35,100.25
0308-IVGOK,0.216157,0,0,train,One year,Credit card (automatic),DSL,11,40.4
7293-LSCDV,0.007408,0,0,train,Two year,Credit card (automatic),No,60,19.25
7025-WCBNE,0.013958,0,0,train,Two year,Bank transfer (automatic),DSL,47,59.6
5756-JYOJT,0.138754,0,0,train,One year,Credit card (automatic),DSL,11,64.9
4710-FDUIZ,0.218518,0,1,train,One year,Credit card (automatic),Fiber optic,56,100.3
6030-REHUX,0.576356,1,0,train,Month-to-month,Electronic check,Fiber optic,28,110.85
9548-LIGTA,0.023083,0,0,train,Two year,Mailed check,DSL,61,81.05
5150-LJNSR,0.150209,0,0,train,One year,Bank transfer (automatic),Fiber optic,31,98.05
8270-RKSAP,0.65762,1,0,train,Month-to-month,Electronic check,Fiber optic,9,70.5
6522-YRBXD,0.48671,1,0,train,Month-to-month,Electronic check,Fiber optic,35,94.55
2640-LYMOV,0.248734,1,0,train,Month-to-month,Mailed check,No,2,19.65
1218-VKFPE,0.11203,0,1,test,Month-to-month,Mailed check,No,12,19.0
3627-FHKBK,0.477076,1,1,test,Month-to-month,Mailed check,Fiber optic,1,75.3
2865-TCHJW,0.843452,1,1,test,Month-to-month,Electronic check,Fiber optic,4,89.2
1423-BMPBQ,0.218909,0,0,train,Month-to-month,Mailed check,No,1,19.0
2393-DIVAI,0.214166,0,0,train,Month-to-month,Mailed check,No,3,20.0
5192-EBGOV,0.862624,1,1,train,Month-to-month,Electronic check,Fiber optic,1,85.7
4568-KNYWR,0.027927,0,0,train,Two year,Credit card (automatic),DSL,52,63.25
8752-IMQOS,0.083361,0,0,train,One year,Mailed check,No,5,20.1
0742-LAFQK,0.071559,0,0,train,Two year,Electronic check,Fiber optic,72,99.15
0795-LAFGP,0.014983,0,0,train,Two year,Electronic check,DSL,71,90.4
0619-OLYUR,0.043575,0,0,train,Two year,Credit card (automatic),Fiber optic,72,111.9
5512-IDZEI,0.022176,0,0,train,One year,Electronic check,No,46,24.9
0459-SPZHJ,0.016733,0,0,train,Two year,Credit card (automatic),DSL,63,83.5
0215-BQKGS,0.215254,0,0,train,Month-to-month,Credit card (automatic),Fiber optic,30,84.3
9244-ZVAPM,0.359656,1,0,train,Month-to-month,Mailed check,DSL,1,45.6
0719-SYFRB,0.278709,1,1,test,Month-to-month,Mailed check,DSL,12,61.65
8208-EUMTE,0.046181,0,0,train,Two year,Mailed check,DSL,16,54.85
5172-MIGPM,0.366765,1,0,train,Month-to-month,Mailed check,DSL,4,65.55
1710-RCXUS,0.234679,0,0,train,One year,Credit card (automatic),Fiber optic,51,90.35
0374-FIUCA,0.010035,0,0,train,Two year,Credit card (automatic),No,65,20.4
5839-SUYVZ,0.342631,1,0,train,Month-to-month,Credit card (automatic),Fiber optic,16,74.55
5173-ZXXXL,0.09638,0,0,train,One year,Mailed check,No,2,19.95
1096-ADRUX,0.113358,0,0,train,One year,Bank transfer (automatic),Fiber optic,66,74.25
2001-MCUUW,0.091414,0,0,test,Two year,Electronic check,Fiber optic,46,108.65
2731-GJRDG,0.216751,0,0,train,One year,Bank transfer (automatic),Fiber optic,32,109.55
4723-BEGSG,0.011162,0,0,train,Two year,Credit card (automatic),DSL,72,86.65
6516-NKQBO,0.015988,0,0,train,Two year,Credit card (automatic),DSL,38,81.0
8672-OAUPW,0.034406,0,0,train,One year,Credit card (automatic),DSL,51,47.85
8207-DMRVL,0.021865,0,0,train,Two year,Bank transfer (automatic),Fiber optic,72,114.55
3419-SNJJD,0.247903,1,1,train,Month-to-month,Bank transfer (automatic),Fiber optic,65,105.25
6543-CPZMK,0.47603,1,1,test,Month-to-month,Electronic check,DSL,9,29.95
4765-OXPPD,0.133546,0,1,train,Month-to-month,Mailed check,DSL,9,65.0
2804-ETQDK,0.004458,0,0,train,Two year,Mailed check,No,66,20.55
6689-VRRTK,0.202936,0,0,train,One year,Credit card (automatic),Fiber optic,44,109.8
7138-GIRSH,0.040746,0,0,train,Two year,Bank transfer (automatic),DSL,50,69.5
9396-ZSFLL,0.246775,1,0,train,Month-to-month,Mailed check,DSL,15,48.85
6464-KEXXH,0.466104,1,0,train,Month-to-month,Credit card (automatic),DSL,8,25.25
7134-MJPDY,0.196806,0,0,test,One year,Credit card (automatic),Fiber optic,66,102.85
5240-CAOYT,0.169634,0,0,test,Month-to-month,Bank transfer (automatic),Fiber optic,57,87.55
4059-IIEBK,0.654472,1,0,train,Month-to-month,Bank transfer (automatic),Fiber optic,7,78.55
4881-JVQOD,0.546084,1,0,train,Month-to-month,Bank transfer (automatic),DSL,10,34.55
0516-UXRMT,0.131176,0,0,test,One year,Electronic check,Fiber optic,62,92.05
4851-BQDNX,0.228182,0,0,train,One year,Electronic check,Fiber optic,40,85.05
5148-HKFIR,0.014132,0,0,train,Two year,Mailed check,No,20,19.7
1009-IRMNA,0.146327,0,1,train,Month-to-month,Bank transfer (automatic),No,7,20.0
3003-CMDUU,0.579601,1,0,train,Month-to-month,Electronic check,Fiber optic,25,95.15
5016-IBERQ,0.407905,1,0,test,Month-to-month,Electronic check,Fiber optic,23,84.25
6797-UCJHZ,0.172994,0,0,train,One year,Credit card (automatic),Fiber optic,66,104.6
2469-DTSGX,0.062901,0,0,train,Two year,Electronic check,Fiber optic,72,111.65
4554-YGZIH,0.379416,1,1,train,Month-to-month,Credit card (automatic),Fiber optic,49,90.05
5099-BAILX,0.342042,1,1,train,Month-to-month,Bank transfer (automatic),Fiber optic,43,110.75
9931-KGHOA,0.066586,0,0,test,Month-to-month,Bank transfer (automatic),DSL,46,55.0
1775-KWJKQ,0.009829,0,0,train,Two year,Credit card (automatic),DSL,72,89.85
7665-VIGUD,0.07786,0,0,train,One year,Mailed check,No,10,20.35
9411-TPQQV,0.081169,0,0,train,One year,Bank transfer (automatic),DSL,40,54.55
7207-RMRDB,0.385313,1,1,train,Month-to-month,Electronic check,Fiber optic,65,105.5
7954-MLBUN,0.085027,0,0,train,Two year,Bank transfer (automatic),Fiber optic,31,99.45
2077-DDHJK,0.00778,0,0,train,Two year,Credit card (automatic),DSL,68,70.9
4913-EHYUI,0.236205,0,1,train,One year,Bank transfer (automatic),Fiber optic,56,104.55
0195-IESCP,0.780398,1,1,train,Month-to-month,Electronic check,Fiber optic,10,85.25
9574-BOSMD,0.00507,0,0,train,Two year,Bank transfer (automatic),No,68,25.4
4580-TMHJU,0.113809,0,1,train,Month-to-month,Electronic check,DSL,43,56.15
0970-ETWGE,0.829362,1,1,test,Month-to-month,Electronic check,Fiber optic,1,89.55
4908-XAXAY,0.202186,0,0,train,One year,Bank transfer (automatic),Fiber optic,49,89.85
8404-VLQFB,0.174583,0,0,train,Month-to-month,Electronic check,No,15,25.25
1626-ERCMM,0.713358,1,1,train,Month-to-month,Electronic check,Fiber optic,20,94.55
0887-HJGAR,0.430899,1,1,train,Month-to-month,Mailed check,DSL,1,45.7
2391-IPLOP,0.128677,0,0,train,One year,Electronic check,DSL,50,69.65
5644-PDMZC,0.786786,1,1,train,Month-to-month,Electronic check,Fiber optic,2,89.5
3509-GWQGF,0.270054,1,0,train,Month-to-month,Credit card (automatic),Fiber optic,24,70.0
9576-ANLXO,0.628237,1,1,test,Month-to-month,Bank transfer (automatic),Fiber optic,3,69.55
2024-BASKD,0.693439,1,1,train,Month-to-month,Mailed check,Fiber optic,1,74.6
5845-BZZIB,0.010142,0,0,test,Two year,Mailed check,No,35,20.1
1140-UKVZG,0.10365,0,0,train,Month-to-month,Mailed check,No,17,24.8
4160-AMJTL,0.214651,0,1,test,Month-to-month,Electronic check,No,8,19.65
5183-SNMJQ,0.627052,1,0,train,Month-to-month,Credit card (automatic),Fiber optic,10,95.1
8100-PNJMH,0.014263,0,0,train,Two year,Credit card (automatic),DSL,68,88.85
7838-LAZFO,0.040189,0,0,test,One year,Bank transfer (automatic),DSL,45,78.8
4464-JCOLN,0.086493,0,1,test,One year,Mailed check,No,2,19.85
2085-JVGAD,0.045067,0,0,train,Month-to-month,Bank transfer (automatic),No,37,20.35
5650-VDUDS,0.531234,1,1,train,Month-to-month,Mailed check,DSL,4,24.25
8095-WANWK,0.280062,1,0,train,Month-to-month,Mailed check,DSL,10,45.25
3030-ZKIWL,0.199527,0,0,train,Month-to-month,Mailed check,No,1,20.05
9565-FLVCG,0.019934,0,0,train,Two year,Mailed check,DSL,65,69.55
8755-OGKNA,0.007328,0,0,train,Two year,Bank transfer (automatic),No,57,19.5
2800-VEQXM,0.682557,1,0,train,Month-to-month,Mailed check,Fiber optic,3,74.75
7538-GWHML,0.634133,1,1,train,Month-to-month,Electronic check,Fiber optic,2,69.65
5533-RJFTJ,0.22621,0,0,test,Month-to-month,Bank transfer (automatic),DSL,49,30.2
3859-CVCET,0.314939,1,1,train,Month-to-month,Mailed check,DSL,4,45.65
0214-JHPFW,0.022917,0,0,train,Two year,Bank transfer (automatic),DSL,70,57.8
5642-MHDQT,0.021774,0,0,train,One year,Bank transfer (automatic),No,53,19.85
3088-FVYWK,0.011855,0,0,test,Two year,Credit card (automatic),No,53,25.55
3276-HDUEG,0.730775,1,1,train,Month-to-month,Mailed check,Fiber optic,1,75.05
9092-GDZKO,0.133965,0,0,train,Month-to-month,Credit card (automatic),No,22,24.85
0823-HSCDJ,0.404761,1,1,test,Month-to-month,Electronic check,DSL,52,49.15
3729-OWRVL,0.103386,0,0,test,Two year,Electronic check,Fiber optic,65,110.35
2324-AALNO,0.016424,0,0,train,One year,Bank transfer (automatic),No,48,24.55
0822-GAVAP,0.687618,1,1,train,Month-to-month,Electronic check,DSL,2,34.7
5760-IFJOZ,0.756741,1,0,train,Month-to-month,Mailed check,Fiber optic,3,107.95
2826-UWHIS,0.21074,0,0,train,Month-to-month,Bank transfer (automatic),Fiber optic,45,81.4
1448-PWKYE,0.672589,1,1,test,Month-to-month,Electronic check,Fiber optic,1,80.0
7501-IWUNG,0.026822,0,0,train,Two year,Bank transfer (automatic),DSL,61,73.8
4957-TREIR,0.329597,1,0,train,Month-to-month,Credit card (automatic),DSL,3,64.4
7251-LJBQN,0.266428,1,0,test,One year,Credit card (automatic),Fiber optic,40,103.75
8040-MNRTF,0.595993,1,0,train,Month-to-month,Mailed check,Fiber optic,1,71.1
1536-HBSWP,0.431566,1,0,test,Month-to-month,Electronic check,DSL,1,49.9
5313-FPXWG,0.047704,0,0,test,One year,Bank transfer (automatic),No,51,24.6
0067-DKWBL,0.481854,1,1,train,Month-to-month,Electronic check,DSL,2,49.25
0946-FKYTX,0.071834,0,0,train,One year,Mailed check,DSL,52,30.1
5076-YVXCM,0.351892,1,0,train,Month-to-month,Bank transfer (automatic),Fiber optic,51,83.4
8262-COGGB,0.267264,1,0,train,Month-to-month,Mailed check,No,1,20.45
6663-JOCQO,0.056333,0,0,train,One year,Bank transfer (automatic),DSL,31,75.25
9620-QJREV,0.010647,0,0,train,One year,Credit card (automatic),No,47,20.55
2276-YDAVZ,0.699379,1,1,train,Month-to-month,Credit card (automatic),Fiber optic,3,75.1
2682-KEVRP,0.054214,0,0,train,One year,Mailed check,No,22,20.05
2480-JZOSN,0.269242,1,0,train,Month-to-month,Mailed check,No,1,20.65
0078-XZMHT,0.032486,0,0,train,Two year,Bank transfer (automatic),DSL,72,85.15
5896-NPFWW,0.472748,1,1,train,Month-to-month,Electronic check,DSL,3,50.15
9978-HYCIN,0.131999,0,0,train,One year,Bank transfer (automatic),Fiber optic,47,84.95
8338-QIUNR,0.009014,0,0,test,Two year,Credit card (automatic),DSL,72,66.5
1525-LNLOJ,0.032891,0,0,test,Two year,Bank transfer (automatic),DSL,66,63.3
9450-TRJUU,0.451777,1,0,test,Month-to-month,Electronic check,Fiber optic,35,83.15
1766-GKNMI,0.607281,1,0,train,Month-to-month,Electronic check,Fiber optic,29,84.9
6942-LBFDP,0.256796,1,0,train,Month-to-month,Mailed check,No,2,20.55
1456-TWCGB,0.283872,1,0,train,Month-to-month,Mailed check,DSL,4,49.25
7133-VBDCG,0.269563,1,1,train,Month-to-month,Bank transfer (automatic),Fiber optic,25,79.85
7596-ZYWBB,0.010601,0,0,train,Two year,Mailed check,DSL,65,59.6
8329-UTMVM,0.331231,1,0,train,One year,Bank transfer (automatic),Fiber optic,27,104.65
3014-WJKSM,0.361939,1,0,train,Month-to-month,Credit card (automatic),Fiber optic,29,75.3
3347-YJZZE,0.20061,0,0,train,Month-to-month,Credit card (automatic),DSL,29,80.1
1029-QFBEN,0.191726,0,1,train,Month-to-month,Mailed check,No,1,19.55
7929-DMBCV,0.350522,1,0,train,Month-to-month,Mailed check,Fiber optic,20,81.0
9661-JALZV,0.013698,0,0,train,Two year,Credit card (automatic),No,58,24.7
5433-KYGHE,0.322387,1,0,train,Month-to-month,Mailed check,Fiber optic,14,86.0
4312-KFRXN,0.007501,0,0,test,Two year,Mailed check,No,72,25.4
5575-TPIZQ,0.260464,1,0,test,Month-to-month,Credit card (automatic),Fiber optic,46,89.15
0114-IGABW,0.02187,0,0,train,Two year,Bank transfer (automatic),DSL,71,58.25
9944-AEXBM,0.468987,1,0,test,Month-to-month,Bank transfer (automatic),Fiber optic,32,85.65
1853-ARAAQ,0.408292,1,0,train,Month-to-month,Credit card (automatic),DSL,26,50.35
6952-OMNWB,0.270433,1,0,train,Month-to-month,Credit card (automatic),Fiber optic,68,80.35
4697-LUPSU,0.092717,0,0,train,One year,Mailed check,No,2,20.2
8434-VGEQQ,0.004717,0,0,train,Two year,Credit card (automatic),No,61,20.55
4952-YSOGZ,0.760449,1,1,train,Month-to-month,Electronic check,Fiber optic,4,85.95
1589-AGTLK,0.484355,1,1,train,Month-to-month,Electronic check,DSL,3,45.35
5244-IRFIH,0.687371,1,1,train,Month-to-month,Electronic check,Fiber optic,33,94.5
6549-YMFAW,0.207172,0,0,train,Month-to-month,Mailed check,No,9,21.25
4950-HKQTE,0.025006,0,0,train,Two year,Mailed check,No,22,26.25
6786-OBWQR,0.676383,1,0,train,Month-to-month,Electronic check,Fiber optic,5,80.85
2684-EIWEO,0.249053,1,1,train,Month-to-month,Credit card (automatic),Fiber optic,30,91.7
2753-JMMCV,0.022607,0,0,train,Two year,Credit card (automatic),DSL,65,74.2
6439-GTPCA,0.319989,1,1,train,Month-to-month,Electronic check,Fiber optic,45,87.25
6621-YOBKI,0.170334,0,0,train,Month-to-month,Mailed check,No,5,20.35
1216-JWVUX,0.377121,1,0,train,Month-to-month,Electronic check,Fiber optic,25,75.5
7564-GHCVB,0.022098,0,0,train,Two year,Bank transfer (automatic),Fiber optic,72,79.05
1173-NOEYG,0.436331,1,0,train,Month-to-month,Bank transfer (automatic),Fiber optic,27,90.15
7595-EHCDL,0.233032,0,0,train,Month-to-month,Credit card (automatic),DSL,32,50.6
6647-ZEDXT,0.182794,0,0,train,One year,Credit card (automatic),Fiber optic,30,110.45
2521-NPUZR,0.016382,0,0,train,Two year,Credit card (automatic),Fiber optic,70,101.0
1307-TVUFB,0.287994,1,0,train,Month-to-month,Bank transfer (automatic),Fiber optic,42,79.35
7503-MIOGA,0.019894,0,0,train,Two year,Bank transfer (automatic),DSL,72,89.85
4381-MHQDC,0.017639,0,0,train,Two year,Mailed check,DSL,47,65.0
6923-JHPMP,0.619919,1,0,train,Month-to-month,Electronic check,Fiber optic,2,80.45
5138-WVKYJ,0.706211,1,1,train,Month-to-month,Electronic check,Fiber optic,10,98.55
4018-PPNDW,0.013623,0,0,test,Two year,Mailed check,No,61,24.1
1635-FJFCC,0.403274,1,0,train,Month-to-month,Credit card (automatic),DSL,5,44.05
2499-AJYUA,0.066105,0,0,train,Two year,Credit card (automatic),Fiber optic,72,110.8
6919-ELBGL,0.041376,0,0,test,Two year,Bank transfer (automatic),Fiber optic,72,114.95
3966-HRMZA,0.593318,1,0,test,Month-to-month,Mailed check,Fiber optic,3,75.05
6425-JWTDV,0.008349,0,0,train,Two year,Mailed check,No,48,19.25
8405-IGQFX,0.092469,0,0,train,One year,Credit card (automatic),Fiber optic,63,90.05
8224-IVVPA,0.123836,0,0,train,Month-to-month,Mailed check,DSL,27,56.7
9477-LGWQI,0.01604,0,0,train,Two year,Credit card (automatic),DSL,70,80.15
1410-RSCMR,0.2556,1,0,train,Month-to-month,Credit card (automatic),DSL,7,71.35
3115-CZMZD,0.043115,0,0,test,Two year,Mailed check,No,0,20.25
0139-IVFJG,0.607466,1,0,train,Month-to-month,Electronic check,Fiber optic,2,90.35
6683-VLCTZ,0.675749,1,1,train,Month-to-month,Electronic check,Fiber optic,20,98.55
5730-DBDSI,0.004922,0,0,train,Two year,Bank transfer (automatic),No,66,19.7
0030-FNXPP,0.184278,0,0,train,Month-to-month,Mailed check,No,3,19.85
2189-WWOEW,0.387648,1,1,train,Month-to-month,Bank transfer (automatic),Fiber optic,15,85.9
5684-FJVYR,0.018261,0,0,train,Two year,Bank transfer (automatic),Fiber optic,72,90.35
4013-GUXND,0.18964,0,0,test,Month-to-month,Mailed check,No,1,20.8
1894-IGFSG,0.487591,1,1,test,Month-to-month,Electronic check,Fiber optic,22,89.25
7379-POKDZ,0.722579,1,1,train,Month-to-month,Electronic check,Fiber optic,3,70.3
1266-NZYUI,0.007131,0,0,train,Two year,Bank transfer (automatic),DSL,72,66.85
7969-FFOWG,0.004965,0,0,train,Two year,Mailed check,No,65,19.9
4718-DHSMV,0.490598,1,0,train,Month-to-month,Mailed check,DSL,11,35.8
5175-WLYXL,0.371091,1,0,train,Month-to-month,Mailed check,Fiber optic,22,78.85
7817-OMJNA,0.041621,0,0,train,One year,Bank transfer (automatic),No,14,20.4
8728-SKJLR,0.25866,1,0,test,Month-to-month,Electronic check,Fiber optic,41,74.25
3137-NYQQI,0.070675,0,0,train,One year,Mailed check,DSL,17,64.8
7706-DZNKK,0.170199,0,0,train,Month-to-month,Credit card (automatic),No,11,20.45
0236-HFWSV,0.715794,1,1,train,Month-to-month,Electronic check,Fiber optic,15,93.35
3900-AQPHZ,0.198824,0,1,train,Month-to-month,Mailed check,No,1,19.9
5842-POCOP,0.56377,1,1,train,Month-to-month,Mailed check,Fiber optic,5,88.9
2037-XJFUP,0.363444,1,1,train,One year,Electronic check,Fiber optic,33,95.8
8823-RLPWL,0.057345,0,0,train,Two year,Credit card (automatic),Fiber optic,72,110.65
9505-SQFSW,0.436072,1,0,train,Month-to-month,Mailed check,DSL,3,40.3
7314-OXENN,0.794253,1,1,train,Month-to-month,Electronic check,Fiber optic,2,82.0
3758-CKOQL,0.121091,0,0,train,One year,Credit card (automatic),Fiber optic,59,107.0
0322-CHQRU,0.410326,1,1,test,Month-to-month,Electronic check,DSL,2,45.35
5676-CFLYY,0.018399,0,0,train,Two year,Credit card (automatic),DSL,71,73.35
7521-AFHAB,0.271758,1,0,train,Month-to-month,Mailed check,DSL,5,44.8
0285-INHLN,0.104585,0,0,train,Month-to-month,Credit card (automatic),DSL,27,54.75
4678-DVQEO,0.419417,1,1,test,Month-to-month,Electronic check,DSL,1,52.2
5125-CNDSP,0.025928,0,0,train,One year,Bank transfer (automatic),DSL,63,40.6
0691-IFBQW,0.266697,1,1,train,One year,Electronic check,Fiber optic,46,110.0
4992-LTJNE,0.011393,0,0,train,Two year,Bank transfer (automatic),DSL,72,55.3
2202-OUTMO,0.105921,0,0,train,Month-to-month,Bank transfer (automatic),DSL,34,60.85
0810-BDHAW,0.089543,0,0,train,One year,Electronic check,DSL,24,78.4
0229-LFJAF,0.006296,0,0,train,Two year,Bank transfer (automatic),DSL,72,69.65
7131-ZQZNK,0.021533,0,0,train,Two year,Credit card (automatic),DSL,60,59.85
3442-ZHHCC,0.041564,0,0,test,One year,Credit card (automatic),DSL,68,76.9
5726-CVNYA,0.045653,0,0,train,Two year,Mailed check,No,8,19.85
9871-ELEYA,0.016986,0,0,train,Two year,Credit card (automatic),DSL,34,67.65
4257-GAESD,0.569071,1,0,train,Month-to-month,Credit card (automatic),DSL,6,45.0
5173-WXOQV,0.393675,1,0,train,Month-to-month,Mailed check,DSL,2,64.2
2040-OBMLJ,0.138823,0,0,test,One year,Credit card (automatic),Fiber optic,31,81.7
6286-ZHAOK,0.107566,0,0,train,Month-to-month,Bank transfer (automatic),No,20,25.55
3807-XHCJH,0.207836,0,0,train,Month-to-month,Electronic check,No,1,20.0
3009-JWMPU,0.316786,1,1,train,One year,Electronic check,Fiber optic,62,96.75
5671-RQRLP,0.066263,0,0,test,Two year,Credit card (automatic),Fiber optic,70,75.65
1450-GALXR,0.755416,1,1,train,Month-to-month,Electronic check,Fiber optic,10,98.5
8859-AXJZP,0.017158,0,0,train,Two year,Mailed check,No,39,23.8
3174-AKMAS,0.018834,0,0,train,Two year,Credit card (automatic),DSL,46,64.2
3138-BKYAV,0.704975,1,1,train,Month-to-month,Electronic check,Fiber optic,6,85.35
9926-PJHDQ,0.031229,0,0,test,Two year,Bank transfer (automatic),DSL,72,76.8
7382-DFJTU,0.117326,0,0,train,Month-to-month,Credit card (automatic),DSL,18,55.2
2798-NYLMZ,0.053284,0,0,test,Two year,Credit card (automatic),Fiber optic,71,108.55
4289-DTDKW,0.542815,1,1,train,Month-to-month,Electronic check,Fiber optic,40,101.3
1820-TQVEV,0.730799,1,1,test,Month-to-month,Electronic check,Fiber optic,1,69.55
2239-JALAW,0.259927,1,1,train,One year,Bank transfer (automatic),Fiber optic,58,103.25
4853-RULSV,0.043654,0,1,train,Two year,Credit card (automatic),Fiber optic,70,104.0
8098-TDCBU,0.018791,0,0,train,Two year,Electronic check,No,42,25.25
3551-GAEGL,0.046131,0,0,train,One year,Bank transfer (automatic),DSL,34,30.4
4785-NKHCX,0.166561,0,0,train,Month-to-month,Bank transfer (automatic),No,5,20.05
3196-NVXLZ,0.56511,1,0,train,Month-to-month,Mailed check,Fiber optic,25,84.6
6275-YDUVO,0.682437,1,1,train,Month-to-month,Mailed check,Fiber optic,2,86.2
0036-IHMOT,0.114892,0,0,train,One year,Bank transfer (automatic),Fiber optic,55,103.7
0115-TFERT,0.575067,1,1,train,Month-to-month,Electronic check,Fiber optic,21,111.2
4178-EGMON,0.023205,0,0,train,Two year,Credit card (automatic),Fiber optic,70,88.0
4220-TINQT,0.444904,1,0,train,Month-to-month,Electronic check,Fiber optic,61,106.35
5318-YKDPV,0.020233,0,0,test,Two year,Credit card (automatic),DSL,43,79.15
7975-TZMLR,0.325628,1,0,train,One year,Electronic check,Fiber optic,47,103.1
0295-QVKPB,0.3756,1,0,train,Month-to-month,Credit card (automatic),DSL,5,63.95
4335-BSMJS,0.011956,0,0,train,Two year,Credit card (automatic),No,62,25.8
2311-QYMUQ,0.367666,1,1,train,Month-to-month,Credit card (automatic),Fiber optic,16,89.45
3643-AHCFP,0.815919,1,1,train,Month-to-month,Bank transfer (automatic),Fiber optic,7,95.6
9146-JRIOX,0.109249,0,0,train,Month-to-month,Mailed check,No,14,25.55
3104-OWCGK,0.116152,0,1,train,One year,Electronic check,Fiber optic,60,90.95
5337-IIWKZ,0.282156,1,0,train,Month-to-month,Electronic check,DSL,34,44.85
9101-BWFSS,0.154875,0,1,train,One year,Electronic check,Fiber optic,50,108.55
9650-VBUOG,0.012325,0,0,train,Two year,Credit card (automatic),No,38,25.05
3487-EARAT,0.011946,0,0,test,One year,Credit card (automatic),DSL,70,74.1
2672-TGEFF,0.445499,1,0,train,Month-to-month,Electronic check,Fiber optic,37,88.8
9231-ZJYAM,0.779063,1,1,train,Month-to-month,Electronic check,Fiber optic,4,78.85
4250-WAROZ,0.319799,1,0,train,Month-to-month,Electronic check,Fiber optic,60,93.25
8184-WMOFI,0.019972,0,0,train,One year,Credit card (automatic),DSL,62,71.4
6982-SSHFK,0.344045,1,1,train,Month-to-month,Mailed check,DSL,1,44.4
6092-QZVPP,0.122127,0,0,train,Month-to-month,Credit card (automatic),DSL,36,79.2
4625-LAMOB,0.00941,0,0,train,Two year,Credit card (automatic),No,44,20.4
0727-BMPLR,0.412753,1,1,train,One year,Electronic check,Fiber optic,55,100.0
0392-BZIUW,0.065191,0,0,train,Two year,Credit card (automatic),Fiber optic,72,105.0
1038-ZAGBI,0.056213,0,1,train,One year,Bank transfer (automatic),No,12,19.8
6549-NNDYT,0.259836,1,0,train,Month-to-month,Bank transfer (automatic),DSL,13,30.85
3027-ZTDHO,0.845014,1,1,train,Month-to-month,Electronic check,Fiber optic,1,89.9
0422-OHQHQ,0.032989,0,0,train,One year,Mailed check,No,15,20.55
6916-HIJSE,0.014403,0,0,train,Two year,Bank transfer (automatic),DSL,65,84.85
2316-ESMLS,0.097587,0,0,train,One year,Credit card (automatic),DSL,12,33.15
9778-OGKQZ,0.017954,0,0,train,Two year,Credit card (automatic),DSL,72,92.0
7408-OFWXJ,0.009732,0,0,test,Two year,Credit card (automatic),DSL,72,89.8
6007-TCTST,0.031914,0,0,train,Two year,Bank transfer (automatic),Fiber optic,72,115.8
2252-NKNSI,0.027807,0,0,train,Two year,Mailed check,DSL,52,85.15
8713-IGZSO,0.239248,0,0,test,Month-to-month,Mailed check,No,2,24.85
7905-TVXTA,0.395225,1,0,train,Month-to-month,Electronic check,DSL,5,64.35
7695-PKLCZ,0.005758,0,0,train,Two year,Credit card (automatic),No,68,20.5
2382-BCKQJ,0.286806,1,1,train,One year,Electronic check,Fiber optic,62,100.15
8374-UULRV,0.009564,0,0,train,Two year,Credit card (automatic),DSL,72,86.05
2207-NHRJK,0.388519,1,1,train,Month-to-month,Electronic check,DSL,1,50.8
3224-DFQNQ,0.059783,0,0,train,One year,Electronic check,Fiber optic,66,89.0
5275-PMFUT,0.015692,0,0,train,Two year,Credit card (automatic),DSL,72,64.8
4795-UXVCJ,0.029707,0,0,train,One year,Credit card (automatic),No,26,19.8
9777-IQHWP,0.041333,0,0,test,Two year,Bank transfer (automatic),Fiber optic,64,93.4
0947-MUGVO,0.476618,1,1,train,Month-to-month,Electronic check,Fiber optic,20,73.65
9944-HKVVB,0.786205,1,1,train,Month-to-month,Electronic check,Fiber optic,3,95.1
4124-MMETB,0.60437,1,1,train,Month-to-month,Credit card (automatic),Fiber optic,22,94.65
3671-SHRSP,0.523304,1,1,train,Month-to-month,Mailed check,Fiber optic,4,80.6
0979-MOZQI,0.037727,0,0,test,Two year,Bank transfer (automatic),DSL,62,39.0
2732-ISEZX,0.223826,0,0,train,Month-to-month,Mailed check,No,5,20.5
3313-QKNKB,0.219576,0,1,test,One year,Electronic check,Fiber optic,59,85.55
0323-XWWTN,0.094624,0,0,train,Two year,Mailed check,No,3,26.4
1937-OTUKY,0.035595,0,0,train,Two year,Bank transfer (automatic),Fiber optic,72,98.2
1573-LGXBA,0.161121,0,0,train,One year,Credit card (automatic),Fiber optic,57,97.55
1764-VUUMT,0.0039,0,0,train,Two year,Credit card (automatic),No,66,19.95
5073-WXOYN,0.249864,1,1,train,Month-to-month,Electronic check,DSL,60,50.8
4713-ZBURT,0.058326,0,0,train,Two year,Bank transfer (automatic),Fiber optic,45,99.7
3050-GBUSH,0.639108,1,0,train,Month-to-month,Credit card (automatic),DSL,3,34.8
0207-MDKNV,0.357416,1,1,train,Month-to-month,Electronic check,Fiber optic,15,105.1
7876-AEHIG,0.059636,0,0,train,One year,Bank transfer (automatic),DSL,51,60.15
7945-HLKEA,0.036847,0,0,train,One year,Electronic check,DSL,60,64.75
9342-VNIMQ,0.207089,0,0,train,Month-to-month,Bank transfer (automatic),DSL,33,54.65
9851-KIELU,0.589531,1,1,test,Month-to-month,Electronic check,Fiber optic,10,110.1
3523-BRGUW,0.040026,0,0,train,One year,Credit card (automatic),No,26,19.3
3908-BLSYF,0.672102,1,1,test,Month-to-month,Electronic check,Fiber optic,6,83.9
3199-NPKCN,0.175767,0,0,train,One year,Electronic check,Fiber optic,67,111.25
5170-PTRKA,0.051935,0,0,test,One year,Credit card (automatic),DSL,49,35.8
4661-NJEUX,0.253977,1,0,train,Month-to-month,Mailed check,No,1,20.05
2123-AGEEN,0.758149,1,0,train,Month-to-month,Electronic check,Fiber optic,7,84.35
1258-YMZNM,0.315624,1,0,train,One year,Bank transfer (automatic),Fiber optic,27,110.5
0048-LUMLS,0.154064,0,0,test,One year,Credit card (automatic),Fiber optic,37,91.2
7549-MYGPK,0.224184,0,1,train,Month-to-month,Electronic check,Fiber optic,63,100.55
5898-IGSLP,0.248372,1,0,train,Month-to-month,Electronic check,Fiber optic,31,89.3
3804-RVTGV,0.458335,1,1,train,Month-to-month,Bank transfer (automatic),Fiber optic,50,103.85
6259-WJQLC,0.427335,1,0,train,Month-to-month,Credit card (automatic),Fiber optic,32,81.1
9227-LUNBG,0.53773,1,1,test,Month-to-month,Electronic check,DSL,1,24.6
7997-EASSD,0.110166,0,0,test,One year,Credit card (automatic),Fiber optic,63,81.2
0730-KOAVE,0.365486,1,0,test,Month-to-month,Credit card (automatic),Fiber optic,30,94.3
8975-SKGRX,0.042419,0,0,train,Two year,Bank transfer (automatic),Fiber optic,71,116.1
0678-RLHVP,0.162505,0,0,train,Two year,Electronic check,Fiber optic,53,105.55
4315-MURBD,0.532632,1,1,train,Month-to-month,Bank transfer (automatic),Fiber optic,12,98.9
2267-FPIMA,0.333735,1,0,train,Month-to-month,Credit card (automatic),Fiber optic,50,94.4
1051-GEJLJ,0.193684,0,0,test,Month-to-month,Mailed check,No,2,19.5
9734-YWGEX,0.720887,1,1,train,Month-to-month,Credit card (automatic),Fiber optic,9,98.3
2719-BDAQO,0.487447,1,1,train,Month-to-month,Electronic check,Fiber optic,17,93.85
5285-MVEHD,0.175986,0,0,train,One year,Credit card (automatic),Fiber optic,56,105.6
0379-DJQHR,0.011314,0,0,test,Two year,Credit card (automatic),DSL,67,81.35
0781-LKXBR,0.85527,1,1,train,Month-to-month,Electronic check,Fiber optic,9,100.5
5543-QDCRY,0.554659,1,0,train,Month-to-month,Electronic check,DSL,4,56.4
0297-RBCSG,0.088953,0,0,test,One year,Bank transfer (automatic),DSL,19,65.35
4694-PHWFW,0.124091,0,0,train,Month-to-month,Mailed check,No,8,19.95
0835-JKADZ,0.097005,0,0,train,Two year,Electronic check,Fiber optic,71,111.25
1907-UBQFC,0.65555,1,1,train,Month-to-month,Electronic check,Fiber optic,10,72.85
7508-SMHXL,0.484321,1,0,train,Month-to-month,Credit card (automatic),Fiber optic,15,89.0
3865-YIOTT,0.111108,0,0,train,One year,Bank transfer (automatic),Fiber optic,72,106.1
5993-BQHEA,0.057873,0,0,train,One year,Credit card (automatic),No,12,20.05
6024-RUGGH,0.006665,0,0,train,Two year,Bank transfer (automatic),No,72,25.2
6513-EECDB,0.825987,1,1,train,Month-to-month,Electronic check,Fiber optic,1,73.55
3956-CJUST,0.2929,1,0,train,Month-to-month,Bank transfer (automatic),Fiber optic,23,75.4
4079-WWQQQ,0.020323,0,0,train,Two year,Bank transfer (automatic),DSL,72,65.55
6103-BOCOU,0.544551,1,0,train,Month-to-month,Electronic check,Fiber optic,26,80.7
5149-TGWDZ,0.272832,1,0,train,One year,Mailed check,Fiber optic,21,104.55
7471-WNSUF,0.025744,0,0,train,One year,Bank transfer (automatic),No,60,24.15
8942-DBMHZ,0.135744,0,0,train,Month-to-month,Mailed check,No,12,20.45
4301-VVZKA,0.595466,1,0,test,Month-to-month,Electronic check,Fiber optic,16,75.4
9199-PWQVC,0.064179,0,0,train,One year,Credit card (automatic),DSL,63,79.7
4824-GUCBY,0.260555,1,0,train,Month-to-month,Electronic check,Fiber optic,22,81.7
5393-HJZSM,0.057278,0,0,train,Month-to-month,Bank transfer (automatic),DSL,32,76.3
7074-IEVOJ,0.800235,1,1,train,Month-to-month,Electronic check,Fiber optic,3,79.4
9625-QSTYE,0.475607,1,1,train,Month-to-month,Electronic check,Fiber optic,13,81.15
0862-PRCBS,0.052074,0,0,train,Two year,Credit card (automatic),Fiber optic,68,103.75
8812-ZRHFP,0.21072,0,0,train,One year,Electronic check,Fiber optic,30,86.45
5146-CBVOE,0.307184,1,0,train,Month-to-month,Bank transfer (automatic),Fiber optic,16,75.1
0454-OKRCT,0.045654,0,0,train,Two year,Bank transfer (automatic),Fiber optic,33,80.6
5787-KXGIY,0.003964,0,0,train,Two year,Credit card (automatic),No,72,19.3
4750-ZRXIU,0.841046,1,1,test,Month-to-month,Electronic check,Fiber optic,4,84.6
4198-VFOEA,0.176108,0,0,train,One year,Mailed check,DSL,12,33.6
6630-UJZMY,0.847142,1,0,test,Month-to-month,Electronic check,Fiber optic,4,83.25
5709-LVOEQ,0.100528,0,0,test,Two year,Mailed check,DSL,0,80.85
6400-BWQKW,0.684703,1,1,train,Month-to-month,Electronic check,Fiber optic,6,79.05
2692-AQCPF,0.177983,0,0,train,One year,Credit card (automatic),Fiber optic,65,108.05
0347-UBKUZ,0.084416,0,0,train,Month-to-month,Mailed check,No,15,19.9
0835-DUUIQ,0.024405,0,0,train,One year,Bank transfer (automatic),No,24,21.05
0811-GSDTP,0.247518,1,0,train,Month-to-month,Electronic check,DSL,13,30.15
7567-ECMCM,0.417185,1,0,train,Month-to-month,Credit card (automatic),Fiber optic,24,79.85
6115-ZTBFQ,0.018159,0,0,train,Two year,Bank transfer (automatic),DSL,72,65.5
6353-BRMMA,0.298345,1,0,train,Month-to-month,Bank transfer (automatic),Fiber optic,54,104.1
6680-WKXRZ,0.622553,1,1,test,Month-to-month,Bank transfer (automatic),Fiber optic,3,74.4
6231-WFGFH,0.202212,0,0,train,Month-to-month,Mailed check,No,4,20.5
9904-EHEVJ,0.502503,1,0,train,Month-to-month,Mailed check,Fiber optic,32,91.35
7028-DVOIQ,0.635378,1,1,train,Month-to-month,Electronic check,Fiber optic,35,99.05
6169-PPETC,0.009045,0,0,test,Two year,Bank transfer (automatic),No,35,20.5
4208-UFFGW,0.379478,1,1,test,Month-to-month,Mailed check,DSL,2,44.95
8584-KMVXD,0.521295,1,0,train,Month-to-month,Electronic check,Fiber optic,8,75.6
8467-WYNSR,0.073529,0,0,train,Month-to-month,Mailed check,DSL,22,55.1
0851-DFJKB,0.140391,0,0,train,Month-to-month,Electronic check,DSL,15,58.95
5382-SOYZL,0.668804,1,0,test,Month-to-month,Electronic check,Fiber optic,22,95.1
9448-REEVD,0.315785,1,1,train,Month-to-month,Credit card (automatic),DSL,1,44.7
3261-CQXOL,0.005208,0,0,train,Two year,Bank transfer (automatic),No,71,25.45
8388-FYNPZ,0.313882,1,0,train,Month-to-month,Electronic check,DSL,4,56.75
4002-BQWPQ,0.12086,0,0,test,Month-to-month,Bank transfer (automatic),DSL,25,81.75
5651-YLPRD,0.387985,1,0,test,Month-to-month,Electronic check,Fiber optic,32,86.1
2826-DXLQO,0.379822,1,0,train,Month-to-month,Bank transfer (automatic),DSL,7,29.8
4378-BZYFP,0.054299,0,0,train,One year,Mailed check,No,17,20.5
9489-UTFKA,0.301816,1,0,train,Month-to-month,Bank transfer (automatic),DSL,8,60.9
4849-PYRLQ,0.020212,0,0,train,Two year,Bank transfer (automatic),DSL,56,73.25
9117-SHLZX,0.439822,1,1,train,Month-to-month,Mailed check,DSL,1,45.7
9889-TMAHG,0.480463,1,1,train,Month-to-month,Credit card (automatic),Fiber optic,8,100.3
4541-RMRLG,0.207981,0,1,test,Month-to-month,Electronic check,No,7,19.25
7764-BDPEE,0.148806,0,0,test,Month-to-month,Mailed check,No,3,20.85
3429-IFLEM,0.006023,0,0,test,Two year,Credit card (automatic),DSL,71,77.35
3158-MOERK,0.872041,1,1,train,Month-to-month,Electronic check,Fiber optic,2,96.0
7294-TMAOP,0.775832,1,1,train,Month-to-month,Electronic check,Fiber optic,1,90.55
5002-GCQFH,0.307624,1,0,train,Month-to-month,Bank transfer (automatic),Fiber optic,49,93.85
0556-FJEGU,0.01584,0,0,train,Two year,Bank transfer (automatic),DSL,58,70.1
8919-FYFQZ,0.201042,0,1,train,Month-to-month,Electronic check,DSL,44,30.35
0604-THJFP,0.025428,0,0,train,Two year,Credit card (automatic),DSL,59,75.95
2834-JRTUA,0.066212,0,1,train,Two year,Electronic check,Fiber optic,71,108.05
5875-YPQFJ,0.734189,1,1,train,Month-to-month,Electronic check,Fiber optic,1,69.9
5879-SESNB,0.644692,1,0,train,Month-to-month,Electronic check,Fiber optic,11,75.25
6646-QVXLR,0.342704,1,1,test,One year,Electronic check,Fiber optic,62,103.75
6461-PPAXN,0.031438,0,0,test,One year,Bank transfer (automatic),DSL,35,54.95
3318-ISQFQ,0.098167,0,0,train,Month-to-month,Bank transfer (automatic),No,20,19.5
1106-HRLKZ,0.009789,0,0,train,Two year,Mailed check,No,40,19.6
2483-XSSMZ,0.063767,0,0,train,One year,Electronic check,DSL,39,47.85
8603-IJWDN,0.854784,1,1,train,Month-to-month,Electronic check,Fiber optic,1,86.6
8165-ZJRNM,0.005629,0,0,test,Two year,Bank transfer (automatic),No,72,23.75
9369-XFEHK,0.395238,1,1,test,Month-to-month,Bank transfer (automatic),Fiber optic,33,80.6
2604-XVDAM,0.237053,0,0,train,Month-to-month,Bank transfer (automatic),DSL,12,43.8
3717-OFRTN,0.166452,0,0,train,Month-to-month,Bank transfer (automatic),No,1,19.75
9046-JBFWA,0.048634,0,0,train,Month-to-month,Mailed check,No,27,19.15
3280-NMUVX,0.019247,0,0,train,One year,Credit card (automatic),No,34,19.6
1206-EHBDD,0.032792,0,0,train,Two year,Bank transfer (automatic),Fiber optic,56,80.3
8361-LBRDI,0.013008,0,0,train,Two year,Credit card (automatic),No,58,24.35
4883-KCPZJ,0.020462,0,0,train,Two year,Credit card (automatic),No,22,25.25
9108-EQPNQ,0.038289,0,0,test,Two year,Credit card (automatic),No,10,26.1
7277-KAMWT,0.018379,0,0,train,Two year,Credit card (automatic),No,13,20.0
3842-IYKUE,0.182469,0,1,train,Month-to-month,Credit card (automatic),Fiber optic,35,85.3
6641-XRPSU,0.289303,1,1,train,Month-to-month,Credit card (automatic),Fiber optic,34,70.0
1374-DMZUI,0.896315,1,1,train,Month-to-month,Electronic check,Fiber optic,4,94.3
2545-LXYVJ,0.005847,0,0,train,Two year,Bank transfer (automatic),No,72,20.7
3234-VKACU,0.503872,1,0,train,Month-to-month,Electronic check,DSL,2,70.3
8357-EQXFO,0.787976,1,1,train,Month-to-month,Electronic check,Fiber optic,7,95.35
1989-PRJHP,0.58789,1,1,test,Month-to-month,Electronic check,Fiber optic,27,75.5
8120-JDCAM,0.607393,1,0,train,Month-to-month,Mailed check,Fiber optic,4,69.55
8917-FAEMR,0.011159,0,0,train,Two year,Mailed check,No,37,19.85
7047-YXDMZ,0.067367,0,0,train,Month-to-month,Mailed check,No,21,20.0
2858-EIMXH,0.391467,1,0,train,One year,Credit card (automatic),Fiber optic,53,95.85
9524-EGPJC,0.521024,1,1,train,Month-to-month,Electronic check,Fiber optic,18,90.1
6993-OHLXR,0.629463,1,1,train,Month-to-month,Electronic check,Fiber optic,2,68.95
8818-XYFCQ,0.430593,1,1,train,Month-to-month,Credit card (automatic),Fiber optic,32,99.55
6419-ZTTLE,0.074723,0,0,train,One year,Electronic check,No,23,20.75
0929-HYQEW,0.339923,1,0,train,Month-to-month,Mailed check,DSL,3,50.15
6614-YOLAC,0.011439,0,0,train,Two year,Mailed check,DSL,71,58.65
7426-RHZGU,0.659744,1,0,train,Month-to-month,Bank transfer (automatic),Fiber optic,9,95.9
4065-JJAVA,0.377921,1,0,train,Month-to-month,Electronic check,DSL,1,49.5
4695-VADHF,0.232177,0,1,test,Month-to-month,Electronic check,DSL,18,57.45
3863-IUBJR,0.14637,0,1,train,One year,Credit card (automatic),DSL,12,53.65
7649-SIJJF,0.015095,0,0,test,Two year,Mailed check,DSL,71,80.1
9361-YNQWJ,0.030533,0,0,train,One year,Bank transfer (automatic),No,64,24.4
3748-FVMZZ,0.605596,1,0,train,Month-to-month,Electronic check,DSL,4,40.05
9391-TTOYH,0.090782,0,0,train,Month-to-month,Mailed check,No,23,19.5
1452-XRSJV,0.052919,0,0,train,Month-to-month,Credit card (automatic),DSL,39,51.05
3422-WJOYD,0.039136,0,0,train,One year,Mailed check,DSL,28,54.35
8242-SOQUO,0.780457,1,0,train,Month-to-month,Electronic check,Fiber optic,5,84.7
7460-ITWWP,0.387463,1,0,test,Month-to-month,Electronic check,Fiber optic,45,86.1
7147-AYBAA,0.292854,1,0,train,Month-to-month,Mailed check,Fiber optic,37,70.35
7868-TMWMZ,0.045079,0,0,train,Two year,Bank transfer (automatic),Fiber optic,60,110.0
4822-RVYBB,0.865435,1,1,train,Month-to-month,Electronic check,Fiber optic,8,100.6
6732-FZUGP,0.096566,0,0,train,One year,Credit card (automatic),Fiber optic,47,94.9
8436-BJUMM,0.572949,1,1,train,Month-to-month,Electronic check,Fiber optic,26,83.75
4184-TJFAN,0.528954,1,1,train,Month-to-month,Mailed check,Fiber optic,3,88.3
8329-GWVPJ,0.281767,1,0,train,Month-to-month,Bank transfer (automatic),Fiber optic,50,69.75
1352-VHKAJ,0.203777,0,0,train,Month-to-month,Bank transfer (automatic),DSL,27,71.6
4145-UQXUQ,0.81401,1,1,train,Month-to-month,Electronic check,Fiber optic,8,92.1
2632-TACXW,0.010516,0,0,test,Two year,Bank transfer (automatic),No,62,23.65
8146-QQKZH,0.010469,0,0,train,Two year,Bank transfer (automatic),DSL,71,81.85
1767-CJKBA,0.00917,0,0,test,Two year,Mailed check,No,66,25.1
6445-TNRXS,0.04222,0,0,test,Two year,Bank transfer (automatic),Fiber optic,68,114.7
4581-LNWUM,0.475321,1,0,test,Month-to-month,Electronic check,DSL,13,49.15
4869-EPIUS,0.230762,0,0,train,One year,Electronic check,Fiber optic,56,80.9
9948-YPTDG,0.241287,1,1,train,Month-to-month,Electronic check,Fiber optic,38,79.45
1236-WFCDV,0.511634,1,1,test,Month-to-month,Credit card (automatic),Fiber optic,14,90.45
1915-OAKWD,0.043858,0,0,train,One year,Bank transfer (automatic),No,16,19.3
7296-PIXQY,0.372905,1,0,train,Month-to-month,Electronic check,Fiber optic,14,70.2
4883-QICIH,0.276653,1,1,train,Month-to-month,Bank transfer (automatic),Fiber optic,32,69.75
3354-OADJP,0.082524,0,0,test,One year,Bank transfer (automatic),DSL,8,54.25
3524-WQDSG,0.393727,1,0,test,Month-to-month,Bank transfer (automatic),Fiber optic,43,99.3
0810-DHDBD,0.046142,0,0,train,One year,Credit card (automatic),DSL,52,74.0
4026-SKKHW,0.345848,1,0,train,Month-to-month,Mailed check,DSL,3,50.25
2829-HYVZP,0.044522,0,0,train,One year,Mailed check,No,29,19.8
8329-IBCTI,0.184093,0,1,train,Month-to-month,Mailed check,No,1,19.65
1271-SJBGZ,0.540821,1,1,train,Month-to-month,Electronic check,DSL,12,43.65
3845-JHAMY,0.33623,1,0,train,Month-to-month,Credit card (automatic),DSL,16,35.5
7013-PSXHK,0.103511,0,0,train,One year,Mailed check,DSL,40,80.75
5669-SRAIP,0.558799,1,1,train,Month-to-month,Electronic check,DSL,5,39.5
5981-ITEMU,0.428993,1,1,train,Month-to-month,Bank transfer (automatic),Fiber optic,40,97.1
3486-NPGST,0.02531,0,0,train,One year,Mailed check,No,36,19.55
6941-PMGEP,0.758933,1,1,train,Month-to-month,Electronic check,Fiber optic,5,80.0
1624-WOIWJ,0.55992,1,1,train,Month-to-month,Mailed check,Fiber optic,10,84.7
2074-GKOWZ,0.750821,1,1,train,Month-to-month,Bank transfer (automatic),Fiber optic,2,89.55
0376-YMCJC,0.505103,1,1,test,Month-to-month,Electronic check,Fiber optic,23,90.6
6100-FJZDG,0.037525,0,0,train,One year,Bank transfer (automatic),No,26,20.05
4829-ZLJTK,0.089674,0,0,train,Two year,Electronic check,Fiber optic,72,112.4
1730-VFMWO,0.079049,0,0,test,Month-to-month,Bank transfer (automatic),DSL,34,50.2
7143-BQIBA,0.19805,0,0,train,Month-to-month,Bank transfer (automatic),DSL,10,62.25
3800-LYTRK,0.046811,0,0,train,One year,Mailed check,DSL,14,55.7
0634-SZPQA,0.40949,1,1,train,Month-to-month,Bank transfer (automatic),Fiber optic,23,90.05
9646-NMHXE,0.006056,0,0,train,Two year,Mailed check,No,47,19.65
7030-NJVDP,0.294166,1,0,train,Month-to-month,Electronic check,Fiber optic,24,89.25
5536-RTPWK,0.545437,1,1,train,Month-to-month,Bank transfer (automatic),Fiber optic,49,99.05
8883-GRDWQ,0.046042,0,0,train,One year,Mailed check,DSL,20,54.0
6166-ILMNY,0.544907,1,1,test,Month-to-month,Bank transfer (automatic),Fiber optic,2,69.75
3097-NNSPB,0.380748,1,1,train,Month-to-month,Credit card (automatic),DSL,2,49.05
7771-ZONAT,0.071993,0,0,train,Two year,Bank transfer (automatic),DSL,22,56.75
0655-RBDUG,0.799147,1,1,test,Month-to-month,Bank transfer (automatic),Fiber optic,7,98.05
2111-DWYHN,0.18617,0,0,train,Month-to-month,Mailed check,No,1,21.1
4194-WHFCB,0.221577,0,0,train,Month-to-month,Bank transfer (automatic),Fiber optic,59,96.65
4121-AGSIN,0.029413,0,0,test,One year,Credit card (automatic),No,58,24.5
4361-BKAXE,0.231537,0,1,train,Month-to-month,Bank transfer (automatic),Fiber optic,41,114.5
9845-PEEKO,0.080168,0,0,train,Two year,Credit card (automatic),Fiber optic,59,79.2
0455-XFASS,0.666282,1,0,train,Month-to-month,Electronic check,Fiber optic,3,69.55
0301-KOBTQ,0.019356,0,0,train,Two year,Bank transfer (automatic),No,32,20.05
1751-NCDLI,0.555537,1,0,test,Month-to-month,Electronic check,Fiber optic,46,98.85
4367-NUYAO,0.062552,0,0,train,Two year,Mailed check,No,0,25.75
9878-TNQGW,0.772892,1,1,test,Month-to-month,Electronic check,Fiber optic,2,80.95
9170-ARBTB,0.019144,0,0,train,One year,Credit card (automatic),No,52,19.6
4441-NIHPT,0.53993,1,1,train,Month-to-month,Electronic check,Fiber optic,13,74.3
8999-BOHSE,0.677114,1,1,train,Month-to-month,Bank transfer (automatic),Fiber optic,11,89.7
7241-AJHFS,0.154783,0,0,train,Month-to-month,Bank transfer (automatic),Fiber optic,32,87.65
7029-RPUAV,0.669712,1,1,test,Month-to-month,Credit card (automatic),Fiber optic,17,100.45
4546-FOKWR,0.445893,1,0,train,Month-to-month,Credit card (automatic),Fiber optic,16,74.75
9036-CSKBW,0.172452,0,0,train,One year,Bank transfer (automatic),Fiber optic,51,107.45
5832-TRLPB,0.121321,0,0,train,One year,Bank transfer (automatic),DSL,29,75.35
8590-YFFQO,0.005211,0,0,test,Two year,Credit card (automatic),DSL,70,64.95
8659-IOOPU,0.030104,0,0,train,Two year,Electronic check,Fiber optic,71,100.45
1338-CECEE,0.055453,0,0,train,One year,Bank transfer (automatic),DSL,41,68.5
7439-DKZTW,0.795594,1,0,train,Month-to-month,Electronic check,Fiber optic,1,80.55
4646-QZXTF,0.265936,1,0,train,Month-to-month,Bank transfer (automatic),DSL,7,81.25
4607-CHPCA,0.374945,1,1,train,One year,Electronic check,Fiber optic,25,90.4
9742-XOKTS,0.052752,0,0,train,One year,Electronic check,Fiber optic,67,89.55
6921-OZMFH,0.362071,1,0,train,Month-to-month,Mailed check,DSL,5,55.7
9578-FOMUK,0.201107,0,0,train,Month-to-month,Electronic check,No,15,24.8
4712-UYOOI,0.073704,0,0,train,Month-to-month,Electronic check,No,20,20.0
8824-RWFXJ,0.319532,1,1,train,Month-to-month,Mailed check,DSL,3,56.15
7722-CVFXN,0.263864,1,0,train,One year,Electronic check,Fiber optic,54,105.2
8717-VCTXJ,0.027835,0,0,test,One year,Mailed check,No,42,19.55
7363-QTBIW,0.726886,1,0,test,Month-to-month,Electronic check,Fiber optic,9,79.75
4159-NAAIX,0.083723,0,0,train,Two year,Bank transfer (automatic),Fiber optic,63,97.45
0971-QIFJK,0.008217,0,0,train,Two year,Bank transfer (automatic),No,69,24.25
9397-TZSHA,0.008198,0,0,train,Two year,Credit card (automatic),No,69,24.6
3391-JSQEW,0.111046,0,0,train,Month-to-month,Mailed check,DSL,40,50.15
0343-QLUZP,0.017897,0,0,train,Two year,Bank transfer (automatic),DSL,60,39.6
9763-PDTKK,0.540897,1,1,train,Month-to-month,Bank transfer (automatic),Fiber optic,4,94.4
2176-LVPNX,0.014832,0,0,train,Two year,Mailed check,DSL,71,89.85
7627-JKIAZ,0.333998,1,1,train,Month-to-month,Credit card (automatic),Fiber optic,37,78.95
3312-UUMZW,0.523152,1,0,test,Month-to-month,Credit card (automatic),Fiber optic,32,98.85
1271-UODNO,0.032276,0,0,test,Two year,Credit card (automatic),DSL,39,53.85
8461-EFQYM,0.058334,0,0,train,One year,Electronic check,No,38,24.25
6900-RBKER,0.149106,0,0,test,Two year,Credit card (automatic),Fiber optic,52,89.45
6891-JPYFF,0.230403,0,0,train,Month-to-month,Credit card (automatic),Fiber optic,48,105.25
1459-QNFQT,0.01415,0,0,test,Two year,Bank transfer (automatic),DSL,70,59.5
1047-NNCBF,0.290173,1,0,train,Month-to-month,Credit card (automatic),Fiber optic,20,70.55
3696-XRIEN,0.107161,0,0,train,One year,Credit card (automatic),DSL,50,82.5
4081-DYXAV,0.252715,1,1,train,One year,Credit card (automatic),DSL,19,44.85
0074-HDKDG,0.055671,0,0,test,One year,Bank transfer (automatic),DSL,25,61.6
8791-GFXLZ,0.275756,1,0,train,Month-to-month,Bank transfer (automatic),DSL,12,49.05
8111-SLLHI,0.563736,1,1,train,Month-to-month,Electronic check,Fiber optic,39,105.65
0927-LCSMG,0.498008,1,1,train,Month-to-month,Mailed check,Fiber optic,7,74.65
9330-DHBFL,0.036376,0,0,test,One year,Mailed check,DSL,23,66.25
0098-BOWSO,0.12214,0,0,train,Month-to-month,Electronic check,No,27,19.4
3452-ABWRL,0.412356,1,0,train,Month-to-month,Credit card (automatic),Fiber optic,47,86.05
5859-HZYLF,0.01702,0,0,train,Two year,Credit card (automatic),No,26,19.15
8257-RZAHR,0.259377,1,1,train,Month-to-month,Bank transfer (automatic),DSL,14,64.7
5293-WXJAK,0.754016,1,1,train,Month-to-month,Bank transfer (automatic),Fiber optic,11,104.05
3156-QLHBO,0.169686,0,0,train,Month-to-month,Mailed check,No,2,19.25
2208-NQBCT,0.213611,0,0,train,Month-to-month,Electronic check,Fiber optic,26,81.95
1779-PWPMG,0.063476,0,0,train,Two year,Bank transfer (automatic),Fiber optic,72,114.65
6621-NRZAK,0.005873,0,0,train,Two year,Credit card (automatic),No,63,20.0
0831-JNISG,0.003747,0,0,train,Two year,Mailed check,No,71,19.8
0774-IFUVM,0.365472,1,0,train,Month-to-month,Bank transfer (automatic),DSL,11,65.15
3082-WQRVY,0.061611,0,0,train,One year,Mailed check,No,14,19.65
9553-DLCLU,0.040982,0,0,train,Two year,Credit card (automatic),DSL,13,88.95
1641-BYBTK,0.186386,0,0,train,Month-to-month,Mailed check,No,6,20.2
2460-NGXBJ,0.621702,1,0,train,Month-to-month,Credit card (automatic),Fiber optic,11,75.2
2446-ZKVAF,0.174213,0,0,test,Month-to-month,Credit card (automatic),DSL,18,56.8
0841-NULXI,0.69439,1,1,test,Month-to-month,Electronic check,DSL,1,35.55
3522-CDKHF,0.257233,1,0,train,Month-to-month,Bank transfer (automatic),Fiber optic,32,75.5
1430-SFQSA,0.055992,0,0,train,One year,Mailed check,DSL,29,35.6
0411-EZJZE,0.656295,1,0,train,Month-to-month,Electronic check,DSL,3,60.25
7851-WZEKY,0.88129,1,1,train,Month-to-month,Electronic check,Fiber optic,2,95.15
8844-TONUD,0.507198,1,1,train,Month-to-month,Mailed check,Fiber optic,13,96.65
8807-ARQET,0.24467,1,0,train,Month-to-month,Electronic check,DSL,41,40.35
8992-CEUEN,0.242896,1,0,test,Month-to-month,Electronic check,No,1,18.85
4320-QMLLA,0.382094,1,0,train,Month-to-month,Mailed check,DSL,7,54.85
8777-PVYGU,0.073822,0,0,test,One year,Mailed check,DSL,52,64.3
8292-ITGYJ,0.012572,0,0,test,Two year,Bank transfer (automatic),No,45,24.65
6870-ZWMNX,0.016075,0,0,train,Two year,Credit card (automatic),DSL,70,76.1
0621-CXBKL,0.009502,0,0,train,Two year,Mailed check,No,53,18.7
5268-DSMNQ,0.218838,0,0,train,One year,Credit card (automatic),Fiber optic,62,97.95
5334-JLAXU,0.231983,0,0,train,Month-to-month,Credit card (automatic),Fiber optic,60,94.1
4086-YQSNZ,0.768566,1,1,train,Month-to-month,Electronic check,Fiber optic,3,80.4
6242-MBHPK,0.471381,1,0,train,Month-to-month,Electronic check,Fiber optic,23,95.1
5868-CZJDR,0.458687,1,1,train,Month-to-month,Mailed check,DSL,1,31.35
9359-UGBTK,0.025344,0,0,test,One year,Bank transfer (automatic),DSL,67,72.35
0135-NMXAP,0.661575,1,1,train,Month-to-month,Bank transfer (automatic),Fiber optic,12,89.75
4782-OSFXZ,0.014767,0,0,train,Two year,Bank transfer (automatic),DSL,71,82.7
6479-OAUSD,0.03221,0,0,train,One year,Credit card (automatic),No,25,19.9
7129-ACFOG,0.470904,1,0,test,Month-to-month,Electronic check,DSL,5,53.8
4189-NAKJS,0.152538,0,0,train,One year,Credit card (automatic),DSL,26,51.55
5562-BETPV,0.093044,0,0,train,One year,Mailed check,No,1,19.65
1282-IHQAC,0.086707,0,0,train,One year,Credit card (automatic),DSL,70,44.05
9127-FHJBZ,0.04884,0,0,train,Two year,Electronic check,Fiber optic,72,114.0
6270-OMFIW,0.246471,1,1,test,One year,Electronic check,Fiber optic,60,94.4
1641-RQDAY,0.582454,1,0,train,Month-to-month,Electronic check,Fiber optic,32,100.4
0107-WESLM,0.336992,1,1,train,Month-to-month,Electronic check,No,1,19.85
6994-ORCWG,0.148489,0,0,train,One year,Mailed check,DSL,14,54.25
1346-UFHAX,0.425034,1,0,test,Month-to-month,Credit card (automatic),Fiber optic,13,80.0
3992-YWPKO,0.732693,1,1,train,Month-to-month,Credit card (automatic),Fiber optic,6,109.9
2933-XEUJM,0.028615,0,0,train,Two year,Mailed check,DSL,46,79.2
0125-LZQXK,0.583722,1,1,train,Month-to-month,Electronic check,Fiber optic,15,101.35
5461-QKNTN,0.390437,1,0,test,Month-to-month,Electronic check,Fiber optic,43,94.3
4835-YSJMR,0.02154,0,0,train,Two year,Bank transfer (automatic),DSL,39,49.8
8399-YNDCH,0.216842,0,1,train,Month-to-month,Bank transfer (automatic),DSL,21,60.05
3164-YAXFY,0.224192,0,0,train,Month-to-month,Electronic check,DSL,57,53.75
0887-WBJVH,0.261556,1,0,train,One year,Electronic check,Fiber optic,53,93.45
4660-IRIBM,0.35837,1,0,test,Month-to-month,Mailed check,Fiber optic,18,87.9
5673-FSSMF,0.687945,1,1,train,Month-to-month,Electronic check,DSL,1,60.15
7670-ZBPOQ,0.043895,0,0,train,One year,Bank transfer (automatic),DSL,58,61.05
8089-UZWLX,0.071625,0,0,test,Two year,Bank transfer (automatic),Fiber optic,71,104.05
0080-OROZO,0.296224,1,0,train,One year,Electronic check,Fiber optic,35,99.25
3916-NRPAP,0.596568,1,0,train,Month-to-month,Credit card (automatic),Fiber optic,3,85.7
6807-SIWJI,0.295143,1,0,train,One year,Electronic check,Fiber optic,38,104.85
8221-HVAYI,0.017621,0,0,train,Two year,Credit card (automatic),DSL,35,69.15
1579-KLYDT,0.792534,1,1,train,Month-to-month,Electronic check,Fiber optic,7,90.45
5232-NXPAY,0.02464,0,0,train,Two year,Mailed check,DSL,47,74.45
8967-SZQAS,0.194494,0,0,train,Month-to-month,Electronic check,DSL,14,50.45
4468-KAZHE,0.338482,1,0,train,Month-to-month,Electronic check,DSL,20,60.0
0455-ENTCR,0.022794,0,0,train,Two year,Electronic check,DSL,66,85.25
8944-AILEF,0.125149,0,0,train,Month-to-month,Credit card (automatic),No,15,19.45
5542-NKVRU,0.012442,0,0,train,Two year,Bank transfer (automatic),No,42,20.75
7126-RBHSD,0.362871,1,0,train,Month-to-month,Electronic check,Fiber optic,17,78.9
5370-IIVVL,0.239339,0,0,train,One year,Credit card (automatic),Fiber optic,37,104.5
6789-HJBWG,0.366011,1,0,train,Month-to-month,Electronic check,DSL,12,49.4
3927-NLNRY,0.215378,0,1,train,One year,Bank transfer (automatic),Fiber optic,53,94.25
9087-EYCPR,0.010941,0,0,train,Two year,Mailed check,No,60,25.0
6791-YBNAK,0.165726,0,0,train,Month-to-month,Credit card (automatic),DSL,18,25.55
6358-LYNGM,0.79989,1,1,train,Month-to-month,Electronic check,Fiber optic,1,74.9
6077-BDPXA,0.706364,1,0,test,Month-to-month,Electronic check,Fiber optic,3,70.15
0013-MHZWF,0.350819,1,0,test,Month-to-month,Credit card (automatic),DSL,9,69.4
5494-HECPR,0.76768,1,1,train,Month-to-month,Electronic check,Fiber optic,1,80.25
8268-YDIXR,0.146966,0,0,train,One year,Electronic check,Fiber optic,56,93.15
9824-BEMCV,0.447845,1,1,train,Month-to-month,Electronic check,Fiber optic,17,69.0
1373-ORVIZ,0.43626,1,1,train,Month-to-month,Electronic check,DSL,11,66.35
4291-SHSBH,0.690325,1,0,train,Month-to-month,Electronic check,Fiber optic,7,69.55
6980-IMXXE,0.003694,0,0,train,Two year,Bank transfer (automatic),No,69,20.2
9866-QEVEE,0.530485,1,1,test,Month-to-month,Bank transfer (automatic),Fiber optic,19,86.0
9897-KXHCM,0.727143,1,1,train,Month-to-month,Electronic check,Fiber optic,3,80.3
0040-HALCW,0.007999,0,0,test,Two year,Credit card (automatic),No,54,20.4
0784-GTUUK,0.034029,0,0,train,One year,Credit card (automatic),No,62,23.75
7979-CORPM,0.447331,1,1,train,Month-to-month,Credit card (automatic),Fiber optic,24,90.55
2294-DMMUS,0.176521,0,0,test,Month-to-month,Credit card (automatic),DSL,62,70.45
0872-JCPIB,0.192355,0,0,train,Month-to-month,Bank transfer (automatic),DSL,17,65.75
3055-MJDSB,0.511545,1,0,train,Month-to-month,Mailed check,DSL,9,24.6
9091-WTUUY,0.009666,0,0,train,Two year,Mailed check,DSL,64,69.25
1618-CFHME,0.784748,1,1,train,Month-to-month,Electronic check,Fiber optic,2,75.9
3165-HDOEW,0.398378,1,1,train,Month-to-month,Mailed check,DSL,1,45.85
6581-NQCBA,0.418667,1,1,train,Month-to-month,Electronic check,DSL,16,49.95
7115-IRDHS,0.005614,0,0,train,Two year,Bank transfer (automatic),No,72,24.65
8496-DMZUK,0.14609,0,0,train,One year,Bank transfer (automatic),Fiber optic,30,90.4
2040-VZIKE,0.513328,1,0,train,Month-to-month,Mailed check,Fiber optic,49,100.85
9068-VPWQQ,0.015389,0,0,train,Two year,Credit card (automatic),DSL,61,75.35
0178-SZBHO,0.256551,1,0,train,Month-to-month,Electronic check,Fiber optic,47,87.2
0384-RVBPI,0.128908,0,0,train,Month-to-month,Credit card (automatic),DSL,20,64.4
1689-MRZQR,0.306973,1,1,train,Month-to-month,Electronic check,Fiber optic,34,78.3
1299-AURJA,0.006584,0,0,train,Two year,Bank transfer (automatic),No,70,24.7
4525-VZCZG,0.151771,0,0,train,One year,Electronic check,Fiber optic,54,105.85
1543-LLLFT,0.209148,0,0,train,One year,Mailed check,Fiber optic,61,98.3
5835-BEQEU,0.78381,1,1,train,Month-to-month,Electronic check,Fiber optic,3,76.95
2788-CJQAQ,0.046348,0,0,test,One year,Mailed check,No,13,19.45
5565-FILXA,0.73206,1,1,train,Month-to-month,Electronic check,Fiber optic,16,96.15
0319-QZTCO,0.389888,1,0,train,Month-to-month,Credit card (automatic),DSL,3,58.7
2120-SMPEX,0.097679,0,0,train,Month-to-month,Mailed check,No,25,20.15
0096-FCPUF,0.239675,0,0,train,Month-to-month,Mailed check,DSL,30,64.5
0668-OGMHD,0.202602,0,0,test,Month-to-month,Electronic check,DSL,21,28.5
5552-ZNFSJ,0.404895,1,1,train,Month-to-month,Electronic check,DSL,1,45.3
2223-KAGMX,0.077097,0,1,train,Month-to-month,Bank transfer (automatic),No,15,19.4
6507-ZJSUR,0.617619,1,0,test,Month-to-month,Electronic check,Fiber optic,23,90.45
9408-HRXRK,0.323434,1,0,train,Month-to-month,Electronic check,Fiber optic,45,105.15
5593-SUAOO,0.155844,0,0,train,One year,Bank transfer (automatic),Fiber optic,24,83.15
7321-PKUYW,0.628495,1,1,train,Month-to-month,Electronic check,Fiber optic,11,90.15
2833-SLKDQ,0.344719,1,1,train,Month-to-month,Mailed check,DSL,1,45.05
6766-HFKLA,0.094259,0,0,test,Two year,Bank transfer (automatic),Fiber optic,56,103.2
7595-EUIVN,0.61286,1,1,train,Month-to-month,Electronic check,Fiber optic,1,75.8
7617-EYGLW,0.256501,1,0,train,Month-to-month,Electronic check,No,1,19.45
2026-TGDHM,0.743638,1,1,train,Month-to-month,Electronic check,Fiber optic,7,79.3
9220-ZNKJI,0.060594,0,0,test,Two year,Credit card (automatic),Fiber optic,55,88.8
4030-VPZBD,0.547829,1,1,train,Month-to-month,Electronic check,DSL,2,30.9
2226-ICFDO,0.017138,0,0,train,Two year,Credit card (automatic),DSL,72,85.9
0723-VSOBE,0.109711,0,0,train,One year,Electronic check,DSL,45,34.2
5529-GIBVH,0.006086,0,0,train,Two year,Mailed check,No,47,20.15
4187-CINZD,0.140404,0,1,train,One year,Credit card (automatic),Fiber optic,46,95.25
9992-UJOEL,0.397314,1,0,test,Month-to-month,Mailed check,DSL,2,50.3
4741-WWJQZ,0.627956,1,0,train,Month-to-month,Electronic check,Fiber optic,2,80.15
6625-UTXEW,0.359443,1,0,train,Month-to-month,Electronic check,DSL,12,51.25
6818-WOBHJ,0.277392,1,1,train,Month-to-month,Bank transfer (automatic),Fiber optic,68,89.6
6244-BESBM,0.040296,0,0,train,Two year,Credit card (automatic),Fiber optic,69,95.2
1004-NOZNR,0.108746,0,0,train,One year,Credit card (automatic),Fiber optic,56,94.8
1251-STYSZ,0.732932,1,0,train,Month-to-month,Electronic check,Fiber optic,4,80.25
2612-PHGOX,0.026278,0,0,train,Two year,Bank transfer (automatic),DSL,64,76.1
2408-TZMJL,0.239133,0,1,train,One year,Electronic check,Fiber optic,59,110.15
8480-PPONV,0.035809,0,0,train,Two year,Bank transfer (automatic),Fiber optic,62,115.55
8780-IHCRN,0.008805,0,0,train,Two year,Credit card (automatic),No,63,24.65
4598-ZADCK,0.087827,0,0,train,One year,Electronic check,DSL,53,53.6
1257-SXUXQ,0.157546,0,0,train,Month-to-month,Mailed check,No,5,19.45
9681-KYGYB,0.38659,1,0,train,Month-to-month,Electronic check,Fiber optic,49,88.2
7182-OVLBJ,0.074939,0,0,train,Two year,Bank transfer (automatic),Fiber optic,62,101.15
5095-ETBRJ,0.010409,0,0,train,Two year,Mailed check,DSL,55,56.8
7005-CYUIL,0.034527,0,0,train,Two year,Electronic check,Fiber optic,71,99.4
4821-WQOYN,0.005602,0,0,test,Two year,Credit card (automatic),No,72,20.1
4730-AWNAU,0.055788,0,0,train,One year,Credit card (automatic),DSL,36,60.7
3452-FLHYD,0.056971,0,0,train,One year,Bank transfer (automatic),No,25,20.95
2388-LAESQ,0.050118,0,0,test,Two year,Bank transfer (automatic),Fiber optic,72,114.85
9531-NSBMR,0.036299,0,0,train,One year,Bank transfer (automatic),No,36,19.25
6260-ONULR,0.622882,1,0,train,Month-to-month,Mailed check,DSL,1,62.8
4389-UEFCZ,0.091705,0,0,train,Two year,Electronic check,Fiber optic,72,105.5
8711-LOBKY,0.007193,0,0,test,Two year,Mailed check,No,59,19.85
9134-CEQMF,0.813366,1,1,train,Month-to-month,Electronic check,Fiber optic,7,89.5
8985-OOPOS,0.241892,1,0,test,One year,Credit card (automatic),DSL,1,74.1
8800-ZKRFW,0.518857,1,0,train,Month-to-month,Electronic check,Fiber optic,30,107.5
2616-FLVQC,0.007092,0,0,test,Two year,Mailed check,No,64,19.55
9968-FFVVH,0.020904,0,0,test,One year,Bank transfer (automatic),DSL,63,68.8
3108-PCCGG,0.020823,0,0,train,Two year,Credit card (automatic),DSL,72,84.45
7993-PYKOF,0.468144,1,1,train,Month-to-month,Electronic check,Fiber optic,8,75.0
8390-FESFV,0.025614,0,0,test,Two year,Bank transfer (automatic),DSL,62,84.5
3022-BEXHZ,0.057271,0,0,train,Two year,Bank transfer (automatic),Fiber optic,67,111.2
5027-XWQHA,0.365674,1,1,train,Month-to-month,Electronic check,DSL,6,44.75
6248-TKCQV,0.019531,0,0,train,Two year,Bank transfer (automatic),DSL,70,80.6
6729-GDNGC,0.376045,1,0,test,Month-to-month,Bank transfer (automatic),Fiber optic,20,80.7
6198-ZFIOJ,0.721821,1,0,train,Month-to-month,Electronic check,Fiber optic,5,75.6
5989-OMNJE,0.136307,0,0,train,One year,Electronic check,DSL,24,57.6
4566-QVRRW,0.414373,1,1,train,Month-to-month,Electronic check,DSL,11,44.05
1291-CUOCY,0.059749,0,0,train,Two year,Credit card (automatic),Fiber optic,72,110.6
9795-SHUHB,0.00766,0,0,train,Two year,Credit card (automatic),DSL,66,58.2
3230-IUALN,0.01907,0,0,train,Two year,Mailed check,DSL,45,81.0
0042-RLHYP,0.004434,0,0,train,Two year,Bank transfer (automatic),No,69,19.7
8519-IMDHU,0.616655,1,1,train,Month-to-month,Bank transfer (automatic),Fiber optic,15,85.6
4945-RVMTE,0.229262,0,0,test,Month-to-month,Bank transfer (automatic),DSL,28,59.55
0201-OAMXR,0.068301,0,1,train,One year,Credit card (automatic),Fiber optic,70,115.55
1866-NXPSP,0.040185,0,0,train,One year,Mailed check,DSL,36,75.55
3372-KWFBM,0.658314,1,1,train,Month-to-month,Electronic check,Fiber optic,16,86.6
7831-QGOXH,0.636441,1,1,train,Month-to-month,Electronic check,Fiber optic,18,85.2
6393-WRYZE,0.591804,1,1,train,Month-to-month,Electronic check,Fiber optic,34,97.65
3941-XTSKM,0.091562,0,0,train,One year,Credit card (automatic),DSL,42,45.1
1661-CZBAU,0.045381,0,0,train,One year,Bank transfer (automatic),DSL,48,70.95
6599-RCLCJ,0.383291,1,1,train,Month-to-month,Electronic check,Fiber optic,47,109.55
9831-BPFRI,0.158334,0,1,train,One year,Electronic check,Fiber optic,39,89.55
5158-RIVOP,0.025754,0,0,train,Two year,Credit card (automatic),No,11,20.9
9788-YTFGE,0.212138,0,0,test,Month-to-month,Mailed check,No,7,19.95
9277-JOOMO,0.244365,1,0,train,Month-to-month,Mailed check,No,3,24.6
1907-YLNYW,0.433507,1,0,train,Month-to-month,Electronic check,DSL,8,66.7
1725-MIMXW,0.225561,0,1,train,Month-to-month,Mailed check,No,1,19.45
8947-YRTDV,0.131142,0,0,train,One year,Mailed check,Fiber optic,32,94.8
3161-ONRWK,0.019369,0,0,test,One year,Bank transfer (automatic),DSL,60,65.85
0114-RSRRW,0.189238,0,0,train,Month-to-month,Bank transfer (automatic),No,10,19.95
4565-NLZBV,0.012218,0,0,train,Two year,Bank transfer (automatic),No,71,24.65
0031-PVLZI,0.140939,0,1,train,Month-to-month,Mailed check,No,4,20.35
7206-GZCDC,0.759074,1,1,train,Month-to-month,Electronic check,Fiber optic,1,69.25
6682-VCIXC,0.043444,0,0,train,One year,Bank transfer (automatic),DSL,43,51.25
4791-QRGMF,0.266123,1,1,train,One year,Bank transfer (automatic),Fiber optic,59,99.5
6475-VHUIZ,0.128034,0,0,train,Month-to-month,Electronic check,DSL,23,54.25
3910-MRQOY,0.004722,0,0,test,Two year,Bank transfer (automatic),No,72,19.4
0661-WCQNQ,0.043382,0,0,train,One year,Credit card (automatic),DSL,22,56.25
7537-RBWEA,0.554035,1,0,train,Month-to-month,Mailed check,DSL,1,25.15
4656-CAURT,0.006568,0,0,train,Two year,Bank transfer (automatic),No,69,23.95
0121-SNYRK,0.066472,0,0,test,One year,Mailed check,DSL,50,35.4
1768-ZAIFU,0.661743,1,1,test,Month-to-month,Electronic check,DSL,1,25.2
4671-LXRDQ,0.427881,1,1,train,Month-to-month,Mailed check,DSL,2,45.0
3733-LSYCE,0.281962,1,0,train,Month-to-month,Bank transfer (automatic),Fiber optic,15,75.35
6265-FRMTQ,0.013679,0,0,train,Two year,Bank transfer (automatic),No,31,20.4
1934-SJVJK,0.189761,0,1,train,Month-to-month,Mailed check,No,1,20.15
3838-OZURD,0.353138,1,1,train,Month-to-month,Credit card (automatic),Fiber optic,66,105.0
1371-DWPAZ,0.101576,0,0,train,Two year,Credit card (automatic),DSL,0,56.05
9269-CQOOL,0.443623,1,1,train,Month-to-month,Credit card (automatic),DSL,3,54.7
2017-CCBLH,0.032671,0,0,train,Two year,Mailed check,No,8,20.0
7690-KPNCU,0.047869,0,0,test,One year,Credit card (automatic),DSL,64,73.05
0536-BGFMZ,0.071189,0,0,train,Month-to-month,Mailed check,No,28,20.5
2293-IJWPS,0.290319,1,0,test,One year,Credit card (automatic),Fiber optic,57,100.75
2845-HSJCY,0.650164,1,1,test,Month-to-month,Electronic check,Fiber optic,14,87.25
5469-NUJUR,0.025408,0,0,test,Two year,Mailed check,No,19,19.95
1184-PJVDB,0.726555,1,1,train,Month-to-month,Electronic check,Fiber optic,10,79.95
2625-TRCZQ,0.330712,1,0,train,Month-to-month,Electronic check,DSL,51,49.65
4102-HLENU,0.011981,0,0,train,Two year,Mailed check,DSL,67,65.65
7266-GSSJX,0.200309,0,0,test,Month-to-month,Electronic check,No,11,20.45
7722-VJRQD,0.010633,0,0,train,Two year,Bank transfer (automatic),DSL,72,60.95
7073-QETQY,0.021101,0,0,train,One year,Electronic check,No,66,20.35
9415-DPEWS,0.580136,1,1,train,Month-to-month,Electronic check,Fiber optic,18,88.35
5624-RYAMH,0.250566,1,0,train,Month-to-month,Electronic check,No,9,19.5
0196-JTUQI,0.665537,1,0,train,Month-to-month,Credit card (automatic),Fiber optic,9,75.2
7130-YXBRO,0.288665,1,0,train,Month-to-month,Bank transfer (automatic),Fiber optic,48,111.45
9272-LSVYH,0.479529,1,0,train,Month-to-month,Mailed check,Fiber optic,10,70.15
7943-RQCHR,0.850111,1,1,train,Month-to-month,Electronic check,Fiber optic,9,94.75
3793-MMFUH,0.78739,1,1,train,Month-to-month,Electronic check,Fiber optic,13,95.05
3249-ZPQRG,0.666194,1,1,train,Month-to-month,Electronic check,Fiber optic,4,78.45
2568-BRGYX,0.677396,1,1,train,Month-to-month,Electronic check,Fiber optic,4,70.2
3084-DOWLE,0.011046,0,0,train,Two year,Bank transfer (automatic),DSL,72,92.0
1084-MNSMJ,0.013475,0,0,train,Two year,Credit card (automatic),DSL,51,85.5
7721-JXEAW,0.180476,0,1,train,Month-to-month,Bank transfer (automatic),DSL,59,41.05
7249-WBIYX,0.78337,1,1,test,Month-to-month,Electronic check,Fiber optic,10,85.6
4238-HFHSN,0.375618,1,0,train,Month-to-month,Electronic check,Fiber optic,61,82.15
6250-CGGUN,0.075471,0,0,train,One year,Electronic check,Fiber optic,54,84.4
5478-JJVZK,0.139193,0,0,train,Month-to-month,Mailed check,DSL,33,60.9
7596-IIWYC,0.021053,0,0,train,Two year,Bank transfer (automatic),No,27,20.25
6567-HOOPW,0.812947,1,1,train,Month-to-month,Electronic check,Fiber optic,1,79.2
9793-WECQC,0.384752,1,0,train,Month-to-month,Mailed check,Fiber optic,23,95.3
4291-HPAXL,0.147356,0,0,train,Month-to-month,Mailed check,No,1,19.85
8999-YPYBV,0.020734,0,0,train,Two year,Mailed check,DSL,45,84.35
1839-FBNFR,0.009535,0,0,train,Two year,Bank transfer (automatic),No,39,19.85
3164-AALRN,0.365438,1,1,train,One year,Mailed check,DSL,5,70.0
3071-MVJCD,0.0071,0,0,test,Two year,Bank transfer (automatic),DSL,72,82.3
1697-BCSHV,0.162025,0,0,train,Month-to-month,Bank transfer (automatic),DSL,58,66.8
0562-KBDVM,0.009754,0,0,train,Two year,Bank transfer (automatic),DSL,70,44.6
1131-SUEKT,0.114791,0,0,test,One year,Bank transfer (automatic),Fiber optic,61,98.45
3717-OEAUQ,0.562997,1,0,test,Month-to-month,Mailed check,Fiber optic,2,70.7
4538-WNTMJ,0.019822,0,0,train,One year,Mailed check,No,46,24.95
3334-CTHOL,0.507143,1,1,test,Month-to-month,Bank transfer (automatic),DSL,1,49.95
4704-ERYFC,0.412969,1,1,train,Month-to-month,Electronic check,Fiber optic,22,69.25
9432-RUVSL,0.055829,0,0,train,Two year,Credit card (automatic),Fiber optic,48,102.5
8060-HIWJJ,0.018977,0,0,train,Two year,Credit card (automatic),DSL,64,86.55
7684-XSZIY,0.006264,0,0,train,Two year,Bank transfer (automatic),No,72,24.3
9089-UOWJG,0.349278,1,0,test,Month-to-month,Credit card (automatic),DSL,12,58.35
8621-MNIHH,0.562468,1,1,test,Month-to-month,Electronic check,Fiber optic,34,94.25
8039-ACLPL,0.007069,0,0,train,Two year,Credit card (automatic),DSL,72,68.75
9885-AIBVB,0.525057,1,0,train,Month-to-month,Electronic check,Fiber optic,29,85.8
1934-MKPXS,0.018913,0,0,train,One year,Credit card (automatic),No,33,20.1
2592-YKDIF,0.18132,0,0,train,Month-to-month,Mailed check,No,1,20.35
2272-JKMSI,0.204143,0,0,train,One year,Electronic check,Fiber optic,62,110.8
0471-LVHGK,0.202228,0,1,train,One year,Electronic check,DSL,41,73.0
9518-RWHZL,0.218214,0,1,train,One year,Credit card (automatic),Fiber optic,64,100.05
8714-CTZJW,0.680974,1,0,train,Month-to-month,Credit card (automatic),Fiber optic,4,82.85
3569-EDBPQ,0.33603,1,0,test,Month-to-month,Electronic check,Fiber optic,24,84.35
3131-NWVFJ,0.032441,0,0,train,One year,Mailed check,No,14,19.55
7521-YXVZY,0.155968,0,0,train,Month-to-month,Mailed check,No,3,19.95
5419-CONWX,0.751068,1,1,test,Month-to-month,Credit card (automatic),Fiber optic,4,99.8
6240-EURKS,0.422546,1,1,train,Month-to-month,Electronic check,DSL,18,35.0
2373-NTKOD,0.599188,1,0,train,Month-to-month,Electronic check,DSL,8,66.25
1970-KKFWL,0.011669,0,0,train,Two year,Bank transfer (automatic),No,35,23.3
6960-HVYXR,0.741426,1,1,train,Month-to-month,Electronic check,Fiber optic,1,76.0
9337-SRRNI,0.01261,0,0,train,Two year,Credit card (automatic),No,66,25.3
0895-UADGO,0.104217,0,0,train,Two year,Mailed check,DSL,8,44.55
5678-VFNEQ,0.141373,0,0,train,One year,Credit card (automatic),Fiber optic,71,104.1
5977-CKHON,0.292493,1,0,train,Month-to-month,Bank transfer (automatic),Fiber optic,43,92.55
7024-OHCCK,0.876651,1,1,train,Month-to-month,Electronic check,Fiber optic,2,93.85
2692-BUCFV,0.517108,1,0,train,Month-to-month,Bank transfer (automatic),Fiber optic,29,101.45
7861-UVUFT,0.596776,1,1,test,Month-to-month,Electronic check,Fiber optic,15,84.3
1830-GGFNM,0.016763,0,0,train,Two year,Credit card (automatic),Fiber optic,65,94.55
5302-BDJNT,0.387631,1,0,train,Month-to-month,Electronic check,Fiber optic,35,95.5
5223-UZAVK,0.126882,0,0,train,One year,Credit card (automatic),Fiber optic,64,100.3
4859-ZSRDZ,0.053445,0,0,train,Two year,Credit card (automatic),DSL,58,55.5
5651-WYIPH,0.217325,0,0,train,Month-to-month,Credit card (automatic),DSL,18,49.85
9350-VLHMB,0.239857,0,0,train,Month-to-month,Bank transfer (automatic),Fiber optic,67,89.55
3498-LZGQZ,0.009958,0,0,train,Two year,Mailed check,No,63,19.15
8785-CJSHH,0.484543,1,0,test,Month-to-month,Electronic check,Fiber optic,60,99.8
5357-TZHPP,0.747665,1,1,test,Month-to-month,Credit card (automatic),Fiber optic,9,84.4
3870-SPZSI,0.039678,0,0,train,Two year,Credit card (automatic),Fiber optic,70,113.05
0680-DFNNY,0.707327,1,1,train,Month-to-month,Electronic check,Fiber optic,15,101.1
7560-QRBXH,0.012949,0,0,train,One year,Mailed check,No,48,19.95
7077-XJMET,0.471069,1,0,train,Month-to-month,Electronic check,DSL,12,74.15
8752-GHJFU,0.088288,0,0,train,One year,Electronic check,Fiber optic,71,92.0
6896-SRVYQ,0.299105,1,0,train,Month-to-month,Electronic check,Fiber optic,44,73.85
7767-UXAGJ,0.62398,1,1,train,Month-to-month,Electronic check,DSL,1,50.45
4652-ODEVH,0.006969,0,0,train,Two year,Mailed check,No,45,24.45
6510-UPNKS,0.036382,0,0,train,One year,Credit card (automatic),No,23,24.8
6718-BDGHG,0.071244,0,0,train,One year,Bank transfer (automatic),DSL,43,64.85
9046-DQMTP,0.039403,0,0,train,Month-to-month,Bank transfer (automatic),No,35,20.75
6439-LAJXL,0.227954,0,0,train,Month-to-month,Mailed check,DSL,9,68.95
1571-SAVHK,0.711652,1,1,train,Month-to-month,Mailed check,Fiber optic,12,99.95
9052-VKDUW,0.308863,1,0,train,Month-to-month,Credit card (automatic),Fiber optic,65,109.4
9546-CQJSU,0.815381,1,1,train,Month-to-month,Electronic check,Fiber optic,2,91.4
1666-JZPZT,0.206206,0,0,train,Month-to-month,Mailed check,DSL,27,49.0
5777-KJIRB,0.069931,0,0,train,One year,Mailed check,DSL,40,50.25
0506-LVNGN,0.63997,1,1,test,Month-to-month,Credit card (automatic),Fiber optic,5,75.55
7677-SJJJK,0.062488,0,0,test,One year,Credit card (automatic),No,8,19.9
2480-EJWYP,0.290957,1,0,test,One year,Bank transfer (automatic),Fiber optic,58,97.8
3253-HKOKL,0.176855,0,0,train,One year,Electronic check,Fiber optic,52,100.3
7055-HNEOJ,0.355873,1,0,test,Month-to-month,Mailed check,DSL,3,55.8
5514-YQENT,0.061925,0,0,test,Two year,Electronic check,Fiber optic,41,111.15
3211-AAPKX,0.585047,1,0,train,Month-to-month,Mailed check,Fiber optic,20,98.55
8445-DNBAE,0.551861,1,0,test,Month-to-month,Electronic check,DSL,1,50.05
2951-QOQTK,0.490434,1,1,train,Month-to-month,Credit card (automatic),Fiber optic,4,80.8
2958-NHPPS,0.08086,0,0,test,Month-to-month,Electronic check,No,23,20.85
6806-YDEUL,0.163982,0,0,train,Month-to-month,Bank transfer (automatic),No,6,19.5
1735-XMJVH,0.181661,0,0,train,Month-to-month,Mailed check,No,8,19.35
6890-PFRQX,0.201629,0,0,test,Month-to-month,Mailed check,DSL,18,69.5
0222-CNVPT,0.329424,1,0,train,Month-to-month,Credit card (automatic),DSL,52,48.8
5899-OUVKV,0.508939,1,0,train,Month-to-month,Electronic check,Fiber optic,31,94.5
8681-ICONS,0.071814,0,0,train,Month-to-month,Mailed check,No,29,20.65
1621-YNCJH,0.0654,0,0,train,Two year,Credit card (automatic),Fiber optic,36,106.05
3473-XIIIT,0.689517,1,1,train,Month-to-month,Electronic check,Fiber optic,16,100.0
6362-QHAFM,0.276529,1,0,train,One year,Electronic check,Fiber optic,42,108.3
7893-IXHRQ,0.239932,0,1,test,Month-to-month,Electronic check,No,1,20.55
3070-BDOQC,0.12901,0,0,train,Two year,Electronic check,Fiber optic,60,99.65
2952-QAYZF,0.753993,1,1,train,Month-to-month,Electronic check,Fiber optic,5,85.3
6234-PFPXL,0.262923,1,0,test,Month-to-month,Credit card (automatic),Fiber optic,22,95.9
9824-QCJPK,0.025528,0,0,test,One year,Mailed check,No,36,20.0
4763-PGDPO,0.6042,1,1,train,Month-to-month,Electronic check,Fiber optic,4,70.4
4283-IVYCI,0.203417,0,0,train,Month-to-month,Mailed check,DSL,9,64.95
1866-OBPNR,0.477201,1,0,train,Month-to-month,Credit card (automatic),Fiber optic,1,74.6
8205-MQUGY,0.286133,1,0,train,Month-to-month,Electronic check,DSL,12,49.2
8970-ANWXO,0.168384,0,0,test,One year,Mailed check,DSL,23,73.75
9480-BQJEI,0.132857,0,0,test,One year,Bank transfer (automatic),Fiber optic,62,92.3
5394-SVGJV,0.336107,1,1,train,Month-to-month,Bank transfer (automatic),Fiber optic,37,98.8
6979-TNDEU,0.147413,0,0,train,Month-to-month,Mailed check,No,8,19.2
9777-WJJPR,0.397863,1,0,train,Month-to-month,Credit card (automatic),Fiber optic,31,88.65
9283-LZQOH,0.481662,1,1,test,Month-to-month,Credit card (automatic),Fiber optic,13,74.4
7079-QRCBC,0.64777,1,1,train,Month-to-month,Electronic check,Fiber optic,24,98.75
9495-SKLKD,0.282437,1,0,train,Month-to-month,Bank transfer (automatic),Fiber optic,45,95.95
6048-UWKAL,0.049743,0,0,train,Two year,Credit card (automatic),Fiber optic,69,105.4
5067-DGXLL,0.205291,0,0,train,Month-to-month,Mailed check,No,2,20.25
5469-CTCWN,0.194098,0,1,test,One year,Electronic check,Fiber optic,61,106.0
9851-QXEEQ,0.503797,1,1,train,Month-to-month,Electronic check,Fiber optic,41,104.7
6281-FKEWS,0.203206,0,0,train,One year,Electronic check,DSL,44,49.05
8898-KASCD,0.053743,0,0,train,One year,Mailed check,DSL,39,35.55
9242-TKFSV,0.015658,0,0,train,Two year,Credit card (automatic),DSL,72,65.1
9290-SHCMB,0.69799,1,0,train,Month-to-month,Electronic check,Fiber optic,13,96.85
0743-HNPFG,0.032957,0,0,train,One year,Credit card (automatic),DSL,51,69.75
2277-BKJKN,0.105283,0,0,train,Two year,Electronic check,Fiber optic,71,99.2
9809-IMGCQ,0.670372,1,1,train,Month-to-month,Electronic check,Fiber optic,22,96.7
5208-HFSBT,0.293422,1,1,train,Month-to-month,Credit card (automatic),DSL,2,55.05
5035-PGZXH,0.320102,1,0,train,One year,Electronic check,Fiber optic,56,106.8
8695-WDYEA,0.287537,1,0,train,Month-to-month,Mailed check,DSL,1,51.25
6543-JXSOO,0.032191,0,0,train,One year,Mailed check,DSL,23,57.75
8016-ZMGMO,0.074747,0,0,train,One year,Bank transfer (automatic),DSL,66,70.85
8605-ITULD,0.180176,0,0,train,Month-to-month,Mailed check,No,1,19.55
3254-YRILK,0.636289,1,1,train,Month-to-month,Electronic check,Fiber optic,19,88.2
6416-YJTTB,0.470543,1,0,train,Month-to-month,Bank transfer (automatic),Fiber optic,11,79.5
2667-WYLWJ,0.093337,0,1,train,One year,Mailed check,No,8,19.75
4472-VESGY,0.181124,0,0,train,Month-to-month,Bank transfer (automatic),Fiber optic,52,98.15
3195-TQDZX,0.314845,1,0,train,Month-to-month,Electronic check,No,3,20.25
3128-YOVTD,0.191104,0,0,train,Month-to-month,Bank transfer (automatic),Fiber optic,51,79.15
0529-ONKER,0.514353,1,1,train,Month-to-month,Electronic check,Fiber optic,15,75.65
1728-CXQBE,0.437621,1,0,train,Month-to-month,Electronic check,Fiber optic,64,94.25
7041-TXQJH,0.24267,1,0,train,Month-to-month,Credit card (automatic),DSL,37,40.2
5014-GSOUQ,0.024239,0,0,train,Two year,Mailed check,No,13,19.95
5724-BIDBU,0.100485,0,0,train,One year,Electronic check,DSL,49,55.35
0481-SUMCB,0.261935,1,0,train,One year,Bank transfer (automatic),Fiber optic,45,102.15
1769-GRUIK,0.493395,1,0,train,Month-to-month,Electronic check,Fiber optic,18,71.1
5240-IJOQT,0.826784,1,1,train,Month-to-month,Electronic check,Fiber optic,1,74.7
8819-WFGGJ,0.029477,0,0,train,Two year,Bank transfer (automatic),DSL,68,54.1
7427-AUFPY,0.012205,0,0,train,Two year,Credit card (automatic),No,54,19.65
2811-POVEX,0.424087,1,0,train,Month-to-month,Bank transfer (automatic),Fiber optic,23,88.45
1092-GANHU,0.487138,1,1,test,Month-to-month,Electronic check,Fiber optic,17,76.65
7898-PDWQE,0.009028,0,0,train,Two year,Credit card (automatic),DSL,71,80.4
9972-EWRJS,0.006893,0,0,train,Two year,Bank transfer (automatic),No,67,19.25
9314-IJWSQ,0.637527,1,0,train,Month-to-month,Electronic check,Fiber optic,14,84.8
0661-XEYAN,0.592638,1,1,train,Month-to-month,Mailed check,DSL,1,25.8
5799-JRCZO,0.004305,0,0,train,Two year,Credit card (automatic),No,63,19.5
1921-KYSAY,0.100755,0,0,train,One year,Electronic check,DSL,41,68.6
6198-RTPMF,0.640262,1,0,train,Month-to-month,Electronic check,Fiber optic,17,92.6
2924-KHUVI,0.297428,1,0,test,One year,Electronic check,Fiber optic,56,100.55
1925-GMVBW,0.163718,0,0,train,Month-to-month,Credit card (automatic),No,5,20.55
7881-EVUAD,0.577287,1,1,test,Month-to-month,Electronic check,DSL,2,42.6
6184-DYUOB,0.249227,1,0,test,Month-to-month,Mailed check,No,3,19.6
9207-ZPANB,0.048154,0,0,train,One year,Electronic check,DSL,37,67.45
5766-XQXMQ,0.15551,0,1,train,Month-to-month,Bank transfer (automatic),DSL,29,68.85
9327-QSDED,0.296937,1,0,test,Month-to-month,Mailed check,DSL,8,43.55
1656-DRSMG,0.314728,1,0,train,Month-to-month,Credit card (automatic),Fiber optic,63,109.85
3012-VFFMN,0.146663,0,0,train,Month-to-month,Mailed check,No,7,20.65
2984-AFWNC,0.747351,1,0,train,Month-to-month,Electronic check,Fiber optic,3,95.4
0640-YJTPY,0.004546,0,0,train,Two year,Bank transfer (automatic),No,72,21.0
8096-LOIST,0.328427,1,0,train,Month-to-month,Electronic check,DSL,19,56.2
9764-REAFF,0.007394,0,0,train,Two year,Bank transfer (automatic),No,59,18.4
3703-VAVCL,0.475903,1,1,train,Month-to-month,Credit card (automatic),Fiber optic,2,90.0
7107-UBYKY,0.110549,0,0,train,Month-to-month,Electronic check,No,35,25.75
4881-GQJTW,0.084914,0,0,train,Month-to-month,Credit card (automatic),No,14,19.6
8519-QJGJD,0.427388,1,1,train,Month-to-month,Electronic check,Fiber optic,14,75.35
7876-DNYAP,0.003769,0,0,train,Two year,Credit card (automatic),No,69,19.8
7905-NJMXS,0.301775,1,0,train,Month-to-month,Electronic check,DSL,7,64.2
2882-WDTBA,0.00826,0,0,train,Two year,Bank transfer (automatic),DSL,69,75.75
2091-GPPIQ,0.029926,0,0,train,Two year,Electronic check,DSL,72,78.95
6326-MTTXK,0.747381,1,1,train,Month-to-month,Electronic check,Fiber optic,8,100.85
5071-FBJFS,0.272964,1,0,train,Month-to-month,Electronic check,DSL,4,50.3
2796-UUZZO,0.179377,0,0,train,Month-to-month,Credit card (automatic),Fiber optic,63,80.3
2429-AYKKO,0.003834,0,0,train,Two year,Bank transfer (automatic),No,72,19.85
9798-OPFEM,0.014695,0,0,train,Two year,Electronic check,No,46,21.1
0330-IVZHA,0.612266,1,1,test,Month-to-month,Electronic check,Fiber optic,5,69.95
3794-NFNCH,0.188652,0,0,test,Month-to-month,Mailed check,DSL,30,50.0
5193-QLVZB,0.116277,0,0,train,Two year,Bank transfer (automatic),Fiber optic,63,104.75
7114-AEOZE,0.007558,0,0,test,Two year,Bank transfer (automatic),No,60,19.85
2886-KEFUM,0.248137,1,1,train,One year,Electronic check,Fiber optic,63,107.5
5522-NYKPB,0.371471,1,0,train,Month-to-month,Electronic check,Fiber optic,25,85.9
4237-RLAQD,0.438379,1,1,test,Month-to-month,Mailed check,DSL,1,45.85
9957-YODKZ,0.79027,1,0,train,Month-to-month,Electronic check,Fiber optic,6,80.8
6518-KZXCB,0.016787,0,0,train,Two year,Mailed check,No,22,25.25
2245-ADZFJ,0.037684,0,0,test,Two year,Bank transfer (automatic),DSL,31,80.55
7776-QGYJC,0.162572,0,0,train,Month-to-month,Bank transfer (automatic),Fiber optic,39,81.5
9313-QOLTZ,0.071242,0,0,test,Month-to-month,Mailed check,No,26,20.9
9651-GTSAQ,0.123595,0,1,train,One year,Bank transfer (automatic),Fiber optic,53,106.1
3186-BAXNB,0.602788,1,1,train,Month-to-month,Electronic check,Fiber optic,1,91.7
4672-FOTSD,0.285086,1,0,test,Month-to-month,Electronic check,DSL,12,67.25
0637-YLETY,0.488262,1,1,train,Month-to-month,Credit card (automatic),Fiber optic,16,95.6
9818-XQCUV,0.167895,0,0,train,Month-to-month,Mailed check,No,2,20.35
7338-ERIVA,0.03847,0,0,test,One year,Bank transfer (automatic),DSL,39,45.05
1157-BQCUW,0.78633,1,1,train,Month-to-month,Electronic check,Fiber optic,1,74.95
8259-NFJTV,0.241252,1,0,train,Month-to-month,Mailed check,DSL,7,34.65
3223-DWFIO,0.676838,1,0,train,Month-to-month,Electronic check,Fiber optic,4,69.35
2660-EMUBI,0.860779,1,1,train,Month-to-month,Electronic check,Fiber optic,10,95.35
6968-GMKPR,0.29203,1,0,train,Month-to-month,Electronic check,Fiber optic,55,81.55
4751-ERMAN,0.020159,0,0,test,Two year,Bank transfer (automatic),DSL,72,75.4
1436-ZMJAN,0.493482,1,0,test,Month-to-month,Credit card (automatic),DSL,10,67.8
3292-PBZEJ,0.766871,1,0,test,Month-to-month,Electronic check,Fiber optic,11,111.4
0799-DDIHE,0.199244,0,0,train,Month-to-month,Electronic check,DSL,15,46.3
3070-FNFZQ,0.011961,0,0,train,Two year,Bank transfer (automatic),No,23,20.4
2812-SFXMJ,0.158164,0,0,train,Month-to-month,Mailed check,No,1,20.05
7675-OZCZG,0.440926,1,1,train,Month-to-month,Electronic check,DSL,3,45.0
5014-WUQMG,0.105304,0,0,test,One year,Electronic check,Fiber optic,47,96.1
5312-TSZVC,0.038047,0,0,train,One year,Mailed check,No,15,19.65
2003-CKLOR,0.265456,1,1,train,Month-to-month,Electronic check,Fiber optic,66,99.5
0993-OSGPT,0.025739,0,0,train,One year,Bank transfer (automatic),DSL,68,60.65
9254-RBFON,0.197659,0,1,test,One year,Bank transfer (automatic),Fiber optic,17,98.6
1205-WNWPJ,0.374111,1,1,test,Month-to-month,Mailed check,DSL,7,59.5
9391-EOYLI,0.741586,1,1,train,Month-to-month,Electronic check,Fiber optic,12,80.45
7108-DGVUU,0.135147,0,0,train,One year,Bank transfer (automatic),DSL,21,71.7
2782-JEEBU,0.208497,0,0,train,Month-to-month,Mailed check,DSL,21,36.0
5127-BZENZ,0.045023,0,0,train,One year,Bank transfer (automatic),DSL,56,65.2
2720-FVBQP,0.415583,1,0,test,Month-to-month,Credit card (automatic),DSL,6,48.95
9906-NHHVC,0.059193,0,0,test,Two year,Bank transfer (automatic),DSL,65,53.5
4522-XRWWI,0.044731,0,0,train,One year,Credit card (automatic),DSL,42,80.45
3766-EJLFL,0.048154,0,0,test,Two year,Bank transfer (automatic),Fiber optic,68,109.05
5939-SXWHM,0.005332,0,0,train,Two year,Bank transfer (automatic),No,48,26.3
8152-UOBNY,0.366948,1,0,train,One year,Electronic check,Fiber optic,50,106.8
7351-KYHQH,0.506362,1,0,train,Month-to-month,Electronic check,DSL,7,64.95
7643-RCHXS,0.007088,0,0,train,Two year,Electronic check,No,63,19.35
8246-SHFGA,0.074679,0,0,train,Month-to-month,Credit card (automatic),No,17,21.1
8387-MOJJT,0.260575,1,1,train,Month-to-month,Credit card (automatic),Fiber optic,42,77.95
0620-XEFWH,0.163837,0,0,train,Month-to-month,Mailed check,No,4,18.85
6485-QXWWE,0.005907,0,0,train,Two year,Bank transfer (automatic),No,62,26.0
2761-OCIAX,0.726128,1,1,test,Month-to-month,Electronic check,Fiber optic,2,74.7
7321-VGNKU,0.713155,1,0,train,Month-to-month,Electronic check,Fiber optic,2,70.35
5327-CNLUQ,0.052551,0,0,train,Two year,Bank transfer (automatic),Fiber optic,48,96.9
7552-KEYGT,0.012323,0,0,train,Two year,Bank transfer (automatic),No,27,19.55
5816-JMLGY,0.014533,0,0,train,Two year,Bank transfer (automatic),DSL,70,80.4
3068-OMWZA,0.858499,1,1,train,Month-to-month,Electronic check,Fiber optic,1,88.8
2927-QRRQV,0.258546,1,0,train,One year,Electronic check,Fiber optic,46,94.65
6032-KRXXO,0.574884,1,1,train,Month-to-month,Electronic check,Fiber optic,30,90.25
7459-RRWQZ,0.27932,1,1,train,Month-to-month,Bank transfer (automatic),DSL,15,64.65
6265-SXWBU,0.07739,0,0,train,One year,Credit card (automatic),Fiber optic,69,95.75
7941-RCJOW,0.01105,0,0,train,Two year,Credit card (automatic),No,65,19.55
6374-NTQLP,0.033934,0,0,test,Two year,Credit card (automatic),Fiber optic,72,104.1
4154-AQUGT,0.446786,1,1,test,Month-to-month,Bank transfer (automatic),Fiber optic,13,89.05
2387-KDZQY,0.056905,0,0,train,One year,Mailed check,No,17,20.1
3584-WKTTW,0.296815,1,0,train,One year,Electronic check,Fiber optic,51,111.55
3399-BMLVW,0.009606,0,0,train,Two year,Credit card (automatic),DSL,51,60.5
1971-DTCZB,0.015743,0,0,train,Two year,Bank transfer (automatic),DSL,72,90.95
3092-IGHWF,0.088341,0,1,train,One year,Electronic check,Fiber optic,67,87.4
3374-PZLXD,0.046368,0,0,train,Month-to-month,Mailed check,No,34,19.7
3813-DHBBB,0.016778,0,0,train,Two year,Bank transfer (automatic),DSL,67,50.95
2812-REYAT,0.037225,0,0,test,One year,Bank transfer (automatic),No,49,20.05
6518-PPLMZ,0.014056,0,0,train,Two year,Mailed check,No,53,19.4
4939-KYYPY,0.19996,0,0,train,Month-to-month,Electronic check,DSL,27,59.45
8017-LXHFA,0.577438,1,1,train,Month-to-month,Electronic check,Fiber optic,23,94.75
5930-GBIWP,0.014723,0,0,train,Two year,Credit card (automatic),DSL,69,81.5
6022-KOUQO,0.321624,1,0,train,Month-to-month,Bank transfer (automatic),DSL,2,29.05
6352-TWCAU,0.529411,1,1,train,Month-to-month,Electronic check,Fiber optic,35,86.45
2361-UPSND,0.022726,0,0,train,One year,Mailed check,DSL,46,70.6
6035-RIIOM,0.154212,0,0,train,Two year,Bank transfer (automatic),Fiber optic,54,97.2
2929-QNSRW,0.364938,1,1,train,One year,Electronic check,Fiber optic,56,98.25
1262-OPMFY,0.546114,1,1,train,Month-to-month,Bank transfer (automatic),Fiber optic,9,75.75
9504-DSHWM,0.115809,0,0,train,Month-to-month,Bank transfer (automatic),DSL,20,59.2
5035-BVCXS,0.558493,1,0,train,Month-to-month,Mailed check,Fiber optic,11,75.9
6267-DCFFZ,0.614524,1,0,train,Month-to-month,Electronic check,Fiber optic,30,90.05
3533-UVMOM,0.010817,0,0,train,Two year,Bank transfer (automatic),DSL,68,70.95
2439-LYPMQ,0.608651,1,0,test,Month-to-month,Electronic check,Fiber optic,38,102.6
4248-QPAVC,0.437283,1,1,test,Month-to-month,Bank transfer (automatic),Fiber optic,17,85.35
1899-VXWXM,0.196232,0,1,train,One year,Credit card (automatic),Fiber optic,48,106.1
1478-VPOAD,0.414293,1,0,train,Month-to-month,Electronic check,DSL,1,43.8
9995-HOTOH,0.031259,0,0,train,Two year,Electronic check,DSL,63,59.0
2988-PLAHS,0.461725,1,0,test,One year,Electronic check,DSL,3,69.95
1371-OJCEK,0.016666,0,0,train,One year,Bank transfer (automatic),No,48,24.35
4999-IEZLT,0.037195,0,0,train,One year,Credit card (automatic),DSL,66,29.45
8883-ANODQ,0.04724,0,0,train,Two year,Credit card (automatic),Fiber optic,68,84.4
4690-LLKUA,0.307722,1,1,test,Month-to-month,Electronic check,DSL,17,45.05
2351-RRBUE,0.070798,0,0,train,One year,Mailed check,No,7,20.65
5980-BDHPY,0.021612,0,0,train,Two year,Bank transfer (automatic),DSL,72,87.1
1498-DQNRX,0.068702,0,0,train,Month-to-month,Mailed check,No,29,19.85
9469-WEJBT,0.4127,1,0,train,Month-to-month,Electronic check,Fiber optic,37,90.35
3331-HQDTW,0.415182,1,1,test,Month-to-month,Mailed check,Fiber optic,34,109.8
9490-DFPMD,0.526315,1,1,train,Month-to-month,Electronic check,Fiber optic,42,84.65
2581-VKIRT,0.020337,0,0,train,One year,Mailed check,DSL,59,65.5
5442-XSDCW,0.578699,1,1,train,Month-to-month,Bank transfer (automatic),Fiber optic,11,79.5
7426-WEIJX,0.279469,1,0,test,Month-to-month,Electronic check,Fiber optic,60,80.95
2851-MMUTZ,0.11619,0,0,train,Month-to-month,Mailed check,DSL,27,56.15
3049-NDXFL,0.682841,1,1,train,Month-to-month,Mailed check,Fiber optic,1,85.8
8580-AECUZ,0.820681,1,1,train,Month-to-month,Electronic check,Fiber optic,1,79.1
3307-TLCUD,0.177993,0,0,train,Month-to-month,Mailed check,DSL,17,34.4
6625-FLENO,0.009142,0,0,test,Two year,Mailed check,No,58,20.75
2967-MXRAV,0.090072,0,0,test,One year,Mailed check,No,1,18.8
7963-GQRMY,0.285721,1,1,train,Month-to-month,Mailed check,DSL,3,44.3
8189-HBVRW,0.240086,1,0,train,Month-to-month,Electronic check,Fiber optic,53,90.8
4163-KIUHY,0.133386,0,0,train,Month-to-month,Electronic check,No,35,25.6
1228-FZFRV,0.269878,1,1,train,Month-to-month,Credit card (automatic),Fiber optic,50,105.95
3500-NSDOA,0.014895,0,0,train,Two year,Credit card (automatic),DSL,68,70.8
1171-TYKUR,0.069592,0,0,train,Month-to-month,Electronic check,No,47,25.4
3761-FLYZI,0.408312,1,0,train,Month-to-month,Bank transfer (automatic),Fiber optic,65,108.8
2058-DCJBE,0.683992,1,1,train,Month-to-month,Electronic check,Fiber optic,5,69.75
5364-XYIRR,0.669004,1,1,train,Month-to-month,Electronic check,Fiber optic,51,94.65
4829-AUOAX,0.307541,1,1,test,Month-to-month,Bank transfer (automatic),Fiber optic,46,96.05
1219-NNDDO,0.711764,1,0,train,Month-to-month,Electronic check,Fiber optic,9,76.85
8388-DMKAE,0.039161,0,0,train,Two year,Mailed check,No,8,20.25
4403-BWPAY,0.089501,0,0,train,One year,Credit card (automatic),No,14,24.8
9659-QEQSY,0.326627,1,0,train,Month-to-month,Electronic check,Fiber optic,45,115.65
5405-ZMYXQ,0.678413,1,0,train,Month-to-month,Credit card (automatic),Fiber optic,8,74.6
5047-LHVLY,0.427075,1,1,train,Month-to-month,Mailed check,DSL,1,50.15
1442-OKRJE,0.103125,0,0,train,One year,Bank transfer (automatic),Fiber optic,66,103.15
4737-AQCPU,0.005085,0,0,train,Two year,Credit card (automatic),DSL,72,72.1
9158-VCTQB,0.252258,1,1,train,Month-to-month,Bank transfer (automatic),Fiber optic,41,113.6
2808-CHTDM,0.016885,0,0,train,Two year,Mailed check,No,23,25.1
6311-UEUME,0.540406,1,1,train,Month-to-month,Electronic check,Fiber optic,29,78.9
0793-TWELN,0.681653,1,0,train,Month-to-month,Electronic check,Fiber optic,4,80.15
3283-WCWXT,0.037944,0,0,train,Two year,Mailed check,No,6,25.4
1060-ENTOF,0.097641,0,0,train,One year,Credit card (automatic),Fiber optic,67,105.4
0999-QXNSA,0.389171,1,0,train,Month-to-month,Mailed check,DSL,7,45.75
5451-MHQOF,0.032718,0,0,train,One year,Mailed check,No,56,24.45
4836-WNFNO,0.007012,0,0,train,Two year,Credit card (automatic),No,72,25.0
9225-BZLNZ,0.037809,0,0,train,Two year,Electronic check,DSL,72,85.25
0354-VXMJC,0.011437,0,0,train,Two year,Credit card (automatic),No,23,19.6
4422-QVIJA,0.12233,0,0,train,Month-to-month,Mailed check,DSL,35,50.15
9365-SRSZE,0.520078,1,0,train,Month-to-month,Electronic check,Fiber optic,27,70.55
6839-ITVZJ,0.192138,0,1,train,Month-to-month,Electronic check,DSL,26,60.05
8332-OSJDW,0.089984,0,0,train,One year,Mailed check,No,12,26.4
4735-BJKOU,0.009553,0,0,test,Two year,Mailed check,No,40,20.15
0274-JKUJR,0.383306,1,0,train,Month-to-month,Mailed check,DSL,7,58.85
5740-YHGTW,0.161436,0,0,train,Month-to-month,Credit card (automatic),Fiber optic,70,97.55
8917-SZTTJ,0.006955,0,0,train,Two year,Credit card (automatic),No,60,19.65
1696-MZVAU,0.079006,0,0,train,One year,Credit card (automatic),DSL,39,25.25
7359-WWYJV,0.030717,0,0,test,Two year,Credit card (automatic),Fiber optic,72,114.45
0375-HVGXO,0.704629,1,1,train,Month-to-month,Electronic check,DSL,1,34.7
4906-ZHGPK,0.100119,0,0,train,One year,Electronic check,DSL,54,70.7
8593-WHYHV,0.82562,1,1,test,Month-to-month,Electronic check,Fiber optic,3,85.3
3795-GWTRD,0.007239,0,0,test,Two year,Credit card (automatic),DSL,63,75.55
1298-PHBTI,0.046651,0,0,train,Two year,Electronic check,Fiber optic,71,84.8
6223-DHJGV,0.026246,0,0,test,One year,Mailed check,No,42,20.65
6961-MJKBO,0.005028,0,0,train,Two year,Bank transfer (automatic),No,47,20.45
6097-EQISJ,0.163685,0,1,train,One year,Credit card (automatic),Fiber optic,66,102.45
4423-YLHDV,0.486477,1,1,train,Month-to-month,Bank transfer (automatic),Fiber optic,21,104.4
8158-WPEZG,0.411925,1,0,test,Month-to-month,Electronic check,DSL,11,35.65
0107-YHINA,0.835063,1,1,train,Month-to-month,Electronic check,Fiber optic,1,99.75
4918-FYJNT,0.291485,1,0,train,Month-to-month,Electronic check,Fiber optic,55,90.45
0727-BNRLG,0.05419,0,0,test,Two year,Credit card (automatic),Fiber optic,69,97.65
4854-CIDCF,0.631376,1,0,train,Month-to-month,Electronic check,Fiber optic,3,73.85
8640-SDGKB,0.577229,1,1,train,Month-to-month,Electronic check,DSL,4,74.4
3280-MRDOF,0.066652,0,0,train,Two year,Credit card (automatic),DSL,30,69.1
6435-SRWBJ,0.698577,1,0,train,Month-to-month,Electronic check,Fiber optic,5,82.75
9964-WBQDJ,0.011108,0,0,train,Two year,Credit card (automatic),No,71,24.4
6303-KFWSL,0.155416,0,0,train,One year,Electronic check,DSL,29,55.25
1702-CCFNJ,0.084852,0,0,train,Month-to-month,Bank transfer (automatic),DSL,52,61.35
8932-CZHRQ,0.034003,0,0,train,One year,Credit card (automatic),DSL,68,76.75
0386-CWRGM,0.007361,0,0,train,Two year,Mailed check,No,46,19.4
5515-RUGKN,0.408504,1,0,train,Month-to-month,Credit card (automatic),DSL,8,54.75
0404-AHASP,0.005237,0,0,train,Two year,Credit card (automatic),No,72,19.7
7279-NMVJC,0.036356,0,0,test,One year,Bank transfer (automatic),No,17,19.9
2081-VEYEH,0.749067,1,0,train,Month-to-month,Electronic check,Fiber optic,3,107.95
6407-UTSLV,0.686195,1,0,train,Month-to-month,Bank transfer (automatic),Fiber optic,2,83.8
4116-TZAQJ,0.442105,1,1,train,Month-to-month,Credit card (automatic),Fiber optic,9,74.25
9060-HJJRW,0.169207,0,0,train,One year,Credit card (automatic),DSL,51,56.4
2587-YNLES,0.030212,0,0,train,Two year,Mailed check,No,6,20.1
7398-SKNQZ,0.800405,1,0,train,Month-to-month,Electronic check,Fiber optic,3,94.9
5935-FCCNB,0.720137,1,0,train,Month-to-month,Electronic check,Fiber optic,17,94.2
1958-RNRKS,0.212706,0,0,train,Month-to-month,Electronic check,DSL,30,49.9
5136-RGMZO,0.249817,1,0,test,Month-to-month,Electronic check,DSL,31,71.05
8345-MVDYC,0.01428,0,0,test,Two year,Bank transfer (automatic),DSL,45,81.65
8226-BXGES,0.066512,0,0,train,One year,Bank transfer (automatic),Fiber optic,64,89.45
3877-JRJIP,0.67245,1,1,test,Month-to-month,Electronic check,DSL,1,59.85
8375-DKEBR,0.755928,1,1,test,Month-to-month,Electronic check,Fiber optic,1,69.6
9705-IOVQQ,0.234394,0,0,train,One year,Electronic check,Fiber optic,61,99.0
1015-OWJKI,0.19552,0,0,test,Month-to-month,Mailed check,No,1,19.05
7511-YMXVQ,0.674988,1,1,train,Month-to-month,Electronic check,DSL,9,45.4
2040-XBAVJ,0.027067,0,0,train,Two year,Bank transfer (automatic),Fiber optic,72,114.45
7551-JOHTI,0.190864,0,1,train,Month-to-month,Mailed check,No,1,19.5
8887-IPQNC,0.412318,1,0,train,Month-to-month,Mailed check,DSL,7,44.25
8646-JCOMS,0.091,0,0,test,One year,Bank transfer (automatic),Fiber optic,66,90.55
9804-ICWBG,0.729308,1,1,test,Month-to-month,Electronic check,Fiber optic,1,69.9
1222-KJNZD,0.048453,0,0,train,Month-to-month,Bank transfer (automatic),No,40,20.4
0106-GHRQR,0.346347,1,0,train,Month-to-month,Bank transfer (automatic),DSL,16,71.4
5318-IXUZF,0.668141,1,1,train,Month-to-month,Bank transfer (automatic),Fiber optic,2,87.15
3768-VHXQO,0.009811,0,0,train,Two year,Credit card (automatic),No,67,24.85
8952-WCVCD,0.131541,0,0,train,One year,Bank transfer (automatic),Fiber optic,41,104.45
2418-TPEUN,0.012188,0,0,train,Two year,Credit card (automatic),No,56,19.8
3963-RYFNS,0.040262,0,0,train,Two year,Bank transfer (automatic),Fiber optic,72,116.45
3198-VELRD,0.772774,1,1,train,Month-to-month,Bank transfer (automatic),Fiber optic,3,84.75
8540-ZQGEA,0.008722,0,0,train,Two year,Credit card (automatic),No,54,20.05
1320-REHCS,0.523119,1,0,train,Month-to-month,Electronic check,Fiber optic,52,110.75
4137-JOPHL,0.086178,0,0,test,Two year,Bank transfer (automatic),Fiber optic,50,89.7
9436-ZBZCT,0.60629,1,1,train,Month-to-month,Electronic check,Fiber optic,14,89.95
7801-CEDNV,0.051944,0,0,train,One year,Credit card (automatic),DSL,27,48.7
2057-BOYKM,0.028941,0,0,train,Two year,Bank transfer (automatic),Fiber optic,72,96.6
3658-QQJYD,0.06163,0,0,train,One year,Credit card (automatic),DSL,62,74.3
1803-BGNBD,0.323354,1,0,train,Month-to-month,Electronic check,DSL,12,54.3
0134-XWXCE,0.054297,0,0,test,One year,Bank transfer (automatic),DSL,44,74.85
6950-TWMYB,0.03791,0,0,train,Two year,Bank transfer (automatic),Fiber optic,54,79.95
5848-FHRFC,0.004646,0,0,train,Two year,Bank transfer (automatic),No,68,20.05
2243-FNMMI,0.074729,0,0,train,Month-to-month,Mailed check,No,20,19.4
2511-MORQY,0.064876,0,0,test,One year,Bank transfer (automatic),DSL,50,54.9
5356-KZCKT,0.019048,0,0,train,Two year,Credit card (automatic),No,58,24.45
9470-XCCEM,0.399389,1,0,train,Month-to-month,Bank transfer (automatic),Fiber optic,35,89.65
6519-CFDBX,0.485611,1,0,train,Month-to-month,Electronic check,DSL,2,45.4
3902-MIVLE,0.011508,0,0,train,Two year,Mailed check,DSL,63,75.7
0409-WTMPL,0.19332,0,0,train,One year,Credit card (automatic),Fiber optic,58,110.65
8763-KIAFH,0.040497,0,0,test,One year,Mailed check,No,27,20.55
3669-WHAFY,0.041471,0,0,train,Two year,Credit card (automatic),Fiber optic,71,115.15
3055-VTCGS,0.04341,0,0,test,One year,Credit card (automatic),DSL,63,58.55
3144-KMTWZ,0.238081,0,0,train,Month-to-month,Bank transfer (automatic),Fiber optic,71,93.25
7279-BUYWN,0.439824,1,1,test,Month-to-month,Electronic check,Fiber optic,41,113.2
7156-MHUGY,0.732419,1,1,train,Month-to-month,Electronic check,Fiber optic,13,90.5
7198-GLXTC,0.705148,1,1,test,Month-to-month,Electronic check,Fiber optic,2,79.0
2007-QVGAW,0.006681,0,0,train,Two year,Bank transfer (automatic),No,68,19.35
5207-PLSTK,0.318104,1,0,test,Month-to-month,Mailed check,DSL,1,48.75
2307-FYNNL,0.105818,0,0,test,Two year,Electronic check,Fiber optic,65,109.05
5605-XNWEN,0.014366,0,0,train,Two year,Bank transfer (automatic),No,72,25.0
2155-AMQRX,0.181629,0,0,test,Month-to-month,Credit card (automatic),DSL,28,54.9
6181-AXXYF,0.005794,0,0,train,Two year,Credit card (automatic),No,72,24.75
5091-HFAZW,0.665518,1,0,train,Month-to-month,Electronic check,Fiber optic,2,91.15
0516-VRYBW,0.026224,0,1,train,One year,Bank transfer (automatic),No,18,20.15
2519-LBNQL,0.357128,1,0,train,One year,Electronic check,Fiber optic,60,104.35
8623-ULFNQ,0.34941,1,0,test,Month-to-month,Electronic check,DSL,26,66.05
8380-PEFPE,0.676747,1,1,test,Month-to-month,Electronic check,Fiber optic,1,71.65
5687-DKDTV,0.177794,0,1,train,Month-to-month,Mailed check,No,4,20.35
1568-LJSZU,0.017214,0,0,train,Two year,Credit card (automatic),DSL,68,92.2
7530-HDYDS,0.216738,0,1,train,Month-to-month,Credit card (automatic),Fiber optic,38,84.25
7789-HKSBS,0.233349,0,0,train,One year,Bank transfer (automatic),Fiber optic,42,105.2
7416-CKTEP,0.010909,0,0,train,Two year,Bank transfer (automatic),No,57,19.6
2586-CWXVV,0.17495,0,0,train,Month-to-month,Electronic check,DSL,54,30.4
3096-IZETN,0.515322,1,1,train,Month-to-month,Bank transfer (automatic),Fiber optic,12,78.1
2348-KCJLT,0.041339,0,0,train,One year,Mailed check,DSL,44,61.5
8401-EMUWF,0.106668,0,0,test,Month-to-month,Bank transfer (automatic),DSL,42,69.4
4193-IBKSW,0.007232,0,0,train,Two year,Bank transfer (automatic),No,72,24.75
5377-NDTOU,0.011402,0,0,train,Two year,Mailed check,DSL,71,91.05
5922-ABDVO,0.463805,1,1,train,Month-to-month,Mailed check,Fiber optic,19,89.65
2474-LCNUE,0.273113,1,0,train,Month-to-month,Credit card (automatic),DSL,23,73.65
0839-QNXME,0.012533,0,0,train,Two year,Credit card (automatic),No,30,19.4
3506-OVLKD,0.032109,0,0,test,One year,Bank transfer (automatic),No,35,26.2
9172-ANCRX,0.77734,1,1,train,Month-to-month,Electronic check,Fiber optic,10,98.7
6650-VJONK,0.424793,1,0,train,Month-to-month,Bank transfer (automatic),DSL,1,43.85
2178-PMGCJ,0.369874,1,0,test,Month-to-month,Mailed check,Fiber optic,22,69.7
7492-TAFJD,0.074702,0,0,test,Two year,Mailed check,DSL,7,38.55
2773-MADBQ,0.037351,0,0,train,Two year,Mailed check,DSL,36,53.1
6016-LVTJQ,0.04749,0,0,train,Month-to-month,Mailed check,No,34,20.65
7860-KSUGX,0.007685,0,0,train,Two year,Credit card (automatic),DSL,72,64.45
8966-KZXXA,0.011935,0,0,train,Two year,Credit card (automatic),No,36,25.1
6910-HADCM,0.641414,1,1,test,Month-to-month,Electronic check,Fiber optic,1,76.35
4816-LXZYW,0.426534,1,1,train,Month-to-month,Electronic check,Fiber optic,23,79.15
9606-PBKBQ,0.624079,1,1,train,Month-to-month,Electronic check,Fiber optic,32,85.0
5149-QYTTU,0.041798,0,0,train,One year,Credit card (automatic),Fiber optic,71,95.15
2070-XYMFH,0.511117,1,0,train,Month-to-month,Mailed check,Fiber optic,23,79.35
2085-BOJKI,0.34708,1,0,train,One year,Bank transfer (automatic),Fiber optic,17,96.65
0817-HSUSE,0.592335,1,0,train,Month-to-month,Electronic check,DSL,1,75.5
5442-PPTJY,0.024112,0,0,train,Two year,Mailed check,No,12,19.7
1927-QEWMY,0.00462,0,0,test,Two year,Credit card (automatic),No,72,20.5
1663-MHLHE,0.192286,0,0,train,Month-to-month,Mailed check,No,1,19.2
5663-QBGIS,0.082776,0,0,train,Two year,Bank transfer (automatic),Fiber optic,72,98.35
4450-MDZFX,0.203864,0,0,train,Month-to-month,Bank transfer (automatic),Fiber optic,60,74.35
6701-DHKWQ,0.024196,0,0,train,Two year,Credit card (automatic),DSL,61,51.35
7554-AKDQF,0.345525,1,0,train,Month-to-month,Mailed check,DSL,6,45.65
3536-IQCTX,0.528939,1,1,train,Month-to-month,Electronic check,Fiber optic,32,85.3
4911-BANWH,0.39592,1,1,train,Month-to-month,Credit card (automatic),Fiber optic,31,86.55
8496-EJAUI,0.361575,1,1,train,Month-to-month,Credit card (automatic),Fiber optic,19,73.85
0794-YVSGE,0.003906,0,0,test,Two year,Bank transfer (automatic),No,72,20.3
5423-BHIXO,0.246273,1,0,train,Month-to-month,Electronic check,DSL,32,54.2
6908-VVYHM,0.36211,1,0,train,Month-to-month,Electronic check,Fiber optic,65,90.65
2959-EEXWB,0.151526,0,0,train,Month-to-month,Bank transfer (automatic),DSL,45,50.9
1839-UMACK,0.038793,0,0,train,One year,Electronic check,No,42,25.05
3030-YDNRM,0.742691,1,0,test,Month-to-month,Electronic check,Fiber optic,8,74.85
7321-KKSDU,0.011429,0,0,train,Two year,Mailed check,No,32,20.5
3402-XRIUO,0.166417,0,0,train,Month-to-month,Mailed check,DSL,22,63.55
3132-TVFDZ,0.396099,1,1,train,Month-to-month,Electronic check,DSL,57,44.85
8286-AFUYI,0.321781,1,0,train,Month-to-month,Electronic check,DSL,1,47.95
8080-DDEMJ,0.459193,1,1,test,Month-to-month,Electronic check,DSL,1,45.1
8356-WUAOJ,0.530787,1,0,train,Month-to-month,Electronic check,DSL,1,45.0
6365-MTGZX,0.465421,1,1,train,Month-to-month,Electronic check,Fiber optic,24,96.0
1349-WXNGG,0.179484,0,1,train,Month-to-month,Bank transfer (automatic),No,1,20.05
8058-DMYRU,0.50713,1,0,test,Month-to-month,Electronic check,Fiber optic,54,90.05
9350-ZXYJC,0.07687,0,0,train,Two year,Credit card (automatic),No,4,25.3
6990-YNRIO,0.033569,0,1,train,Two year,Bank transfer (automatic),Fiber optic,65,108.65
8958-JPTRR,0.038229,0,0,train,One year,Electronic check,No,56,24.3
6959-GQEGV,0.172586,0,0,train,Month-to-month,Electronic check,DSL,45,75.95
3173-WSSUE,0.003275,0,0,train,Two year,Credit card (automatic),No,71,19.7
1265-HVPZB,0.033997,0,0,test,One year,Credit card (automatic),DSL,59,66.4
4115-UMJFQ,0.055675,0,0,train,One year,Bank transfer (automatic),DSL,69,35.75
7369-TRPFD,0.039271,0,0,test,One year,Mailed check,No,19,18.8
1098-KFQEC,0.008431,0,0,train,Two year,Credit card (automatic),No,55,19.4
7190-XHTWJ,0.023925,0,0,train,One year,Mailed check,No,38,19.3
0621-TWIEM,0.405431,1,1,train,Month-to-month,Electronic check,DSL,10,45.55
3537-RYBHH,0.080451,0,0,train,Month-to-month,Credit card (automatic),DSL,47,67.45
2485-ITVKB,0.691259,1,1,test,Month-to-month,Electronic check,DSL,2,35.1
3669-OYSJI,0.313952,1,1,train,Month-to-month,Credit card (automatic),DSL,1,46.2
1612-EOHDH,0.412453,1,1,train,Month-to-month,Electronic check,DSL,1,45.15
6702-OHFWR,0.697154,1,1,train,Month-to-month,Electronic check,DSL,1,43.3
5296-BFCYD,0.009293,0,0,test,Two year,Mailed check,No,46,20.1
4510-PYUSH,0.074507,0,1,train,Month-to-month,Credit card (automatic),DSL,38,57.15
9359-JANWS,0.006013,0,0,train,Two year,Credit card (automatic),DSL,65,58.9
7517-SAWMO,0.397157,1,1,train,Month-to-month,Electronic check,Fiber optic,19,73.2
4143-HHPMK,0.406868,1,1,train,Month-to-month,Electronic check,Fiber optic,52,85.35
3279-DYZQM,0.003779,0,0,train,Two year,Mailed check,No,71,19.45
7054-LGEQW,0.343023,1,1,test,Month-to-month,Mailed check,DSL,1,45.95
0523-VNGTF,0.265344,1,0,train,Month-to-month,Electronic check,DSL,52,50.5
9575-IWCAZ,0.129981,0,0,train,One year,Mailed check,No,6,25.1
7105-MXJLL,0.14055,0,0,train,One year,Mailed check,DSL,26,60.7
7064-FRRSW,0.350015,1,0,train,One year,Electronic check,Fiber optic,48,99.0
7940-UQQUG,0.115276,0,0,train,One year,Bank transfer (automatic),Fiber optic,64,104.4
0923-PNFUB,0.664028,1,1,test,Month-to-month,Electronic check,Fiber optic,3,83.75
3961-SXAXY,0.435507,1,0,train,Month-to-month,Bank transfer (automatic),DSL,1,44.05
7010-BRBUU,0.006034,0,0,train,Two year,Credit card (automatic),No,72,24.1
3566-HJGPK,0.426101,1,0,train,Month-to-month,Mailed check,DSL,1,45.55
3062-ICYZQ,0.35362,1,0,train,Month-to-month,Electronic check,Fiber optic,51,93.8
9938-PRCVK,0.00562,0,0,train,Two year,Bank transfer (automatic),No,41,19.7
0973-KYVNF,0.012054,0,0,train,Two year,Credit card (automatic),DSL,72,70.65
5129-HHMZC,0.018507,0,0,train,Two year,Credit card (automatic),DSL,43,86.45
9637-CDTKZ,0.044169,0,0,test,Two year,Credit card (automatic),Fiber optic,72,114.1
3946-JEWRQ,0.243926,1,0,train,One year,Credit card (automatic),Fiber optic,47,95.2
7873-CVMAW,0.009971,0,0,train,Two year,Credit card (automatic),DSL,72,88.55
0463-WZZKO,0.220916,0,0,test,Month-to-month,Credit card (automatic),No,3,20.75
3494-JCHRQ,0.714069,1,1,train,Month-to-month,Electronic check,Fiber optic,1,70.05
6474-FVJLC,0.844875,1,1,train,Month-to-month,Electronic check,Fiber optic,2,86.0
4524-QCSSM,0.234935,0,0,test,Month-to-month,Bank transfer (automatic),DSL,26,44.65
5832-EXGTT,0.141625,0,0,train,Month-to-month,Mailed check,DSL,29,60.2
8840-DQLGN,0.287856,1,1,test,Month-to-month,Bank transfer (automatic),Fiber optic,35,100.5
2039-JONDJ,0.042788,0,0,train,One year,Bank transfer (automatic),DSL,27,55.45
7217-JYHOQ,0.090888,0,0,train,Month-to-month,Credit card (automatic),DSL,24,70.3
6695-FRVEC,0.008138,0,0,train,Two year,Bank transfer (automatic),DSL,67,60.4
4547-LYTDD,0.503753,1,1,test,Month-to-month,Electronic check,Fiber optic,16,72.65
9894-QMIMJ,0.046352,0,0,train,One year,Bank transfer (automatic),DSL,23,55.8
8069-YQQAJ,0.311717,1,0,train,Month-to-month,Mailed check,DSL,14,31.1
6770-XUAGN,0.272161,1,1,test,Month-to-month,Electronic check,No,1,21.0
4193-ORFCL,0.387497,1,1,train,Month-to-month,Mailed check,DSL,1,45.1
1636-NTNCO,0.633645,1,0,train,Month-to-month,Credit card (automatic),DSL,4,50.95
3466-WAESX,0.270562,1,0,test,Month-to-month,Electronic check,DSL,16,69.1
9281-PKKZE,0.315634,1,0,train,Month-to-month,Electronic check,DSL,46,43.95
3638-VBZTA,0.018116,0,0,train,Two year,Bank transfer (automatic),DSL,68,86.5
7459-IMVYU,0.084432,0,0,train,Month-to-month,Electronic check,DSL,38,69.95
7776-QWNFX,0.160465,0,1,train,Month-to-month,Bank transfer (automatic),DSL,30,50.4
6689-TCZHQ,0.703012,1,1,train,Month-to-month,Electronic check,Fiber optic,5,78.95
8563-OYMQY,0.42459,1,0,train,Month-to-month,Credit card (automatic),Fiber optic,17,90.95
0754-EEBDC,0.039563,0,0,train,Two year,Mailed check,No,4,19.9
5777-ZPQNC,0.094477,0,0,train,One year,Electronic check,No,12,20.15
1951-IEYXM,0.013773,0,0,train,Two year,Credit card (automatic),DSL,72,90.6
3318-NMQXL,0.807117,1,0,train,Month-to-month,Electronic check,Fiber optic,3,92.0
3143-ILDAL,0.35752,1,1,train,Month-to-month,Electronic check,Fiber optic,56,94.45
1022-RKXDR,0.044707,0,0,train,One year,Mailed check,No,41,24.85
2361-FJWNO,0.041014,0,0,train,One year,Credit card (automatic),DSL,40,36.0
2272-UOINI,0.394403,1,0,train,Month-to-month,Electronic check,DSL,7,78.5
8232-UTFOZ,0.004368,0,0,train,Two year,Credit card (automatic),No,69,19.95
3750-YHRYO,0.068729,0,0,test,One year,Mailed check,No,7,20.65
6637-KYRCV,0.464481,1,0,train,Month-to-month,Electronic check,DSL,5,30.5
5668-MEISB,0.021822,0,0,train,Two year,Credit card (automatic),Fiber optic,72,106.1
0129-QMPDR,0.020813,0,0,train,One year,Bank transfer (automatic),No,44,20.5
7188-CBBBA,0.201569,0,0,train,One year,Electronic check,Fiber optic,65,95.5
5356-CSVSQ,0.487852,1,0,train,Month-to-month,Electronic check,DSL,3,64.6
3221-CJMSG,0.123183,0,0,train,Month-to-month,Credit card (automatic),DSL,24,51.1
4720-VSTSI,0.279361,1,1,train,Month-to-month,Bank transfer (automatic),Fiber optic,44,84.8
3219-JQRSL,0.013675,0,0,train,Two year,Credit card (automatic),DSL,72,89.1
2801-NISEI,0.092453,0,0,train,Month-to-month,Electronic check,DSL,24,54.95
3946-MHCZW,0.35566,1,1,train,Month-to-month,Mailed check,DSL,1,50.9
4623-ZKHLY,0.097942,0,0,train,Month-to-month,Bank transfer (automatic),No,22,20.45
6732-VAILE,0.025071,0,0,train,Two year,Credit card (automatic),DSL,70,85.95
8201-AAXCB,0.265252,1,0,train,Month-to-month,Electronic check,DSL,25,60.35
7696-CFTAT,0.006458,0,0,train,Two year,Bank transfer (automatic),No,37,19.8
1845-CSBRZ,0.43393,1,0,train,Month-to-month,Bank transfer (automatic),Fiber optic,22,85.35
2123-VSCOT,0.024129,0,0,train,Two year,Bank transfer (automatic),DSL,59,72.1
6651-AZVTJ,0.588881,1,1,test,Month-to-month,Electronic check,Fiber optic,49,99.8
4566-GOLUK,0.250922,1,1,train,Month-to-month,Bank transfer (automatic),Fiber optic,47,107.35
2484-DGXPZ,0.068118,0,1,train,Month-to-month,Mailed check,No,31,19.55
2018-QKYGT,0.769775,1,0,train,Month-to-month,Electronic check,Fiber optic,1,81.05
2792-VPPET,0.272424,1,0,train,Month-to-month,Electronic check,No,3,20.5
7409-JURKQ,0.217397,0,0,train,One year,Bank transfer (automatic),Fiber optic,53,111.8
3247-MHJKM,0.179081,0,0,train,Month-to-month,Mailed check,No,1,20.2
1964-SVLEA,0.050051,0,0,train,One year,Mailed check,No,20,19.7
4587-NUKOX,0.548559,1,1,train,Month-to-month,Electronic check,Fiber optic,3,79.1
7297-DVYGA,0.034198,0,0,train,One year,Bank transfer (automatic),No,51,19.85
2239-CGBUZ,0.039283,0,0,train,One year,Bank transfer (automatic),DSL,51,60.5
0854-UYHZD,0.019164,0,0,train,Two year,Mailed check,No,13,19.55
7243-LCGGZ,0.193197,0,0,train,Month-to-month,Mailed check,No,1,20.9
8267-KFGYD,0.224126,0,0,train,Month-to-month,Mailed check,No,1,21.05
4890-VMUAV,0.029738,0,0,train,One year,Electronic check,DSL,63,71.5
9261-WDCAF,0.437416,1,0,train,Month-to-month,Mailed check,DSL,3,54.65
3764-MNMOI,0.006853,0,0,train,Two year,Credit card (automatic),No,46,19.2
7442-YGZFK,0.501477,1,0,train,Month-to-month,Credit card (automatic),DSL,1,49.8
0420-BWTPW,0.317381,1,1,train,Month-to-month,Mailed check,DSL,8,25.5
8229-BUJHX,0.004778,0,0,train,Two year,Bank transfer (automatic),No,71,20.5
7449-HVPIV,0.380747,1,0,train,Month-to-month,Credit card (automatic),Fiber optic,55,90.4
5504-WSIUR,0.073275,0,0,train,One year,Bank transfer (automatic),Fiber optic,70,90.25
8183-ONMXC,0.730602,1,1,train,Month-to-month,Electronic check,Fiber optic,2,80.75
8466-PZBLH,0.036897,0,0,train,Two year,Bank transfer (automatic),Fiber optic,67,104.6
9614-RMGHA,0.248563,1,1,train,Month-to-month,Bank transfer (automatic),Fiber optic,65,91.85
8735-IJJEG,0.190155,0,0,train,Month-to-month,Credit card (automatic),DSL,14,50.2
0564-MUUQK,0.465829,1,0,train,Month-to-month,Bank transfer (automatic),Fiber optic,20,95.5
5054-IEXZT,0.644332,1,1,train,Month-to-month,Electronic check,Fiber optic,1,75.35
5834-ASPWA,0.799856,1,1,train,Month-to-month,Electronic check,Fiber optic,1,75.45
0701-RFGFI,0.466771,1,0,train,Month-to-month,Bank transfer (automatic),Fiber optic,49,95.4
0019-EFAEP,0.041774,0,0,test,Two year,Bank transfer (automatic),Fiber optic,72,101.3
5619-PTMIK,0.096582,0,0,train,Month-to-month,Electronic check,DSL,46,53.1
3737-XBQDD,0.350411,1,0,train,Month-to-month,Bank transfer (automatic),Fiber optic,24,84.85
5882-CMAZQ,0.350434,1,0,train,Month-to-month,Electronic check,DSL,5,34.25
5846-QFDFI,0.150859,0,0,train,Month-to-month,Credit card (automatic),Fiber optic,33,88.6
4445-KWOKW,0.046771,0,0,train,One year,Bank transfer (automatic),DSL,42,60.15
3511-APPBJ,0.228962,0,0,train,One year,Credit card (automatic),Fiber optic,23,99.95
7967-HYCDE,0.466038,1,0,train,Month-to-month,Bank transfer (automatic),Fiber optic,8,70.7
2430-RRYUW,0.031396,0,0,train,One year,Mailed check,DSL,66,54.8
3948-XHGNA,0.117658,0,1,train,Month-to-month,Bank transfer (automatic),DSL,24,49.55
3723-BFBGR,0.206455,0,0,train,Month-to-month,Credit card (automatic),DSL,24,54.8
0565-IYCGT,0.03096,0,1,train,One year,Credit card (automatic),DSL,69,78.6
5447-WZAFP,0.236787,0,0,train,One year,Mailed check,Fiber optic,53,100.3
5110-CHOPY,0.040196,0,0,train,Two year,Electronic check,DSL,60,53.6
5445-UTODQ,0.734778,1,1,train,Month-to-month,Electronic check,Fiber optic,7,81.1
4425-OWHWB,0.041276,0,0,train,One year,Credit card (automatic),No,20,19.35
7892-QVYKW,0.43012,1,0,train,Month-to-month,Electronic check,Fiber optic,23,85.6
9675-ICXCT,0.013499,0,0,train,Two year,Electronic check,DSL,72,80.8
1024-VRZHF,0.722485,1,1,train,Month-to-month,Electronic check,Fiber optic,11,74.95
4703-MQYKT,0.01641,0,0,test,Two year,Mailed check,No,21,19.6
9497-QCMMS,0.887378,1,1,train,Month-to-month,Electronic check,Fiber optic,1,93.55
5692-ICXLW,0.562389,1,0,train,Month-to-month,Electronic check,Fiber optic,31,90.7
0602-DDUML,0.017373,0,0,train,Two year,Mailed check,DSL,57,69.75
2208-MPXIO,0.009549,0,0,train,Two year,Bank transfer (automatic),No,45,20.0
1960-UYCNN,0.758308,1,0,train,Month-to-month,Electronic check,Fiber optic,10,95.25
0348-SDKOL,0.364218,1,1,train,Month-to-month,Credit card (automatic),Fiber optic,58,102.1
3190-FZATL,0.071752,0,0,train,Month-to-month,Mailed check,No,14,19.95
7336-RLLRH,0.104628,0,0,train,One year,Mailed check,DSL,27,80.85
4373-MAVJG,0.497849,1,1,train,Month-to-month,Bank transfer (automatic),Fiber optic,14,90.9
8901-HJXTF,0.271283,1,1,train,Month-to-month,Mailed check,DSL,12,29.2
7710-JSYOA,0.045941,0,0,train,Two year,Bank transfer (automatic),Fiber optic,69,93.3
5419-KLXBN,0.383101,1,1,test,Month-to-month,Bank transfer (automatic),Fiber optic,25,89.15
3424-NMNBO,0.285538,1,1,train,One year,Electronic check,Fiber optic,58,108.85
9885-MFVSU,0.031731,0,0,train,Two year,Credit card (automatic),DSL,35,46.35
4514-GFCFI,0.692337,1,1,train,Month-to-month,Electronic check,Fiber optic,16,84.75
0607-MVMGC,0.056487,0,0,train,One year,Credit card (automatic),DSL,45,78.75
3365-SAIGS,0.528234,1,0,test,Month-to-month,Electronic check,Fiber optic,17,83.55
9828-AOQLM,0.482945,1,1,train,Month-to-month,Electronic check,DSL,1,45.7
8022-BECSI,0.031568,0,0,train,One year,Mailed check,No,22,19.6
8000-REIQB,0.764825,1,1,train,Month-to-month,Electronic check,Fiber optic,1,69.95
9993-LHIEB,0.007951,0,0,train,Two year,Mailed check,DSL,67,67.85
0266-CLZKZ,0.06539,0,0,train,Two year,Bank transfer (automatic),Fiber optic,67,105.65
7615-ESMYF,0.660207,1,1,train,Month-to-month,Electronic check,DSL,2,44.6
3858-VOBET,0.518744,1,1,test,Month-to-month,Electronic check,Fiber optic,23,74.95
7020-OZKXZ,0.532499,1,0,train,Month-to-month,Credit card (automatic),Fiber optic,9,75.5
3977-QCRSL,0.184051,0,0,train,Month-to-month,Mailed check,No,5,20.15
0017-DINOC,0.028318,0,0,train,Two year,Credit card (automatic),DSL,54,45.2
1447-PJGGA,0.151558,0,1,train,Two year,Electronic check,Fiber optic,57,95.25
8565-CLBZW,0.501619,1,1,train,Month-to-month,Mailed check,Fiber optic,24,89.85
9139-WQQDY,0.225294,0,1,test,One year,Mailed check,Fiber optic,49,100.45
0224-HJAPT,0.496738,1,1,train,Month-to-month,Electronic check,DSL,5,47.15
8086-OVPWV,0.746862,1,1,train,Month-to-month,Electronic check,Fiber optic,2,80.2
9430-FRQOC,0.546797,1,1,train,Month-to-month,Mailed check,Fiber optic,4,87.1
7639-OPLNG,0.01175,0,0,train,Two year,Bank transfer (automatic),DSL,70,79.25
3074-GQWYX,0.67651,1,1,train,Month-to-month,Bank transfer (automatic),Fiber optic,5,75.9
1492-QGCLU,0.138624,0,0,test,Month-to-month,Electronic check,DSL,53,85.7
6845-RGTYS,0.308095,1,1,test,Month-to-month,Electronic check,Fiber optic,47,98.75
7328-OWMOM,0.024176,0,0,train,One year,Credit card (automatic),No,31,20.1
4418-LZMSV,0.088361,0,0,train,Month-to-month,Bank transfer (automatic),DSL,13,61.8
5155-AZQPB,0.160778,0,0,test,Month-to-month,Mailed check,DSL,28,49.9
8861-HGGKB,0.676523,1,1,train,Month-to-month,Electronic check,Fiber optic,10,86.45
1087-GRUYI,0.011803,0,0,train,Two year,Bank transfer (automatic),No,38,20.4
7065-YUNRY,0.447164,1,1,train,Month-to-month,Mailed check,DSL,1,45.3
7694-VLBWQ,0.200548,0,1,train,One year,Electronic check,Fiber optic,67,104.1
2546-KZAAT,0.082879,0,0,train,One year,Mailed check,DSL,52,75.4
0181-RITDD,0.029429,0,0,test,Two year,Mailed check,Fiber optic,62,108.15
5989-PGKJB,0.53114,1,0,train,Month-to-month,Electronic check,Fiber optic,16,86.25
4795-KTRTH,0.758148,1,1,train,Month-to-month,Electronic check,Fiber optic,5,81.0
8272-ONJLV,0.545059,1,0,train,One year,Electronic check,Fiber optic,12,95.7
1488-PBLJN,0.041378,0,0,train,Two year,Bank transfer (automatic),Fiber optic,72,116.85
0308-GIQJT,0.111265,0,0,train,One year,Bank transfer (automatic),Fiber optic,71,105.75
3778-FOAQW,0.034821,0,0,train,One year,Mailed check,No,24,20.15
4452-ROHMO,0.020484,0,0,train,Two year,Mailed check,No,15,19.6
6481-OGDOO,0.077373,0,1,train,One year,Credit card (automatic),Fiber optic,67,90.6
3090-LETTY,0.253622,1,0,train,Month-to-month,Bank transfer (automatic),DSL,2,60.95
5349-AZPEW,0.398569,1,0,train,Month-to-month,Mailed check,DSL,5,25.05
3753-TSEMP,0.609655,1,1,train,Month-to-month,Electronic check,Fiber optic,15,88.15
8305-VHZBZ,0.267516,1,1,train,Month-to-month,Mailed check,No,1,20.2
9720-JJJOR,0.030463,0,0,test,One year,Bank transfer (automatic),DSL,41,60.3
8100-HZZLJ,0.100151,0,0,train,Month-to-month,Electronic check,DSL,43,63.95
8775-ERLNB,0.763509,1,0,test,Month-to-month,Electronic check,Fiber optic,1,74.3
8309-IEYJD,0.704993,1,0,train,Month-to-month,Mailed check,Fiber optic,1,70.6
9172-JITSM,0.572886,1,1,train,Month-to-month,Electronic check,Fiber optic,26,90.8
6298-QDFNH,0.521965,1,1,train,Month-to-month,Electronic check,Fiber optic,22,79.35
7398-HPYZQ,0.013621,0,0,train,Two year,Bank transfer (automatic),DSL,71,90.55
3546-GHEAE,0.032346,0,0,train,Two year,Mailed check,No,7,19.45
7361-YPXFS,0.14617,0,0,train,Month-to-month,Bank transfer (automatic),DSL,28,64.45
6557-BZXLQ,0.445255,1,0,test,Month-to-month,Electronic check,Fiber optic,16,69.65
2550-QHZGP,0.085464,0,0,train,One year,Mailed check,No,7,19.5
7519-JTWQH,0.07469,0,0,train,Two year,Bank transfer (automatic),Fiber optic,69,110.5
2538-OIMXF,0.448851,1,0,train,Month-to-month,Mailed check,DSL,1,24.7
8543-MSDMF,0.578028,1,0,train,Month-to-month,Electronic check,DSL,3,77.4
9961-JBNMK,0.545592,1,1,train,Month-to-month,Bank transfer (automatic),Fiber optic,21,96.8
1170-SASML,0.186477,0,0,train,Month-to-month,Bank transfer (automatic),Fiber optic,69,85.4
4872-JCVCA,0.014876,0,0,train,Two year,Bank transfer (automatic),DSL,71,47.6
5346-BZCHP,0.005292,0,0,train,Two year,Mailed check,No,69,19.4
2038-LLMLM,0.416986,1,0,train,Month-to-month,Electronic check,Fiber optic,48,103.85
6173-ITPWD,0.213296,0,1,train,Month-to-month,Bank transfer (automatic),Fiber optic,47,83.35
9734-UYXQI,0.590525,1,1,train,Month-to-month,Electronic check,DSL,2,49.4
1216-BGTSP,0.266161,1,0,train,Month-to-month,Credit card (automatic),Fiber optic,45,108.45
4138-NAXED,0.237524,0,0,train,Month-to-month,Bank transfer (automatic),Fiber optic,51,81.0
2189-UXTKY,0.290073,1,1,train,Month-to-month,Electronic check,DSL,22,79.2
0744-BIKKF,0.010856,0,0,train,Two year,Bank transfer (automatic),DSL,72,86.65
7483-IQWIB,0.476001,1,0,train,Month-to-month,Electronic check,Fiber optic,37,92.95
5248-KWLAR,0.015413,0,0,train,Two year,Electronic check,DSL,71,90.35
4958-GZWIY,0.318348,1,1,train,Month-to-month,Electronic check,DSL,7,48.7
7996-MHXLW,0.01317,0,0,train,Two year,Credit card (automatic),No,66,25.15
7833-PKIHD,0.062243,0,0,train,One year,Bank transfer (automatic),DSL,51,76.4
7061-OVMIM,0.023538,0,0,test,One year,Bank transfer (automatic),No,30,19.55
5153-RTHKF,0.448346,1,0,train,Month-to-month,Electronic check,Fiber optic,34,85.35
1852-QSWCD,0.010309,0,0,train,Two year,Mailed check,No,64,24.8
4832-VRBMR,0.237456,0,0,train,One year,Bank transfer (automatic),Fiber optic,65,103.15
9079-LWTFD,0.15109,0,0,train,Month-to-month,Mailed check,Fiber optic,47,100.75
6356-ELRKD,0.72374,1,1,train,Month-to-month,Electronic check,Fiber optic,1,95.6
8624-GIOUT,0.120312,0,1,train,Month-to-month,Credit card (automatic),DSL,49,59.75
3392-EHMNK,0.03541,0,0,train,Two year,Credit card (automatic),Fiber optic,67,94.1
5986-WWXDV,0.015124,0,0,train,One year,Bank transfer (automatic),No,39,19.35
3061-BCKYI,0.090303,0,0,train,Month-to-month,Mailed check,No,14,19.9
6179-GJPSO,0.242183,1,1,train,Month-to-month,Credit card (automatic),Fiber optic,43,108.15
7901-TBKJX,0.580775,1,0,train,Month-to-month,Electronic check,Fiber optic,56,101.05
7228-PAQPD,0.087291,0,0,train,One year,Credit card (automatic),DSL,14,59.1
3177-LASXD,0.635422,1,1,train,Month-to-month,Electronic check,Fiber optic,1,71.35
7746-QYVCO,0.057741,0,0,train,One year,Mailed check,DSL,16,55.85
5804-HYIEZ,0.255625,1,0,test,Month-to-month,Electronic check,Fiber optic,70,106.05
9919-FZDED,0.028723,0,0,test,Two year,Credit card (automatic),DSL,72,84.1
5934-TSSAU,0.298125,1,0,test,Month-to-month,Credit card (automatic),Fiber optic,23,75.3
3486-KHMLI,0.084234,0,0,train,Month-to-month,Mailed check,No,21,24.7
4897-QSUYC,0.22638,0,1,train,Month-to-month,Mailed check,No,1,20.15
1084-UQCHV,0.478882,1,1,train,Month-to-month,Bank transfer (automatic),Fiber optic,1,69.75
8290-YWKHZ,0.688186,1,1,train,Month-to-month,Electronic check,Fiber optic,32,93.2
2955-BJZHG,0.420417,1,1,test,Month-to-month,Electronic check,Fiber optic,17,80.85
3806-DXQOM,0.460778,1,1,train,Month-to-month,Electronic check,DSL,4,33.65
6784-XYJAE,0.097254,0,0,test,One year,Electronic check,DSL,36,55.8
3933-DQPWX,0.022096,0,0,train,Two year,Credit card (automatic),DSL,50,39.7
6661-EIPZC,0.077565,0,0,train,Month-to-month,Credit card (automatic),DSL,48,29.5
8957-THMOA,0.009229,0,0,train,Two year,Credit card (automatic),No,50,20.15
2251-PYLPB,0.010265,0,0,train,Two year,Credit card (automatic),DSL,72,79.55
5555-RNPGT,0.162136,0,0,train,Month-to-month,Credit card (automatic),No,10,24.8
1057-FOGLZ,0.073295,0,0,train,Month-to-month,Mailed check,No,18,19.65
9300-RENDD,0.788229,1,1,train,Month-to-month,Electronic check,Fiber optic,1,79.95
0761-AETCS,0.228176,0,1,train,Month-to-month,Electronic check,No,1,19.3
8087-LGYHQ,0.779837,1,0,train,Month-to-month,Electronic check,Fiber optic,9,94.05
4137-BTIKL,0.601585,1,0,train,Month-to-month,Mailed check,Fiber optic,2,90.75
2190-BCXEC,0.265564,1,0,test,Month-to-month,Credit card (automatic),Fiber optic,40,78.85
6227-FBDXH,0.152577,0,0,train,One year,Bank transfer (automatic),Fiber optic,69,99.5
2153-MREFK,0.188189,0,1,train,One year,Electronic check,Fiber optic,37,99.2
2911-WDXMV,0.422261,1,0,test,Month-to-month,Credit card (automatic),Fiber optic,18,80.55
7206-PQBBZ,0.720308,1,0,train,Month-to-month,Electronic check,Fiber optic,11,70.2
3106-ULWFW,0.729502,1,1,train,Month-to-month,Credit card (automatic),Fiber optic,8,85.2
0925-VYDLG,0.700275,1,1,train,Month-to-month,Electronic check,Fiber optic,3,75.25
4547-FZJWE,0.029006,0,0,train,One year,Credit card (automatic),DSL,55,59.45
7422-WNBTY,0.510216,1,0,train,Month-to-month,Electronic check,Fiber optic,33,93.35
0842-IWYCP,0.073322,0,0,train,Month-to-month,Bank transfer (automatic),DSL,46,44.95
3521-HTQTV,0.015978,0,0,train,Two year,Bank transfer (automatic),No,34,26.1
3744-ZBHON,0.21825,0,0,train,Month-to-month,Electronic check,No,3,20.2
3373-DIUUN,0.013469,0,0,train,Two year,Mailed check,No,30,21.25
8383-SGHJU,0.059938,0,0,train,One year,Electronic check,DSL,33,59.4
7607-QKKTJ,0.190806,0,0,train,One year,Credit card (automatic),Fiber optic,45,95.0
7707-PYBBH,0.070413,0,0,train,Month-to-month,Mailed check,DSL,40,61.9
8984-HPEMB,0.05897,0,0,train,Two year,Electronic check,Fiber optic,71,118.65
4349-GFQHK,0.51456,1,1,train,Month-to-month,Electronic check,DSL,1,54.35
4139-DETXS,0.013383,0,0,train,Two year,Bank transfer (automatic),DSL,72,64.45
9779-DPNEJ,0.461317,1,0,test,Month-to-month,Electronic check,Fiber optic,22,80.15
9805-FILKB,0.018523,0,0,train,One year,Bank transfer (automatic),No,46,20.2
5793-YOLJN,0.006964,0,0,train,Two year,Mailed check,No,55,21.0
0673-IGUQO,0.19916,0,0,train,Month-to-month,Mailed check,No,1,20.45
4123-FCVCB,0.306178,1,0,train,One year,Mailed check,DSL,12,75.85
8819-IMISP,0.451374,1,0,train,Month-to-month,Electronic check,Fiber optic,31,80.45
7802-EFKNY,0.590471,1,1,train,Month-to-month,Electronic check,DSL,5,24.95
8311-UEUAB,0.033432,0,0,train,Two year,Electronic check,DSL,67,75.5
5858-EAFCZ,0.36624,1,0,train,Month-to-month,Mailed check,DSL,1,44.45
8035-BUYVG,0.094615,0,1,train,One year,Electronic check,DSL,40,42.35
1163-ONYEY,0.119122,0,0,train,Month-to-month,Credit card (automatic),DSL,41,74.55
9787-XVQIU,0.780477,1,1,train,Month-to-month,Electronic check,Fiber optic,1,75.3
8945-MUQUF,0.274621,1,1,train,One year,Electronic check,Fiber optic,51,94.8
5656-MJEFC,0.013894,0,0,train,Two year,Credit card (automatic),DSL,42,48.15
6082-OQFBA,0.02584,0,0,train,One year,Mailed check,No,23,19.65
8051-HJRLT,0.752196,1,1,train,Month-to-month,Electronic check,Fiber optic,1,70.55
8974-OVACP,0.198595,0,0,train,Month-to-month,Mailed check,No,1,20.15
4010-YLMVT,0.331423,1,0,train,Month-to-month,Credit card (automatic),Fiber optic,56,106.6
1379-FRVEB,0.580569,1,0,test,Month-to-month,Electronic check,Fiber optic,15,91.0
8612-GXIDD,0.041575,0,0,train,Two year,Bank transfer (automatic),No,12,25.4
6288-CHQJB,0.012296,0,0,test,Two year,Bank transfer (automatic),DSL,54,69.95
8160-HOWOX,0.583977,1,0,test,Month-to-month,Electronic check,DSL,7,66.85
3023-GFLBR,0.32053,1,1,train,Month-to-month,Credit card (automatic),Fiber optic,33,86.15
6648-INWPS,0.086807,0,0,train,Month-to-month,Electronic check,No,16,20.15
4223-BKEOR,0.055979,0,0,test,One year,Mailed check,DSL,21,64.85
4079-VTGLK,0.12617,0,0,test,Two year,Electronic check,DSL,30,74.85
1763-WQFUK,0.326958,1,0,train,Month-to-month,Mailed check,DSL,3,50.5
1391-UBDAR,0.582457,1,0,train,Month-to-month,Electronic check,Fiber optic,11,72.9
8894-JVDCV,0.135677,0,0,train,One year,Credit card (automatic),Fiber optic,62,115.05
2023-VQFDL,0.098168,0,0,train,Month-to-month,Electronic check,No,18,19.0
1345-GKDZZ,0.143046,0,0,train,Month-to-month,Mailed check,No,6,19.55
2014-MKGMH,0.336065,1,0,train,One year,Electronic check,Fiber optic,46,101.1
5628-FCGYG,0.613953,1,0,test,Month-to-month,Electronic check,Fiber optic,21,84.1
2560-WBWXF,0.009918,0,0,train,Two year,Bank transfer (automatic),No,68,24.15
0248-IPDFW,0.597203,1,0,train,Month-to-month,Electronic check,DSL,1,50.1
7978-DKUQH,0.443792,1,0,train,Month-to-month,Electronic check,Fiber optic,25,74.6
4335-UPJSI,0.011258,0,0,test,Two year,Mailed check,No,24,19.75
0524-IAVZO,0.591521,1,1,test,Month-to-month,Electronic check,Fiber optic,30,85.0
2737-YNGYW,0.699293,1,1,test,Month-to-month,Electronic check,Fiber optic,2,80.55
1784-EZDKJ,0.32081,1,0,train,One year,Bank transfer (automatic),Fiber optic,51,106.8
9297-FVVDH,0.044639,0,0,train,Two year,Electronic check,DSL,57,84.5
8007-YYPWD,0.025253,0,0,train,Two year,Bank transfer (automatic),No,15,25.05
7101-HRBLJ,0.01274,0,0,train,Two year,Bank transfer (automatic),DSL,72,83.7
5159-YFPKQ,0.718637,1,1,test,Month-to-month,Electronic check,Fiber optic,2,75.8
6635-CPNUN,0.378792,1,0,train,Month-to-month,Credit card (automatic),Fiber optic,28,96.6
4021-RQSNY,0.725488,1,1,train,Month-to-month,Electronic check,Fiber optic,29,98.5
5453-YBTWV,0.015374,0,0,train,Two year,Credit card (automatic),Fiber optic,70,101.1
5039-LZRQT,0.049047,0,0,train,One year,Mailed check,No,13,20.2
2931-VUVJN,0.142321,0,0,train,One year,Electronic check,Fiber optic,59,94.05
9061-TIHDA,0.761112,1,1,train,Month-to-month,Electronic check,Fiber optic,13,95.25
8699-ASUFO,0.733093,1,1,test,Month-to-month,Mailed check,Fiber optic,7,74.4
6418-PIQSP,0.01663,0,0,train,Two year,Mailed check,DSL,62,81.0
8220-OCUFY,0.065613,0,0,train,One year,Electronic check,DSL,21,60.25
3995-WFCSM,0.492876,1,0,train,Month-to-month,Electronic check,DSL,2,60.85
1895-QTKDO,0.332317,1,0,test,Month-to-month,Credit card (automatic),DSL,1,43.95
2038-OEQZH,0.695601,1,0,train,Month-to-month,Electronic check,Fiber optic,4,86.05
1178-PZGAB,0.032649,0,0,train,One year,Credit card (automatic),No,19,20.25
7927-AUXBZ,0.321767,1,1,train,Month-to-month,Electronic check,Fiber optic,30,85.15
2626-VEEWG,0.006336,0,0,train,Two year,Credit card (automatic),No,67,19.4
2878-RMWXY,0.048728,0,0,train,Two year,Credit card (automatic),Fiber optic,72,102.65
1657-DYMBM,0.010001,0,0,train,Two year,Credit card (automatic),No,53,19.9
7311-MQJCH,0.114674,0,0,test,One year,Electronic check,No,5,19.55
7375-WMVMT,0.039968,0,0,test,Two year,Credit card (automatic),Fiber optic,71,95.5
1136-XGEQU,0.100971,0,0,test,One year,Credit card (automatic),DSL,50,84.15
2530-FMFXO,0.15585,0,0,train,Two year,Electronic check,Fiber optic,56,103.2
6844-DZKRF,0.335271,1,0,train,Month-to-month,Credit card (automatic),DSL,2,50.2
4695-WJZUE,0.875147,1,1,train,Month-to-month,Electronic check,Fiber optic,2,88.55
7619-ODSGN,0.132938,0,1,train,Month-to-month,Electronic check,DSL,24,54.75
5970-GHJAW,0.006627,0,0,train,Two year,Credit card (automatic),No,46,19.95
8879-XUAHX,0.076777,0,0,train,Two year,Electronic check,Fiber optic,71,116.25
3689-MOZGR,0.248919,1,0,train,Month-to-month,Electronic check,DSL,29,31.2
4195-PNGZS,0.006649,0,0,train,Two year,Bank transfer (automatic),No,69,24.45
5003-XZWWO,0.016733,0,0,train,Two year,Credit card (automatic),DSL,71,84.2
3988-RQIXO,0.823868,1,1,train,Month-to-month,Electronic check,Fiber optic,1,91.3
7622-FWGEW,0.022304,0,0,train,Two year,Bank transfer (automatic),DSL,56,85.65
6922-NCEDI,0.026066,0,0,train,One year,Mailed check,No,56,21.2
2514-GINMM,0.784501,1,1,test,Month-to-month,Electronic check,Fiber optic,1,79.5
9891-NQDBD,0.046894,0,0,train,One year,Mailed check,No,28,25.55
6131-IUNXN,0.063384,0,0,train,Month-to-month,Mailed check,No,19,20.2
8548-AWOFC,0.111475,0,0,train,Month-to-month,Electronic check,DSL,66,63.85
9798-DRYDS,0.088027,0,0,train,One year,Mailed check,DSL,17,61.95
8532-UEFWH,0.013408,0,0,test,Two year,Mailed check,No,52,25.75
6296-DDOOR,0.13477,0,0,train,One year,Electronic check,DSL,19,58.2
7951-VRDVK,0.036638,0,0,train,One year,Bank transfer (automatic),DSL,36,85.85
5931-FLJJF,0.667829,1,1,train,Month-to-month,Mailed check,Fiber optic,7,70.1
4815-YOSUK,0.06103,0,0,train,One year,Credit card (automatic),Fiber optic,72,104.9
2659-VXMWZ,0.16017,0,1,test,One year,Electronic check,Fiber optic,67,111.3
0380-NEAVX,0.368638,1,0,train,One year,Electronic check,Fiber optic,34,99.85
3207-OYBWH,0.396328,1,1,test,Month-to-month,Bank transfer (automatic),Fiber optic,57,95.25
4285-GYRQC,0.732926,1,1,train,Month-to-month,Electronic check,Fiber optic,7,86.25
7216-EWTRS,0.895092,1,1,train,Month-to-month,Electronic check,Fiber optic,1,100.8
4365-MSDYN,0.23497,0,0,train,Month-to-month,Bank transfer (automatic),No,8,19.55
7036-TYDEC,0.077546,0,0,test,Two year,Electronic check,Fiber optic,69,104.0
5802-ADBRC,0.317879,1,0,train,One year,Mailed check,Fiber optic,50,104.4
8076-FEZKJ,0.080976,0,0,train,One year,Mailed check,No,10,19.5
5197-YPYBZ,0.036269,0,0,train,Two year,Credit card (automatic),No,12,25.25
8337-MSSXB,0.562041,1,1,train,Month-to-month,Electronic check,Fiber optic,14,86.3
4312-GVYNH,0.018409,0,0,train,Two year,Bank transfer (automatic),DSL,70,49.85
8495-LJDFO,0.301811,1,0,train,Month-to-month,Bank transfer (automatic),Fiber optic,64,108.95
0839-JTCUD,0.012384,0,0,test,Two year,Credit card (automatic),DSL,66,89.9
5494-WOZRZ,0.010771,0,0,train,Two year,Credit card (automatic),DSL,71,82.0
1302-UHBDD,0.545256,1,0,test,Month-to-month,Electronic check,Fiber optic,20,89.95
2234-EOFPT,0.010316,0,0,train,Two year,Bank transfer (automatic),DSL,72,79.35
8619-IJNDK,0.004036,0,0,test,Two year,Credit card (automatic),DSL,71,64.05
8378-LKJAF,0.439012,1,0,test,Month-to-month,Credit card (automatic),Fiber optic,38,101.15
8182-BJDSI,0.553709,1,1,train,Month-to-month,Electronic check,Fiber optic,28,89.95
2528-HFYZX,0.476872,1,1,train,Month-to-month,Electronic check,Fiber optic,17,76.45
1153-GNOLC,0.19244,0,0,train,One year,Electronic check,DSL,33,39.1
3298-QEICA,0.022393,0,0,train,Two year,Mailed check,DSL,23,34.6
0788-DXBFY,0.031153,0,0,test,One year,Electronic check,No,58,19.55
3597-YASZG,0.072709,0,0,train,Two year,Bank transfer (automatic),Fiber optic,70,104.45
3496-LFSZU,0.619516,1,0,train,Month-to-month,Electronic check,Fiber optic,4,70.5
5242-UOWHD,0.006765,0,0,train,Two year,Mailed check,No,45,20.35
2482-CZGBB,0.651012,1,1,test,Month-to-month,Electronic check,Fiber optic,10,70.0
6479-SZPLM,0.008113,0,0,train,Two year,Credit card (automatic),No,36,19.45
8097-VBQTZ,0.063955,0,0,train,Month-to-month,Mailed check,DSL,54,69.9
4500-HKANN,0.025426,0,0,test,Two year,Mailed check,DSL,23,59.7
9917-KWRBE,0.051913,0,0,test,One year,Credit card (automatic),DSL,41,78.35
3420-ZDBMA,0.682726,1,0,train,Month-to-month,Mailed check,Fiber optic,5,71.45
2212-LYASK,0.146892,0,0,test,One year,Credit card (automatic),DSL,27,45.85
1393-IMKZG,0.790606,1,0,train,Month-to-month,Electronic check,Fiber optic,1,95.85
8069-RHUXK,0.006585,0,0,train,Two year,Credit card (automatic),DSL,67,35.7
3398-GCPMU,0.01961,0,0,train,Two year,Credit card (automatic),DSL,72,89.55
2908-WGAXL,0.012577,0,0,train,Two year,Credit card (automatic),No,56,24.95
3378-AJRAO,0.027184,0,0,train,One year,Electronic check,No,44,24.85
1013-QCWAM,0.482788,1,0,train,Month-to-month,Electronic check,Fiber optic,66,100.8
0866-QLSIR,0.052218,0,1,test,One year,Mailed check,DSL,34,64.4
6050-FFXES,0.047806,0,0,train,Two year,Bank transfer (automatic),Fiber optic,69,105.35
7181-BQYBV,0.806381,1,1,test,Month-to-month,Electronic check,Fiber optic,1,102.45
0362-RAOQO,0.008217,0,0,train,Two year,Credit card (automatic),No,40,19.65
9554-DFKIC,0.138431,0,0,train,Month-to-month,Bank transfer (automatic),DSL,30,54.45
5527-ACHSO,0.29055,1,0,train,Month-to-month,Mailed check,DSL,11,70.5
0829-DDVLK,0.038749,0,0,train,One year,Credit card (automatic),No,15,20.1
1399-UBQIU,0.592709,1,0,train,Month-to-month,Electronic check,DSL,11,69.35
1813-JLKWR,0.011242,0,0,train,One year,Bank transfer (automatic),No,64,19.8
0336-PIKEI,0.010444,0,0,train,Two year,Bank transfer (automatic),DSL,72,74.4
7322-OCWHC,0.030303,0,0,test,Two year,Bank transfer (automatic),Fiber optic,72,93.05
9537-VHDTA,0.222686,0,0,test,Month-to-month,Mailed check,DSL,1,51.2
4957-TIALW,0.031362,0,0,train,One year,Credit card (automatic),DSL,15,65.6
2054-PJOCK,0.065668,0,0,train,One year,Credit card (automatic),DSL,60,80.55
9150-HEPMB,0.028571,0,0,train,One year,Mailed check,DSL,56,52.7
9030-QGZNL,0.037646,0,0,test,Two year,Mailed check,No,8,20.85
6204-IEUXJ,0.450973,1,1,train,Month-to-month,Credit card (automatic),Fiber optic,3,80.1
3126-WQMGH,0.202573,0,0,train,Month-to-month,Credit card (automatic),DSL,49,52.15
4529-CKBCL,0.794043,1,1,train,Month-to-month,Electronic check,Fiber optic,2,80.2
2506-CLAKW,0.514689,1,1,train,Month-to-month,Bank transfer (automatic),Fiber optic,6,98.15
7176-WRTNX,0.048825,0,0,train,Two year,Bank transfer (automatic),Fiber optic,70,114.95
1583-IHQZE,0.638117,1,1,train,Month-to-month,Mailed check,Fiber optic,12,112.95
5732-IKGQH,0.184872,0,0,train,One year,Bank transfer (automatic),Fiber optic,52,104.45
9239-GZHZE,0.045432,0,0,train,Two year,Credit card (automatic),Fiber optic,72,113.65
7205-BAIAD,0.012686,0,0,test,Two year,Bank transfer (automatic),No,40,20.6
0151-ONTOV,0.555829,1,1,train,Month-to-month,Mailed check,Fiber optic,1,70.9
4140-MUHUG,0.826123,1,1,train,Month-to-month,Electronic check,Fiber optic,3,86.85
0093-EXYQL,0.498393,1,0,train,Month-to-month,Electronic check,Fiber optic,40,91.55
8064-RAVOH,0.46765,1,0,train,Month-to-month,Electronic check,DSL,1,49.85
0219-QAERP,0.028546,0,0,train,One year,Credit card (automatic),No,30,19.8
0320-JDNQG,0.371786,1,1,train,Month-to-month,Electronic check,Fiber optic,23,99.85
7180-PISOG,0.764805,1,1,test,Month-to-month,Electronic check,Fiber optic,1,74.5
9168-INPSZ,0.358312,1,0,train,Month-to-month,Electronic check,Fiber optic,44,104.15
3571-RFHAR,0.357899,1,1,train,Month-to-month,Electronic check,Fiber optic,65,109.15
0015-UOCOJ,0.403538,1,0,test,Month-to-month,Electronic check,DSL,7,48.2
5334-AFQJB,0.011194,0,0,test,Two year,Credit card (automatic),No,72,25.1
2754-SDJRD,0.749721,1,0,test,Month-to-month,Credit card (automatic),Fiber optic,8,100.15
9578-VRMNM,0.295069,1,1,train,Month-to-month,Credit card (automatic),DSL,16,65.2
1587-FKLZB,0.364994,1,1,test,Month-to-month,Credit card (automatic),Fiber optic,66,99.5
6140-QNRQQ,0.657313,1,1,train,Month-to-month,Mailed check,Fiber optic,1,71.55
8963-JLGJT,0.195238,0,0,train,Month-to-month,Mailed check,DSL,3,55.9
4307-KTUMW,0.30654,1,1,train,Month-to-month,Electronic check,Fiber optic,53,93.9
1465-LNTLJ,0.398534,1,0,test,Month-to-month,Credit card (automatic),DSL,8,64.4
5440-FLBQG,0.078275,0,1,train,Two year,Bank transfer (automatic),Fiber optic,69,108.4
2135-DQWAQ,0.68502,1,0,train,Month-to-month,Mailed check,Fiber optic,5,85.3
4056-QHXHZ,0.029663,0,0,train,Two year,Mailed check,Fiber optic,72,107.45
7470-MCQTK,0.487255,1,1,test,Month-to-month,Bank transfer (automatic),DSL,13,48.75
7488-MXJIV,0.810538,1,1,train,Month-to-month,Electronic check,Fiber optic,4,85.65
7401-JIXNM,0.019528,0,0,test,Two year,Credit card (automatic),DSL,54,91.3
9339-FIIJL,0.017554,0,0,test,Two year,Bank transfer (automatic),DSL,72,85.95
2027-FECZV,0.788498,1,1,test,Month-to-month,Electronic check,Fiber optic,12,106.7
2672-DZUOY,0.644946,1,1,train,Month-to-month,Electronic check,DSL,1,25.15
4706-DGAHW,0.458656,1,0,test,Month-to-month,Electronic check,DSL,1,45.2
3870-MQAMG,0.225141,0,1,train,One year,Electronic check,Fiber optic,54,110.35
6670-MFRPK,0.063483,0,0,train,Two year,Credit card (automatic),Fiber optic,69,79.2
6177-PEVRA,0.00913,0,0,train,Two year,Credit card (automatic),DSL,48,55.5
4800-CZMPC,0.136785,0,1,train,One year,Credit card (automatic),Fiber optic,48,103.25
4813-HQMGZ,0.791737,1,0,train,Month-to-month,Electronic check,Fiber optic,8,90.25
7579-KKLOE,0.016918,0,0,train,Two year,Mailed check,DSL,71,91.25
7377-DMMRI,0.450679,1,1,train,Month-to-month,Electronic check,DSL,2,47.8
8402-EIVQS,0.112742,0,0,train,One year,Credit card (automatic),Fiber optic,67,100.9
4947-DSMXK,0.459413,1,0,test,Month-to-month,Bank transfer (automatic),Fiber optic,34,97.7
7245-NIIWQ,0.727909,1,0,train,Month-to-month,Electronic check,Fiber optic,3,69.85
0002-ORFBO,0.137965,0,0,train,One year,Mailed check,DSL,9,65.6
3324-OIRTO,0.074048,0,0,test,One year,Bank transfer (automatic),Fiber optic,71,104.65
5414-OFQCB,0.074762,0,0,train,Two year,Credit card (automatic),Fiber optic,57,90.45
4967-WPNCF,0.015658,0,0,train,Two year,Bank transfer (automatic),DSL,72,63.7
8552-OBVRU,0.273077,1,0,train,Month-to-month,Electronic check,Fiber optic,48,104.5
8499-BRXTD,0.036895,0,0,train,One year,Mailed check,No,18,20.1
9154-QDGTH,0.178054,0,0,train,One year,Credit card (automatic),Fiber optic,43,104.3
8197-BFWVU,0.013243,0,0,train,Two year,Bank transfer (automatic),DSL,72,93.25
2577-GVSIL,0.119002,0,0,train,One year,Bank transfer (automatic),DSL,35,73.45
9367-OIUXP,0.194789,0,0,train,Month-to-month,Mailed check,No,4,20.7
6770-UAYGJ,0.014457,0,0,train,Two year,Mailed check,No,49,25.25
6463-HHXJR,0.022589,0,0,train,Two year,Bank transfer (automatic),Fiber optic,71,100.5
7928-VJYAB,0.644083,1,0,test,Month-to-month,Electronic check,Fiber optic,11,90.6
1187-WILMM,0.02019,0,0,train,Two year,Credit card (automatic),DSL,63,89.4
9776-OJUZI,0.346474,1,0,train,Month-to-month,Bank transfer (automatic),Fiber optic,65,95.45
1306-RPWXZ,0.010677,0,0,train,Two year,Credit card (automatic),No,49,20.45
8949-JTMAY,0.58249,1,1,train,Month-to-month,Credit card (automatic),Fiber optic,29,98.6
2774-LVQUS,0.570771,1,1,train,Month-to-month,Electronic check,Fiber optic,15,83.05
3097-PYWXL,0.247567,1,0,train,Month-to-month,Electronic check,No,4,19.95
2266-SJNAT,0.096073,0,0,train,One year,Credit card (automatic),Fiber optic,72,109.15
0869-PAPRP,0.52151,1,0,train,Month-to-month,Credit card (automatic),Fiber optic,26,85.7
4238-JSSWH,0.474209,1,0,train,Month-to-month,Bank transfer (automatic),Fiber optic,35,102.05
2972-YDYUW,0.156336,0,0,test,One year,Electronic check,Fiber optic,57,94.7
1104-FEJAM,0.204489,0,0,train,Month-to-month,Electronic check,DSL,28,64.4
2809-ILCYT,0.064279,0,0,train,One year,Mailed check,No,25,26.8
5499-ECUTN,0.041538,0,0,train,One year,Credit card (automatic),DSL,47,66.05
4981-FLTMF,0.042049,0,0,test,Month-to-month,Bank transfer (automatic),DSL,57,65.2
9121-PHQSR,0.616426,1,0,train,Month-to-month,Credit card (automatic),Fiber optic,16,85.05
3113-IWHLC,0.347483,1,0,train,Month-to-month,Mailed check,DSL,5,55.8
3211-ILJTT,0.408183,1,1,train,Month-to-month,Bank transfer (automatic),Fiber optic,17,70.4
4612-THJBS,0.29066,1,1,train,One year,Bank transfer (automatic),Fiber optic,56,104.75
4277-BWBML,0.003966,0,0,test,Two year,Bank transfer (automatic),No,72,19.95
4094-NSEDU,0.686534,1,1,train,Month-to-month,Electronic check,Fiber optic,21,94.25
0234-TEVTT,0.032964,0,0,train,One year,Credit card (automatic),DSL,48,45.0
4304-TSPVK,0.03515,0,0,test,Two year,Bank transfer (automatic),Fiber optic,68,114.9
1552-AAGRX,0.29026,1,0,train,Month-to-month,Bank transfer (automatic),Fiber optic,30,106.4
2637-FKFSY,0.421551,1,0,train,Month-to-month,Mailed check,DSL,3,46.1
9796-MVYXX,0.052215,0,0,train,Two year,Mailed check,DSL,14,39.7
7874-ECPQJ,0.206126,0,0,train,Month-to-month,Bank transfer (automatic),No,4,20.05
0020-INWCK,0.058854,0,0,train,Two year,Credit card (automatic),Fiber optic,71,95.75
7089-RKVSZ,0.084484,0,0,train,One year,Mailed check,No,8,24.4
2683-JXWQQ,0.074809,0,0,train,Month-to-month,Bank transfer (automatic),DSL,61,33.6
9548-ZMVTX,0.024206,0,0,train,Two year,Bank transfer (automatic),Fiber optic,72,90.45
8739-XNIKG,0.814422,1,0,test,Month-to-month,Electronic check,Fiber optic,5,84.0
9755-JHNMN,0.011112,0,0,test,Two year,Bank transfer (automatic),DSL,49,67.4
3981-QSVQI,0.188406,0,0,train,Month-to-month,Bank transfer (automatic),No,8,19.7
2789-HQBOU,0.783106,1,0,train,Month-to-month,Electronic check,Fiber optic,3,80.35
9424-CMPOG,0.026753,0,0,train,Two year,Mailed check,No,9,19.6
5067-WJEUN,0.009971,0,0,train,Two year,Bank transfer (automatic),DSL,67,54.2
3450-WXOAT,0.08072,0,0,train,Month-to-month,Credit card (automatic),DSL,46,45.2
9251-WNSOD,0.034021,0,0,train,One year,Mailed check,DSL,67,75.1
6974-DAFLI,0.03092,0,0,train,One year,Electronic check,No,55,19.7
2616-UUTFK,0.193299,0,0,train,Month-to-month,Bank transfer (automatic),DSL,33,72.75
7064-JHXCE,0.006503,0,0,train,Two year,Credit card (automatic),No,62,20.05
5103-MHMHY,0.296444,1,1,test,Month-to-month,Mailed check,DSL,1,45.95
7989-AWGEH,0.253491,1,0,train,Month-to-month,Electronic check,DSL,49,39.2
4373-VVHQL,0.526022,1,0,train,Month-to-month,Electronic check,DSL,1,44.75
4559-UWIHT,0.56512,1,0,train,Month-to-month,Electronic check,Fiber optic,14,82.65
7268-IGMFD,0.452902,1,0,train,Month-to-month,Bank transfer (automatic),Fiber optic,18,93.9
1846-XWOQN,0.759867,1,1,train,Month-to-month,Electronic check,Fiber optic,1,70.15
0235-KGSLC,0.707967,1,1,test,Month-to-month,Credit card (automatic),Fiber optic,1,85.55
6650-BWFRT,0.040819,0,0,train,Two year,Credit card (automatic),Fiber optic,72,117.15
9570-KYEUA,0.039608,0,0,train,Two year,Credit card (automatic),Fiber optic,64,99.25
6993-YGFJV,0.050134,0,0,train,Two year,Bank transfer (automatic),Fiber optic,69,112.55
2712-SYWAY,0.404295,1,0,train,Month-to-month,Electronic check,No,1,25.7
0730-BGQGF,0.009391,0,0,train,Two year,Credit card (automatic),DSL,71,90.3
5498-IBWPI,0.024905,0,0,test,One year,Credit card (automatic),DSL,66,49.4
9101-NTIXF,0.209815,0,0,train,Month-to-month,Mailed check,No,2,19.4
0013-SMEOE,0.034718,0,0,train,Two year,Bank transfer (automatic),Fiber optic,71,109.7
9314-QDMDW,0.27016,1,0,train,One year,Electronic check,DSL,11,61.25
9308-ANMVE,0.065141,0,0,test,Month-to-month,Electronic check,DSL,47,55.3
2884-GBPFB,0.347641,1,1,train,Month-to-month,Electronic check,Fiber optic,35,70.3
3757-NJYBX,0.418654,1,1,train,Month-to-month,Bank transfer (automatic),Fiber optic,32,106.35
3413-DHLPB,0.29303,1,0,train,Month-to-month,Bank transfer (automatic),Fiber optic,60,103.75
7649-PHJVR,0.071084,0,0,test,One year,Mailed check,No,11,19.5
6114-TCFID,0.043002,0,0,train,One year,Credit card (automatic),DSL,29,39.5
3787-TRIAL,0.29795,1,0,test,Month-to-month,Electronic check,DSL,21,26.05
2573-GYRUU,0.391032,1,0,train,Month-to-month,Credit card (automatic),Fiber optic,48,91.05
5156-UMKOW,0.329123,1,0,train,Month-to-month,Mailed check,DSL,3,29.65
1247-QBVSH,0.061642,0,0,train,Month-to-month,Mailed check,DSL,43,50.2
6734-GMPVK,0.761481,1,0,train,Month-to-month,Electronic check,Fiber optic,5,105.3
9822-OAOVB,0.609284,1,0,train,Month-to-month,Electronic check,DSL,1,55.45
6161-ERDGD,0.034389,0,0,train,One year,Electronic check,DSL,71,85.45
1226-JZNKR,0.092502,0,0,train,One year,Electronic check,No,8,19.8
7318-EIVKO,0.635087,1,0,train,Month-to-month,Electronic check,DSL,8,59.25
3771-PZOBW,0.497068,1,0,train,Month-to-month,Credit card (automatic),Fiber optic,20,90.7
5136-KCKGI,0.240841,1,1,train,One year,Mailed check,Fiber optic,33,103.7
8231-BSWXX,0.099621,0,0,train,One year,Credit card (automatic),Fiber optic,71,79.05
6486-LHTMA,0.461642,1,0,train,One year,Electronic check,Fiber optic,31,90.7
4083-BFNYK,0.15977,0,0,train,One year,Credit card (automatic),Fiber optic,38,95.0
3722-WPXTK,0.833001,1,1,test,Month-to-month,Electronic check,Fiber optic,1,88.35
7389-KBFIT,0.453985,1,0,train,Month-to-month,Mailed check,DSL,2,30.25
7176-WIONM,0.627772,1,0,train,Month-to-month,Bank transfer (automatic),DSL,12,49.85
5141-ZUVBH,0.379736,1,0,train,Month-to-month,Bank transfer (automatic),Fiber optic,9,93.0
1089-HDMKP,0.323052,1,0,train,Month-to-month,Electronic check,DSL,11,54.55
7623-HKYRK,0.150928,0,0,train,Month-to-month,Mailed check,No,6,19.7
0310-SUCIN,0.02156,0,0,train,One year,Bank transfer (automatic),DSL,71,84.8
5197-PYEPU,0.128467,0,0,train,One year,Credit card (automatic),Fiber optic,42,94.45
2929-ERCFZ,0.764566,1,1,train,Month-to-month,Electronic check,Fiber optic,8,94.2
7548-SEPYI,0.779627,1,1,train,Month-to-month,Electronic check,Fiber optic,5,96.25
8835-VSDSE,0.721531,1,1,train,Month-to-month,Electronic check,Fiber optic,2,70.7
6619-RPLQZ,0.007018,0,0,train,Two year,Mailed check,No,45,20.85
3275-RHRNE,0.140072,0,0,train,One year,Credit card (automatic),DSL,28,60.0
3503-TYDAY,0.269226,1,0,train,Month-to-month,Electronic check,Fiber optic,43,80.45
6901-GOGZG,0.042623,0,0,train,Two year,Electronic check,DSL,60,84.95
1623-NLDOT,0.05079,0,1,train,One year,Mailed check,DSL,42,33.55
7021-XSNYE,0.070802,0,0,train,Two year,Credit card (automatic),DSL,7,49.65
9621-OUPYD,0.058038,0,0,train,One year,Bank transfer (automatic),No,25,20.2
9898-KZQDZ,0.486756,1,1,train,Month-to-month,Credit card (automatic),Fiber optic,40,94.55
8982-NHAVY,0.432968,1,0,train,One year,Bank transfer (automatic),Fiber optic,27,100.5
4307-KWMXE,0.34731,1,0,train,Month-to-month,Electronic check,DSL,10,35.75
0141-YEAYS,0.477642,1,0,train,Month-to-month,Bank transfer (automatic),Fiber optic,27,86.45
2450-ZKEED,0.1091,0,0,train,One year,Bank transfer (automatic),DSL,11,53.8
3694-DELSO,0.386061,1,0,train,Month-to-month,Credit card (automatic),DSL,4,38.55
3893-JRNFS,0.15207,0,0,test,Month-to-month,Bank transfer (automatic),DSL,68,39.9
9603-OAIHC,0.750318,1,0,train,Month-to-month,Electronic check,Fiber optic,1,70.05
1133-KXCGE,0.036441,0,0,test,One year,Mailed check,No,18,20.1
5236-PERKL,0.094447,0,1,test,Two year,Bank transfer (automatic),Fiber optic,57,112.95
0142-GVYSN,0.123988,0,0,train,Month-to-month,Electronic check,No,26,20.3
1049-FYSYG,0.283901,1,0,train,Month-to-month,Credit card (automatic),DSL,17,35.65
7854-FOKSF,0.576482,1,1,train,Month-to-month,Electronic check,DSL,1,35.9
2519-FAKOD,0.433404,1,1,train,Month-to-month,Bank transfer (automatic),Fiber optic,38,99.25
8406-LNMHF,0.081064,0,0,train,One year,Credit card (automatic),Fiber optic,59,82.95
1821-BUCWY,0.032262,0,0,train,Two year,Mailed check,DSL,30,55.65
8263-JQAIK,0.602534,1,1,train,Month-to-month,Mailed check,DSL,2,24.45
0023-UYUPN,0.052257,0,0,train,One year,Electronic check,No,50,25.2
8314-DPQHL,0.168643,0,0,train,One year,Mailed check,DSL,9,50.8
1465-WCZVT,0.144233,0,0,train,Month-to-month,Mailed check,No,3,19.65
9481-SFCQY,0.242049,1,0,test,Month-to-month,Credit card (automatic),DSL,14,59.8
6360-SVNWV,0.289244,1,0,train,Month-to-month,Credit card (automatic),Fiber optic,31,73.55
0567-GGCAC,0.277367,1,0,train,Month-to-month,Electronic check,DSL,7,61.4
7089-IVVAZ,0.613315,1,1,train,Month-to-month,Bank transfer (automatic),Fiber optic,8,103.35
8884-MRNSU,0.030207,0,0,train,One year,Bank transfer (automatic),No,17,19.9
2171-UDMFD,0.062963,0,0,test,Month-to-month,Credit card (automatic),No,32,19.45
9050-IKDZA,0.689697,1,0,train,Month-to-month,Mailed check,Fiber optic,2,81.5
2205-YMZZJ,0.820099,1,1,train,Month-to-month,Electronic check,Fiber optic,7,84.8
9802-CAQUT,0.030935,0,0,train,Two year,Credit card (automatic),Fiber optic,72,109.55
1254-IZEYF,0.647201,1,1,train,Month-to-month,Electronic check,Fiber optic,31,99.95
0187-WZNAB,0.189835,0,0,train,Month-to-month,Mailed check,Fiber optic,27,74.4
9492-TOKRI,0.488265,1,1,train,Month-to-month,Credit card (automatic),Fiber optic,18,90.0
1475-VWVDO,0.681464,1,0,test,Month-to-month,Electronic check,Fiber optic,7,74.9
9221-OTIVJ,0.741257,1,1,test,Month-to-month,Electronic check,Fiber optic,14,104.85
1357-MVDOZ,0.322894,1,0,train,Month-to-month,Bank transfer (automatic),DSL,11,59.65
7602-MVRMB,0.039446,0,0,train,Two year,Bank transfer (automatic),Fiber optic,72,110.45
3325-FUYCG,0.247022,1,1,test,One year,Electronic check,Fiber optic,28,106.1
5908-QMGOE,0.531066,1,1,train,Month-to-month,Credit card (automatic),Fiber optic,15,74.2
1197-BVMVG,0.796962,1,0,train,Month-to-month,Electronic check,Fiber optic,4,74.45
5406-KGRMX,0.008324,0,0,train,Two year,Electronic check,No,71,24.55
8481-YYXWG,0.603765,1,1,train,Month-to-month,Electronic check,Fiber optic,5,89.35
5968-HYJRZ,0.012102,0,0,train,Two year,Mailed check,No,47,24.55
5198-EFNBM,0.243534,1,0,test,One year,Electronic check,Fiber optic,57,90.65
7516-GMHUV,0.168918,0,0,train,Two year,Credit card (automatic),Fiber optic,50,105.05
7140-ADSMJ,0.187911,0,0,train,Month-to-month,Credit card (automatic),No,8,20.45
2230-XTUWL,0.005912,0,0,test,Two year,Mailed check,No,48,19.55
7706-YLMQA,0.009644,0,0,train,One year,Bank transfer (automatic),No,70,19.7
2585-KTFRE,0.24084,1,0,train,Month-to-month,Bank transfer (automatic),DSL,1,70.45
7994-UYIVZ,0.713992,1,0,train,Month-to-month,Bank transfer (automatic),Fiber optic,8,85.65
2609-IAICY,0.782642,1,1,test,Month-to-month,Electronic check,Fiber optic,1,77.15
1740-CSDJP,0.629808,1,1,train,Month-to-month,Bank transfer (automatic),DSL,1,35.25
7717-BICXI,0.006853,0,0,test,Two year,Mailed check,No,60,20.55
6559-RAKOZ,0.340373,1,0,test,One year,Electronic check,Fiber optic,49,97.95
2636-OHFMN,0.712343,1,1,train,Month-to-month,Electronic check,DSL,4,48.55
4716-MRVEN,0.029533,0,0,train,One year,Mailed check,No,29,20.0
2143-LJULT,0.012832,0,0,train,Two year,Credit card (automatic),No,67,25.25
1323-OOEPC,0.467519,1,1,train,Month-to-month,Credit card (automatic),Fiber optic,53,98.4
3200-MNQTF,0.008237,0,0,test,Two year,Credit card (automatic),DSL,67,70.9
6164-HXUGH,0.13733,0,0,test,Month-to-month,Mailed check,No,6,19.85
5630-IXDXV,0.471791,1,0,train,Month-to-month,Electronic check,Fiber optic,47,106.35
0320-DWVTU,0.036091,0,0,train,Two year,Mailed check,Fiber optic,53,99.5
9135-MGVPY,0.013662,0,0,train,Two year,Mailed check,DSL,69,84.7
1212-GLHMD,0.628527,1,0,train,Month-to-month,Mailed check,Fiber optic,3,86.05
7878-JGDKK,0.324211,1,0,train,Month-to-month,Mailed check,DSL,4,44.55
1088-AUUZZ,0.019771,0,0,test,Two year,Credit card (automatic),DSL,56,75.85
0397-GZBBC,0.449924,1,1,train,Month-to-month,Bank transfer (automatic),Fiber optic,59,93.85
6614-YWYSC,0.014272,0,0,train,Two year,Bank transfer (automatic),No,61,25.0
9588-OZDMQ,0.465039,1,0,train,Month-to-month,Electronic check,DSL,2,45.0
7641-EUYET,0.332489,1,1,train,Month-to-month,Electronic check,Fiber optic,46,100.7
6476-EPYZR,0.111532,0,0,train,Month-to-month,Mailed check,No,12,20.5
9921-ZVRHG,0.549286,1,1,train,Month-to-month,Electronic check,Fiber optic,14,80.45
1174-FGIFN,0.305073,1,0,test,One year,Electronic check,Fiber optic,28,90.45
6620-HVDUJ,0.052645,0,0,train,Month-to-month,Bank transfer (automatic),DSL,24,60.45
4701-MLJPN,0.172459,0,1,test,Month-to-month,Electronic check,DSL,31,55.25
1032-MAELW,0.040678,0,0,train,One year,Electronic check,DSL,68,78.45
7641-TQFHN,0.080625,0,0,test,Two year,Mailed check,Fiber optic,39,100.55
1552-TKMXS,0.034137,0,0,train,Month-to-month,Credit card (automatic),No,42,20.35
9206-GVPEQ,0.377904,1,1,train,Month-to-month,Electronic check,DSL,13,54.45
8622-ZLFKO,0.78205,1,0,test,Month-to-month,Electronic check,Fiber optic,6,90.75
1596-BBVTG,0.248212,1,1,train,Month-to-month,Credit card (automatic),Fiber optic,35,75.35
6188-UXBBR,0.030193,0,0,train,One year,Credit card (automatic),No,38,20.25
2333-KWEWW,0.01919,0,0,train,Two year,Credit card (automatic),No,18,20.05
5702-SKUOB,0.203063,0,0,train,Month-to-month,Mailed check,No,4,19.6
1134-YWTYF,0.192296,0,0,train,Month-to-month,Electronic check,DSL,27,53.8
6061-GWWAV,0.029369,0,0,test,One year,Mailed check,DSL,41,70.2
0679-TDGAK,0.055625,0,0,train,One year,Electronic check,DSL,50,75.5
6585-WCEWR,0.004932,0,0,train,Two year,Electronic check,No,72,20.35
9067-YGSCA,0.013638,0,0,train,One year,Credit card (automatic),No,70,26.05
9067-SQTNS,0.013405,0,0,test,One year,Bank transfer (automatic),No,44,20.6
8433-WXGNA,0.613673,1,1,train,Month-to-month,Electronic check,Fiber optic,2,75.7
1776-SPBWV,0.028917,0,0,test,One year,Bank transfer (automatic),No,34,20.1
8735-SDUFN,0.007968,0,0,test,Two year,Bank transfer (automatic),No,72,24.3
9668-PUGNU,0.013274,0,0,train,Two year,Electronic check,No,71,24.5
9405-GPBBG,0.07968,0,0,test,Two year,Credit card (automatic),Fiber optic,64,110.5
1926-QUZNN,0.009774,0,0,test,Two year,Bank transfer (automatic),No,72,25.25
3707-GNWHM,0.744685,1,1,test,Month-to-month,Mailed check,Fiber optic,1,74.25
7016-NVRIC,0.158141,0,0,train,One year,Bank transfer (automatic),Fiber optic,29,90.1
5829-NVSQN,0.074639,0,0,train,One year,Bank transfer (automatic),DSL,23,68.75
9565-AXSMR,0.008074,0,0,train,Two year,Mailed check,No,52,19.2
8922-LIEGH,0.600338,1,1,train,Month-to-month,Electronic check,Fiber optic,25,89.7
8869-LIHMK,0.054427,0,0,train,Two year,Bank transfer (automatic),Fiber optic,64,115.1
8245-UMPYT,0.741207,1,1,test,Month-to-month,Electronic check,Fiber optic,16,96.4
5186-SAMNZ,0.685149,1,1,test,Month-to-month,Bank transfer (automatic),Fiber optic,1,69.5
0447-RXSGD,0.545555,1,0,train,Month-to-month,Bank transfer (automatic),Fiber optic,24,99.65
4927-WWOOZ,0.833831,1,0,test,Month-to-month,Electronic check,Fiber optic,2,91.45
5788-YPOEG,0.019768,0,0,train,Two year,Mailed check,DSL,34,84.75
5373-SFODM,0.476625,1,1,test,Month-to-month,Credit card (automatic),Fiber optic,36,85.25
0661-KBKPA,0.113906,0,0,test,One year,Mailed check,DSL,53,78.75
9081-WWXKP,0.0067,0,0,train,Two year,Credit card (automatic),No,47,20.25
0784-ZQJZX,0.002838,0,0,train,Two year,Credit card (automatic),No,72,19.9
3133-PZNSR,0.024657,0,0,train,Two year,Credit card (automatic),Fiber optic,72,97.75
5766-ZJYBB,0.194334,0,1,test,Month-to-month,Mailed check,No,1,19.4
8931-GJJIQ,0.784201,1,1,train,Month-to-month,Electronic check,Fiber optic,9,83.3
4277-PVRAN,0.701722,1,1,train,Month-to-month,Bank transfer (automatic),Fiber optic,8,80.1
0022-TCJCI,0.036347,0,1,train,One year,Credit card (automatic),DSL,45,62.7
0722-SVSFK,0.744559,1,0,train,Month-to-month,Electronic check,Fiber optic,7,100.4
3612-YVGSJ,0.009343,0,0,train,Two year,Credit card (automatic),No,71,24.45
9825-YCXWZ,0.214719,0,0,train,One year,Bank transfer (automatic),Fiber optic,41,101.1
5397-NSKQG,0.0219,0,0,train,Two year,Credit card (automatic),DSL,67,50.9
8565-HBFNN,0.081428,0,0,train,One year,Credit card (automatic),Fiber optic,69,107.2
2000-DHJUY,0.01905,0,0,train,Two year,Bank transfer (automatic),DSL,70,92.2
0203-HHYIJ,0.053594,0,1,train,One year,Bank transfer (automatic),No,25,25.3
8670-ERCJH,0.026687,0,0,train,Two year,Bank transfer (automatic),Fiber optic,72,113.4
7758-UJWYS,0.058404,0,0,train,Two year,Electronic check,DSL,34,40.55
2050-ONYDQ,0.005776,0,0,train,Two year,Credit card (automatic),No,65,26.0
7055-JCGNI,0.042499,0,0,train,Two year,Credit card (automatic),Fiber optic,70,111.95
0739-UUAJR,0.026657,0,0,train,Two year,Credit card (automatic),DSL,72,53.8
4826-DXMUP,0.071089,0,0,train,One year,Mailed check,DSL,35,72.1
0952-KMEEH,0.511482,1,1,test,Month-to-month,Mailed check,Fiber optic,13,98.15
7285-KLOTR,0.323242,1,0,train,One year,Electronic check,DSL,12,78.85
0654-PQKDW,0.032604,0,0,train,One year,Bank transfer (automatic),DSL,62,70.75
7175-NTIXE,0.195126,0,0,train,Month-to-month,Credit card (automatic),DSL,25,76.15
7963-SHNDT,0.015648,0,0,train,Two year,Mailed check,DSL,52,39.1
9796-BPKIW,0.623636,1,0,train,Month-to-month,Credit card (automatic),Fiber optic,8,69.95
0188-GWFLE,0.177125,0,0,train,Month-to-month,Mailed check,No,2,20.05
8129-GMVGI,0.007998,0,0,test,Two year,Mailed check,No,56,20.05
2882-DDZPG,0.136684,0,0,train,Month-to-month,Bank transfer (automatic),No,12,19.45
3547-LQRIK,0.031188,0,0,train,One year,Electronic check,No,47,26.9
9137-NOQKA,0.2724,1,0,train,Month-to-month,Electronic check,No,2,19.2
5843-TTHGI,0.197716,0,0,train,Month-to-month,Mailed check,DSL,18,50.0
1849-RJYIG,0.447872,1,0,train,Month-to-month,Electronic check,DSL,8,60.0
8868-GAGIO,0.21607,0,0,train,Month-to-month,Mailed check,Fiber optic,45,84.55
4061-UKJWL,0.327808,1,0,train,Month-to-month,Mailed check,DSL,3,45.45
5380-XPJNZ,0.022459,0,0,test,One year,Mailed check,No,38,20.05
8263-QMNTJ,0.058379,0,0,train,Two year,Electronic check,Fiber optic,72,115.55
8178-EYZUO,0.325599,1,1,train,Month-to-month,Electronic check,Fiber optic,46,93.7
3230-JCNZS,0.041392,0,0,train,Two year,Credit card (automatic),Fiber optic,71,99.0
0277-ORXQS,0.028419,0,0,train,Two year,Bank transfer (automatic),DSL,66,50.55
5130-IEKQT,0.534769,1,1,train,Month-to-month,Mailed check,Fiber optic,25,105.95
3230-WYKIR,0.17747,0,1,train,One year,Credit card (automatic),DSL,18,82.0
7996-BPXHY,0.034502,0,0,test,Two year,Bank transfer (automatic),No,13,25.0
3227-WLKLI,0.014366,0,0,train,Two year,Bank transfer (automatic),DSL,65,91.55
0407-BDJKB,0.423468,1,1,train,Month-to-month,Electronic check,Fiber optic,60,95.75
2266-FUBDZ,0.017569,0,0,test,Two year,Mailed check,No,15,19.35
8237-ULIXL,0.005858,0,0,train,Two year,Credit card (automatic),No,72,24.85
9600-UDOPK,0.585809,1,1,train,Month-to-month,Credit card (automatic),Fiber optic,30,94.05
8216-AZUUZ,0.116478,0,0,train,Two year,Electronic check,Fiber optic,42,100.4
9153-BTBVV,0.008128,0,0,train,Two year,Bank transfer (automatic),No,71,25.0
4074-SJFFA,0.486154,1,1,train,Month-to-month,Mailed check,DSL,1,54.75
3269-ATYWD,0.510493,1,1,train,Month-to-month,Bank transfer (automatic),Fiber optic,39,95.65
5186-PEIZU,0.05027,0,0,train,Month-to-month,Bank transfer (automatic),No,35,19.25
1074-AMIOH,0.251833,1,0,test,Month-to-month,Bank transfer (automatic),Fiber optic,53,108.25
4910-GMJOT,0.865787,1,1,train,Month-to-month,Electronic check,Fiber optic,1,94.6
0354-WYROK,0.449303,1,1,train,Month-to-month,Electronic check,Fiber optic,31,98.9
4361-FEBGN,0.004916,0,0,train,Two year,Credit card (automatic),No,48,20.15
7748-UMTRK,0.551789,1,0,test,Month-to-month,Electronic check,Fiber optic,30,101.3
0380-ZCSBI,0.137315,0,0,train,Month-to-month,Credit card (automatic),No,10,20.0
7145-FEJWU,0.731008,1,0,train,Month-to-month,Electronic check,Fiber optic,12,105.3
6463-MVYRY,0.01108,0,0,train,Two year,Bank transfer (automatic),DSL,57,69.85
3969-JQABI,0.107448,0,0,train,Month-to-month,Credit card (automatic),DSL,58,65.25
9624-EGDEQ,0.012274,0,0,train,Two year,Mailed check,No,37,19.8
1051-EQPZR,0.031869,0,0,train,Month-to-month,Mailed check,No,44,19.6
5849-ASHZJ,0.022008,0,0,train,One year,Credit card (automatic),No,27,20.05
5780-INQIK,0.273718,1,0,train,Month-to-month,Electronic check,DSL,8,49.4
7576-OYWBN,0.805159,1,1,train,Month-to-month,Electronic check,Fiber optic,3,76.05
4526-ZJJTM,0.382823,1,0,test,Month-to-month,Bank transfer (automatic),Fiber optic,25,88.4
8384-FZBJK,0.483528,1,0,train,Month-to-month,Electronic check,Fiber optic,57,100.6
3750-RNQKR,0.121303,0,0,train,Month-to-month,Mailed check,No,12,19.45
0962-CQPWQ,0.005677,0,0,test,Two year,Bank transfer (automatic),No,62,20.3
3096-YXENJ,0.098408,0,0,train,Two year,Bank transfer (automatic),Fiber optic,65,107.65
1265-BCFEO,0.028004,0,0,train,Two year,Bank transfer (automatic),DSL,71,80.45
5837-LXSDN,0.082758,0,0,train,One year,Credit card (automatic),DSL,21,58.85
5945-AZYHT,0.170731,0,0,train,One year,Electronic check,Fiber optic,71,109.6
8325-QRPZR,0.7073,1,0,train,Month-to-month,Electronic check,Fiber optic,7,75.15
6384-VMJHP,0.009879,0,0,train,Two year,Credit card (automatic),DSL,72,73.0
2262-SLNVK,0.659016,1,0,train,Month-to-month,Electronic check,Fiber optic,1,70.1
7730-CLDSV,0.032803,0,0,train,Two year,Bank transfer (automatic),Fiber optic,72,98.65
1135-HIORI,0.1979,0,0,train,One year,Electronic check,Fiber optic,64,111.45
0164-APGRB,0.060144,0,0,test,Two year,Electronic check,Fiber optic,72,114.9
6481-ESCNL,0.479111,1,0,test,Month-to-month,Bank transfer (automatic),Fiber optic,29,100.55
1790-NESIO,0.031227,0,0,train,Two year,Mailed check,No,13,20.4
1550-EENBN,0.442846,1,0,train,Month-to-month,Electronic check,Fiber optic,31,104.35
5539-TMZLF,0.751707,1,1,train,Month-to-month,Electronic check,Fiber optic,1,69.75
4323-SADQS,0.355763,1,1,test,Month-to-month,Electronic check,DSL,7,34.5
4446-BZKHU,0.466318,1,1,train,Month-to-month,Electronic check,Fiber optic,61,105.55
5202-IVJNU,0.105189,0,1,train,Month-to-month,Credit card (automatic),DSL,39,30.1
5976-JCJRH,0.625304,1,1,train,Month-to-month,Electronic check,Fiber optic,10,70.3
8198-RKSZG,0.203991,0,0,train,Month-to-month,Credit card (automatic),DSL,14,80.45
0137-OCGAB,0.739211,1,1,train,Month-to-month,Mailed check,Fiber optic,1,80.2
3351-NQLDI,0.070872,0,1,train,One year,Credit card (automatic),Fiber optic,67,94.35
9297-EONCV,0.016663,0,0,train,Two year,Bank transfer (automatic),DSL,72,91.35
7593-JNWRU,0.345295,1,1,train,Month-to-month,Bank transfer (automatic),DSL,6,44.6
4588-YBNIB,0.25991,1,1,train,Month-to-month,Mailed check,No,1,19.6
1069-QJOEE,0.038174,0,0,train,One year,Electronic check,No,25,19.9
3336-JORSO,0.574724,1,1,train,Month-to-month,Electronic check,Fiber optic,33,110.45
7799-DSEWS,0.233569,0,0,train,Month-to-month,Electronic check,DSL,18,68.35
8766-PAFNE,0.015814,0,0,train,Two year,Credit card (automatic),DSL,71,79.1
5315-CKEQK,0.18009,0,0,train,One year,Electronic check,DSL,28,51.0
3130-ICDUP,0.518101,1,0,train,Month-to-month,Credit card (automatic),Fiber optic,2,80.55
0820-FNRNX,0.183384,0,0,train,Month-to-month,Mailed check,DSL,17,66.7
0880-FVFWF,0.296623,1,0,train,Month-to-month,Electronic check,Fiber optic,56,86.4
4611-ANLQC,0.078973,0,0,train,One year,Electronic check,DSL,60,50.05
4213-HKBJO,0.016403,0,0,test,Two year,Credit card (automatic),No,33,25.7
2792-LSHWX,0.499676,1,0,train,Month-to-month,Mailed check,Fiber optic,1,83.4
5028-GZLDO,0.555298,1,1,train,Month-to-month,Credit card (automatic),Fiber optic,2,70.7
0014-BMAQU,0.038915,0,0,train,Two year,Credit card (automatic),Fiber optic,63,84.65
6861-XWTWQ,0.869993,1,1,test,Month-to-month,Electronic check,Fiber optic,7,99.25
9018-PCIOK,0.038778,0,0,train,Two year,Mailed check,DSL,55,64.75
4837-QUSFT,0.069895,0,0,train,One year,Bank transfer (automatic),Fiber optic,65,100.15
6877-TJMBR,0.74575,1,1,train,Month-to-month,Electronic check,Fiber optic,1,84.8
9953-ZMKSM,0.009492,0,0,train,Two year,Mailed check,No,63,25.25
0907-HQNTS,0.051515,0,0,train,Two year,Credit card (automatic),Fiber optic,70,113.0
7665-NKLAV,0.018091,0,0,train,Two year,Credit card (automatic),DSL,36,40.65
6769-DCQLI,0.191881,0,1,train,One year,Bank transfer (automatic),Fiber optic,52,105.0
2433-KMEAS,0.212821,0,1,train,Month-to-month,Electronic check,DSL,22,54.45
4391-LNRXK,0.28609,1,0,train,Month-to-month,Bank transfer (automatic),Fiber optic,22,94.95
8250-ZNGGW,0.167953,0,0,train,Month-to-month,Credit card (automatic),DSL,5,59.9
2195-ZRVAX,0.349868,1,1,train,Month-to-month,Electronic check,Fiber optic,47,85.3
3550-SAHFP,0.522066,1,1,train,Month-to-month,Electronic check,Fiber optic,33,83.35
2011-TRQYE,0.257069,1,1,train,Month-to-month,Credit card (automatic),DSL,18,33.5
8562-GHPPI,0.166175,0,0,train,Month-to-month,Credit card (automatic),No,1,19.8
5893-PYOLZ,0.03196,0,0,test,Two year,Credit card (automatic),DSL,56,81.8
4986-MXSFP,0.220287,0,0,train,Month-to-month,Mailed check,No,2,20.0
6131-FOYAS,0.181106,0,0,train,Month-to-month,Electronic check,DSL,35,59.6
3027-YNWZU,0.009291,0,0,test,Two year,Credit card (automatic),No,64,25.0
5609-IMCGG,0.415086,1,0,test,Month-to-month,Credit card (automatic),Fiber optic,15,84.35
4873-ILOLJ,0.563411,1,1,test,Month-to-month,Electronic check,Fiber optic,24,90.35
4727-MCYZG,0.438218,1,0,train,Month-to-month,Mailed check,DSL,1,55.55
9481-WHGWY,0.007334,0,0,train,Two year,Credit card (automatic),DSL,70,75.35
2725-KXXWT,0.835658,1,1,train,Month-to-month,Electronic check,Fiber optic,1,90.75
9565-DJPIB,0.590429,1,1,train,Month-to-month,Mailed check,Fiber optic,4,89.6
4328-VUFWD,0.06303,0,0,train,One year,Electronic check,DSL,39,59.3
3301-LSLWQ,0.262719,1,0,train,Month-to-month,Electronic check,DSL,29,66.1
7473-ZBDSN,0.019082,0,0,train,Two year,Mailed check,No,14,18.8
3166-PNEOF,0.018136,0,0,train,Two year,Credit card (automatic),DSL,61,86.45
5639-NTUPK,0.11575,0,0,train,Month-to-month,Credit card (automatic),DSL,13,52.1
8780-YRMTT,0.014871,0,0,train,Two year,Mailed check,DSL,66,47.4
8348-HFYIV,0.766726,1,1,train,Month-to-month,Electronic check,DSL,2,49.25
5140-FOMCQ,0.187066,0,0,test,One year,Credit card (automatic),Fiber optic,59,109.15
6242-SGYTS,0.106826,0,0,test,One year,Credit card (automatic),Fiber optic,62,94.95
8166-ORCHU,0.185183,0,0,test,One year,Electronic check,Fiber optic,33,93.55
8414-OOEEL,0.018561,0,0,train,Two year,Credit card (automatic),DSL,66,79.5
8454-AATJP,0.027575,0,0,train,Two year,Credit card (automatic),Fiber optic,72,115.05
6849-WLEYG,0.163257,0,1,train,Month-to-month,Mailed check,No,1,19.75
4659-NZRUF,0.537594,1,1,train,Month-to-month,Electronic check,Fiber optic,19,95.15
4531-AUZNK,0.162584,0,0,train,One year,Mailed check,Fiber optic,51,95.15
4191-XOVOM,0.28977,1,0,train,Month-to-month,Electronic check,Fiber optic,63,105.4
2150-OEGBV,0.031875,0,0,test,One year,Bank transfer (automatic),No,27,20.1
8429-XIBUM,0.48678,1,1,train,Month-to-month,Bank transfer (automatic),Fiber optic,22,101.35
1855-CFULU,0.18932,0,0,test,Month-to-month,Mailed check,No,4,20.05
4878-BUNFV,0.008173,0,0,train,Two year,Mailed check,No,42,20.7
1872-EBWSC,0.028209,0,0,train,One year,Mailed check,No,29,20.35
2608-BHKFN,0.597499,1,1,train,Month-to-month,Credit card (automatic),Fiber optic,4,70.05
7026-YMSBE,0.031994,0,0,train,One year,Mailed check,No,30,19.7
7341-LXCAF,0.776609,1,1,train,Month-to-month,Electronic check,Fiber optic,4,74.65
6997-UVGOX,0.007737,0,0,train,Two year,Bank transfer (automatic),DSL,71,85.45
9674-EHPPG,0.01333,0,0,test,Two year,Credit card (automatic),DSL,46,40.4
9462-MJUAW,0.373304,1,1,train,Month-to-month,Mailed check,DSL,4,50.4
8128-YVJRG,0.637611,1,1,train,Month-to-month,Mailed check,Fiber optic,7,79.65
5440-VHLUL,0.133482,0,0,test,One year,Bank transfer (automatic),Fiber optic,69,105.2
5781-BKHOP,0.028116,0,0,train,Two year,Bank transfer (automatic),Fiber optic,72,100.65
4283-FUTGF,0.60194,1,1,test,Month-to-month,Electronic check,Fiber optic,19,79.85
5213-TWWJU,0.349622,1,0,test,Month-to-month,Electronic check,Fiber optic,28,91.0
1569-TTNYJ,0.751501,1,1,train,Month-to-month,Electronic check,Fiber optic,5,78.75
8628-MFKAX,0.043198,0,0,train,Two year,Credit card (automatic),Fiber optic,72,116.75
2397-BRLOM,0.647053,1,1,train,Month-to-month,Credit card (automatic),Fiber optic,8,80.45
7629-WIXZF,0.269337,1,0,test,One year,Electronic check,DSL,7,59.1
5445-GLVOT,0.156327,0,0,train,Month-to-month,Electronic check,DSL,22,49.8
3976-HXHCE,0.005536,0,0,train,Two year,Bank transfer (automatic),No,72,19.3
2466-NEJOJ,0.135097,0,0,train,Month-to-month,Credit card (automatic),No,8,19.65
0254-KCJGT,0.060102,0,0,test,One year,Credit card (automatic),DSL,52,81.4
5472-CVMDX,0.010835,0,0,train,Two year,Mailed check,DSL,68,38.9
6461-SZMCV,0.015319,0,0,train,Two year,Bank transfer (automatic),DSL,71,87.95
8150-QUDFX,0.178009,0,0,train,Month-to-month,Mailed check,No,2,19.85
9508-ILZDG,0.456067,1,0,test,Month-to-month,Electronic check,Fiber optic,34,96.35
2346-DJQTB,0.201851,0,0,train,Month-to-month,Electronic check,DSL,35,24.15
1697-LYYYX,0.012917,0,0,test,One year,Credit card (automatic),No,61,19.1
1942-OQFRW,0.427206,1,0,test,Month-to-month,Electronic check,DSL,1,44.0
4749-VFKVB,0.533456,1,1,train,Month-to-month,Mailed check,DSL,1,50.1
9640-ZSLDC,0.051878,0,0,test,One year,Credit card (automatic),DSL,53,60.6
4231-LZUYM,0.007338,0,0,train,Two year,Bank transfer (automatic),No,72,25.65
7598-UAASY,0.662733,1,1,train,Month-to-month,Electronic check,Fiber optic,2,76.4
7938-OUHIO,0.776686,1,1,train,Month-to-month,Electronic check,Fiber optic,3,98.7
8510-AWCXC,0.666108,1,1,train,Month-to-month,Electronic check,Fiber optic,13,100.8
6128-AQBMT,0.37211,1,0,test,Month-to-month,Electronic check,DSL,41,53.95
3594-BDSOA,0.026917,0,0,train,One year,Credit card (automatic),No,24,20.4
0431-APWVY,0.282988,1,1,test,One year,Bank transfer (automatic),Fiber optic,28,90.1
5133-VRSAB,0.304884,1,0,train,Month-to-month,Mailed check,DSL,8,29.35
5996-DAOQL,0.251972,1,0,train,Month-to-month,Mailed check,No,1,20.45
6838-YAUVY,0.090493,0,0,train,Two year,Bank transfer (automatic),Fiber optic,54,95.1
0484-JPBRU,0.084411,0,0,train,Month-to-month,Bank transfer (automatic),No,41,25.25
7883-ROJOC,0.155469,0,0,train,Month-to-month,Mailed check,DSL,19,44.9
0244-LGNFY,0.010176,0,0,train,Two year,Bank transfer (automatic),DSL,72,92.65
7274-CGTOD,0.013239,0,0,train,Two year,Bank transfer (automatic),DSL,62,43.7
4295-YURET,0.030209,0,0,train,Two year,Credit card (automatic),DSL,56,72.6
3426-NIYYL,0.306735,1,1,train,Month-to-month,Electronic check,DSL,15,51.55
8225-BTJAU,0.756683,1,1,train,Month-to-month,Electronic check,Fiber optic,10,79.25
4635-EJYPD,0.011596,0,0,train,Two year,Mailed check,No,32,18.95
1866-ZSLJM,0.070103,0,0,train,Month-to-month,Credit card (automatic),No,21,20.5
4636-TVXVG,0.013493,0,0,train,One year,Bank transfer (automatic),No,62,19.95
4236-UJPWO,0.546552,1,0,train,Month-to-month,Electronic check,DSL,2,24.5
9392-XBGTD,0.012832,0,0,train,Two year,Mailed check,No,27,20.6
3387-VATUS,0.797932,1,1,train,Month-to-month,Bank transfer (automatic),Fiber optic,5,94.85
6402-SSEJG,0.16949,0,0,train,One year,Electronic check,DSL,25,61.05
1143-NMNQJ,0.826369,1,1,test,Month-to-month,Electronic check,Fiber optic,2,85.7
1169-SAOCL,0.253006,1,0,train,One year,Bank transfer (automatic),Fiber optic,49,106.65
1110-KYLGQ,0.21236,0,0,test,Month-to-month,Credit card (automatic),Fiber optic,63,108.25
9929-PLVPA,0.135652,0,0,train,Month-to-month,Credit card (automatic),No,4,20.4
3518-PZXZQ,0.540738,1,0,train,Month-to-month,Mailed check,DSL,1,55.3
2371-JUNGC,0.137893,0,0,train,Month-to-month,Mailed check,No,11,20.25
7693-QPEFS,0.364627,1,0,train,Month-to-month,Bank transfer (automatic),Fiber optic,52,72.95
0924-BJCRC,0.375449,1,0,train,Month-to-month,Electronic check,Fiber optic,60,89.45
5074-FBGHB,0.177987,0,0,train,One year,Credit card (automatic),Fiber optic,64,104.65
2351-BKRZW,0.015905,0,0,train,Two year,Bank transfer (automatic),DSL,43,75.2
4455-BFSPD,0.166235,0,0,train,One year,Bank transfer (automatic),Fiber optic,61,101.15
0415-MOSGF,0.342855,1,1,train,Month-to-month,Mailed check,DSL,1,44.4
1724-BQUHA,0.845855,1,1,train,Month-to-month,Electronic check,Fiber optic,5,89.5
3948-KXDUF,0.008759,0,0,test,Two year,Bank transfer (automatic),DSL,66,68.75
2323-ARSVR,0.052872,0,0,test,Two year,Electronic check,Fiber optic,67,111.05
0815-MFZGM,0.104162,0,0,train,Two year,Credit card (automatic),Fiber optic,42,99.0
4826-XTSOH,0.871715,1,1,train,Month-to-month,Electronic check,Fiber optic,1,86.05
5480-XTFFL,0.008846,0,0,train,Two year,Mailed check,No,31,21.0
8295-FHIVV,0.196324,0,0,train,Month-to-month,Mailed check,No,7,19.4
2495-INZWQ,0.733618,1,1,test,Month-to-month,Electronic check,DSL,4,44.55
9086-YJYXS,0.123464,0,0,train,One year,Bank transfer (automatic),DSL,34,77.2
1179-INLAT,0.148983,0,0,train,One year,Mailed check,No,3,19.45
7909-FIOIY,0.256851,1,0,train,Month-to-month,Mailed check,DSL,19,24.85
4139-SUGLD,0.091771,0,1,train,Month-to-month,Bank transfer (automatic),DSL,31,35.4
6857-VWJDT,0.772537,1,1,test,Month-to-month,Mailed check,Fiber optic,1,95.65
6351-SCJKT,0.273433,1,0,train,Month-to-month,Mailed check,DSL,3,41.35
5468-BPMMO,0.046109,0,0,test,Month-to-month,Electronic check,No,46,19.6
5624-BQSSA,0.178969,0,1,train,Month-to-month,Mailed check,No,1,20.95
0197-PNKNK,0.047886,0,0,train,One year,Bank transfer (automatic),Fiber optic,69,84.45
2439-QKJUL,0.163232,0,0,train,Month-to-month,Mailed check,No,5,20.25
1194-SPVSP,0.181048,0,0,test,Month-to-month,Bank transfer (automatic),No,1,19.65
9534-NSXEM,0.046156,0,0,test,One year,Credit card (automatic),No,26,20.65
2408-WITXK,0.66319,1,1,train,Month-to-month,Electronic check,DSL,10,34.7
8929-KSWIH,0.108046,0,0,train,Two year,Bank transfer (automatic),Fiber optic,25,99.3
2250-IVBWA,0.104379,0,0,test,Month-to-month,Electronic check,Fiber optic,64,81.05
1810-MVMAI,0.108871,0,0,train,Month-to-month,Electronic check,DSL,30,67.6
9506-UXUSK,0.506695,1,0,train,Month-to-month,Electronic check,Fiber optic,13,70.15
1229-RCALF,0.133047,0,0,train,One year,Electronic check,Fiber optic,64,115.0
3572-UOLYZ,0.205439,0,0,train,Month-to-month,Bank transfer (automatic),Fiber optic,46,84.8
1429-UYJSV,0.057431,0,0,train,One year,Mailed check,No,12,19.7
5577-OTWWW,0.076629,0,1,train,Month-to-month,Bank transfer (automatic),No,15,19.75
6100-QQHEB,0.70309,1,1,train,Month-to-month,Electronic check,Fiber optic,17,92.55
6366-XIVKZ,0.210554,0,0,test,Month-to-month,Mailed check,DSL,13,63.15
3470-OBUET,0.008884,0,0,test,Two year,Credit card (automatic),DSL,67,74.0
2770-NSVDG,0.254769,1,0,test,Month-to-month,Electronic check,DSL,24,29.1
9375-MHRRS,0.237181,0,0,train,Month-to-month,Mailed check,DSL,6,50.05
2634-HCZGT,0.087844,0,1,train,One year,Electronic check,DSL,53,60.05
7503-QQRVF,0.420058,1,1,test,Month-to-month,Credit card (automatic),Fiber optic,16,74.3
4860-YZGZM,0.199119,0,0,train,Month-to-month,Electronic check,No,10,20.0
6599-GZWCM,0.291055,1,0,train,One year,Mailed check,Fiber optic,13,74.65
2691-NZETQ,0.7946,1,1,train,Month-to-month,Electronic check,Fiber optic,9,85.35
4404-HIBDJ,0.048964,0,1,train,One year,Mailed check,DSL,25,74.3
5533-NHFRF,0.585071,1,0,train,Month-to-month,Electronic check,DSL,7,44.4
7037-MTYVW,0.038346,0,0,train,Two year,Bank transfer (automatic),DSL,38,85.4
4760-THGOT,0.338889,1,0,test,Month-to-month,Electronic check,Fiber optic,43,94.1
7295-JOMMD,0.611421,1,1,train,Month-to-month,Bank transfer (automatic),Fiber optic,4,98.1
4016-BJKTZ,0.190515,0,0,test,Two year,Electronic check,Fiber optic,25,108.9
6584-VQMYT,0.035914,0,0,train,One year,Mailed check,DSL,27,56.2
9838-BFCQT,0.007518,0,0,train,Two year,Mailed check,No,72,26.1
2790-XUYMV,0.058081,0,0,train,One year,Credit card (automatic),Fiber optic,71,85.45
0581-MDMPW,0.489965,1,0,test,Month-to-month,Credit card (automatic),Fiber optic,24,88.95
5013-SBUIH,0.146566,0,1,train,Two year,Electronic check,Fiber optic,50,109.65
1023-BQXZE,0.035482,0,0,test,Two year,Bank transfer (automatic),DSL,57,74.35
9163-GHAYE,0.198015,0,0,test,Month-to-month,Electronic check,DSL,15,48.85
3904-UKFRE,0.712051,1,0,train,Month-to-month,Electronic check,Fiber optic,4,80.1
5353-WILCI,0.108621,0,0,train,Month-to-month,Electronic check,DSL,28,56.05
0709-TVGUR,0.744775,1,1,train,Month-to-month,Electronic check,Fiber optic,9,74.55
0058-EVZWM,0.318803,1,0,test,Month-to-month,Bank transfer (automatic),Fiber optic,55,89.8
6023-YEBUP,0.866523,1,1,test,Month-to-month,Electronic check,Fiber optic,3,100.95
7209-JCUDS,0.776791,1,1,test,Month-to-month,Electronic check,Fiber optic,10,94.9
7009-PCARS,0.015065,0,0,train,One year,Bank transfer (automatic),No,55,19.1
0519-DRGTI,0.057337,0,0,train,Month-to-month,Mailed check,No,20,20.35
1017-FBQMM,0.126912,0,0,train,One year,Credit card (automatic),Fiber optic,62,106.05
3001-CBHLQ,0.627874,1,1,train,Month-to-month,Electronic check,Fiber optic,32,104.9
1985-MBRYP,0.011862,0,0,train,Two year,Bank transfer (automatic),No,43,19.65
6158-DWPZT,0.186371,0,1,train,One year,Bank transfer (automatic),DSL,9,24.1
9372-TXXPS,0.007598,0,0,test,Two year,Bank transfer (automatic),DSL,60,59.85
3259-QMXUN,0.067369,0,0,train,Two year,Electronic check,DSL,58,86.1
1015-JPFYW,0.070373,0,0,train,One year,Mailed check,No,7,19.45
6645-MXQJT,0.63572,1,0,train,Month-to-month,Electronic check,Fiber optic,2,97.1
4360-QRAVE,0.201681,0,0,train,Month-to-month,Electronic check,DSL,37,36.65
8433-WPJTV,0.172969,0,0,test,One year,Bank transfer (automatic),Fiber optic,65,103.9
5804-JMYIO,0.007794,0,0,train,Two year,Mailed check,No,39,19.75
3763-GCZHZ,0.189219,0,1,train,One year,Electronic check,Fiber optic,66,104.05
6484-LATFU,0.009465,0,0,train,Two year,Mailed check,No,68,24.55
7599-NTMDP,0.011935,0,0,train,Two year,Bank transfer (automatic),DSL,62,48.7
0772-GYEQQ,0.643235,1,1,train,Month-to-month,Mailed check,Fiber optic,3,88.35
0536-ACXIP,0.084429,0,0,test,Two year,Electronic check,Fiber optic,72,109.55
0936-NQLJU,0.010425,0,0,train,Two year,Credit card (automatic),No,41,20.65
4831-EOBFE,0.245402,1,1,train,Month-to-month,Credit card (automatic),Fiber optic,29,94.65
1575-KRZZE,0.271707,1,0,test,Month-to-month,Electronic check,DSL,4,55.2
3251-YMVWZ,0.0309,0,0,test,One year,Bank transfer (automatic),No,53,24.05
4102-OQUPX,0.823176,1,1,train,Month-to-month,Electronic check,Fiber optic,1,74.4
9170-GYZJC,0.048622,0,1,train,Month-to-month,Credit card (automatic),DSL,41,79.9
4884-LEVMQ,0.017274,0,0,train,Two year,Bank transfer (automatic),No,39,20.45
8857-CUPFQ,0.007681,0,0,train,Two year,Mailed check,No,63,19.25
7610-TVOPG,0.188008,0,0,train,Month-to-month,Electronic check,No,15,26.35
3638-DIMPH,0.130386,0,0,train,One year,Electronic check,DSL,13,43.8
1845-ZLLIG,0.40051,1,0,train,Month-to-month,Mailed check,DSL,1,50.15
8559-WNQZS,0.053797,0,0,train,Two year,Mailed check,No,1,20.45
3999-QGRJH,0.707133,1,1,train,Month-to-month,Electronic check,Fiber optic,8,69.7
1699-UOTXU,0.012209,0,0,train,Two year,Electronic check,DSL,60,61.4
2454-RPBRZ,0.73432,1,1,train,Month-to-month,Electronic check,Fiber optic,12,98.1
0635-WKOLD,0.063908,0,0,train,One year,Credit card (automatic),DSL,40,70.75
5993-JSUWV,0.011704,0,0,train,Two year,Bank transfer (automatic),DSL,66,61.15
4518-FZBSX,0.014694,0,0,train,One year,Mailed check,No,42,20.25
5387-ASZNZ,0.033284,0,0,train,One year,Credit card (automatic),DSL,66,63.85
6988-CJEYV,0.501546,1,0,train,Month-to-month,Electronic check,Fiber optic,49,98.7
2002-MZHWP,0.18073,0,1,train,Month-to-month,Mailed check,No,1,20.5
3097-FQTVJ,0.00972,0,0,train,Two year,Mailed check,No,41,20.0
5465-BUBFA,0.008292,0,0,train,Two year,Bank transfer (automatic),No,41,19.3
7299-GNVPL,0.121285,0,0,train,Month-to-month,Mailed check,Fiber optic,23,84.4
9743-DQKQW,0.516795,1,0,train,Month-to-month,Electronic check,DSL,3,25.1
1215-VFYVK,0.371154,1,0,train,Month-to-month,Mailed check,DSL,4,48.25
9371-BITHB,0.009874,0,0,train,Two year,Mailed check,No,52,19.85
2265-CYWIV,0.806835,1,1,train,Month-to-month,Electronic check,Fiber optic,4,99.6
9093-FPDLG,0.63989,1,0,train,Month-to-month,Electronic check,Fiber optic,11,94.2
0541-FITGH,0.438682,1,0,train,Month-to-month,Mailed check,DSL,2,62.15
6985-HAYWX,0.373624,1,0,train,Month-to-month,Bank transfer (automatic),Fiber optic,26,79.3
7508-KBIMB,0.048264,0,0,train,One year,Credit card (automatic),DSL,24,56.25
6838-HVLXG,0.128304,0,0,test,Month-to-month,Mailed check,No,12,20.3
2277-DJJDL,0.4884,1,0,test,Month-to-month,Electronic check,Fiber optic,60,99.0
1897-OKVMW,0.020691,0,0,train,Two year,Mailed check,DSL,64,90.6
5485-ITNPC,0.016324,0,0,train,Two year,Bank transfer (automatic),DSL,66,85.9
0233-FTHAV,0.162754,0,0,train,One year,Bank transfer (automatic),Fiber optic,60,79.2
4644-PIZRT,0.120158,0,0,train,One year,Bank transfer (automatic),DSL,17,70.35
8922-NPKBJ,0.009137,0,0,train,Two year,Mailed check,No,42,19.35
2740-TVLFN,0.617699,1,0,train,Month-to-month,Electronic check,DSL,1,50.15
7771-CFQRQ,0.012178,0,0,train,Two year,Bank transfer (automatic),DSL,47,63.8
9512-PHSMG,0.159271,0,0,train,Month-to-month,Mailed check,No,10,20.55
6963-EZQEE,0.023116,0,0,train,Two year,Credit card (automatic),DSL,70,88.55
2452-KDRRH,0.386218,1,0,test,Month-to-month,Credit card (automatic),Fiber optic,67,101.4
2004-OCQXK,0.770304,1,1,train,Month-to-month,Electronic check,Fiber optic,1,81.95
5027-QPKTE,0.668222,1,1,train,Month-to-month,Electronic check,Fiber optic,7,69.35
4146-SVFUD,0.342134,1,0,train,Month-to-month,Mailed check,DSL,1,44.6
1564-HJUVY,0.347468,1,0,train,Month-to-month,Bank transfer (automatic),DSL,4,63.75
3617-XLSGQ,0.040357,0,0,train,Two year,Bank transfer (automatic),Fiber optic,66,109.25
7517-LDMPS,0.702232,1,0,train,Month-to-month,Electronic check,Fiber optic,12,84.6
7244-KXYZN,0.027444,0,0,train,One year,Credit card (automatic),No,24,20.45
5226-NOZFC,0.498598,1,0,test,Month-to-month,Electronic check,Fiber optic,26,85.75
2672-HUYVI,0.801111,1,1,train,Month-to-month,Electronic check,Fiber optic,6,91.1
1400-WIVLL,0.126158,0,0,train,Two year,Electronic check,Fiber optic,57,107.95
7508-MYBOG,0.67803,1,1,train,Month-to-month,Electronic check,Fiber optic,14,86.1
8148-NLEGT,0.011322,0,0,train,Two year,Electronic check,No,42,22.95
0148-DCDOS,0.622856,1,1,train,Month-to-month,Bank transfer (automatic),Fiber optic,25,94.7
8347-GDTMP,0.006593,0,0,test,Two year,Credit card (automatic),No,64,19.45
9992-RRAMN,0.562471,1,1,train,Month-to-month,Electronic check,Fiber optic,22,85.1
6746-WAUWT,0.044352,0,0,train,One year,Credit card (automatic),No,19,19.7
0310-MVLET,0.424432,1,1,test,Month-to-month,Electronic check,Fiber optic,61,99.15
0428-IKYCP,0.407988,1,0,train,Month-to-month,Bank transfer (automatic),Fiber optic,22,87.0
4550-VBOFE,0.412954,1,1,train,Month-to-month,Electronic check,Fiber optic,70,102.95
2187-PKZAY,0.613883,1,0,test,Month-to-month,Bank transfer (automatic),Fiber optic,12,79.95
4003-OCTMP,0.070334,0,0,train,One year,Electronic check,DSL,31,64.0
6652-YFFJO,0.560697,1,0,train,Month-to-month,Electronic check,DSL,11,64.9
7225-IILWY,0.005525,0,0,train,Two year,Mailed check,No,68,25.75
5248-RPYWW,0.015753,0,0,train,Two year,Bank transfer (automatic),DSL,72,90.15
7923-IYJWY,0.053472,0,0,train,Two year,Credit card (automatic),Fiber optic,67,116.1
3170-GWYKC,0.215794,0,0,train,Month-to-month,Bank transfer (automatic),Fiber optic,60,104.95
5696-QURRL,0.458874,1,1,train,Month-to-month,Mailed check,DSL,1,45.05
7409-KIUTL,0.708021,1,1,test,Month-to-month,Electronic check,Fiber optic,1,71.0
9830-ECLEN,0.036735,0,0,train,One year,Mailed check,DSL,58,50.0
1732-VHUBQ,0.159502,0,1,train,Month-to-month,Bank transfer (automatic),Fiber optic,47,70.55
0495-RVCBF,0.754574,1,1,train,Month-to-month,Electronic check,Fiber optic,1,79.7
2668-TZSPS,0.190805,0,0,test,Month-to-month,Mailed check,No,1,20.45
7854-EDSSA,0.183283,0,1,train,Month-to-month,Electronic check,DSL,22,59.0
8869-TORSS,0.022359,0,1,test,One year,Credit card (automatic),DSL,48,60.35
7446-SFAOA,0.033086,0,0,train,One year,Bank transfer (automatic),No,37,19.85
9522-ZSINC,0.081314,0,0,train,One year,Electronic check,No,13,19.95
8234-GSZYK,0.014839,0,0,train,Two year,Bank transfer (automatic),No,43,26.45
6505-OZNPG,0.165417,0,0,train,Two year,Mailed check,DSL,6,63.4
6164-HAQTX,0.010705,0,0,test,Two year,Bank transfer (automatic),DSL,71,53.95
0679-IDSTG,0.722782,1,1,test,Month-to-month,Electronic check,Fiber optic,1,69.25
7765-LWVVH,0.05619,0,0,train,Two year,Electronic check,Fiber optic,72,95.1
1658-TJVOA,0.635754,1,0,test,Month-to-month,Electronic check,Fiber optic,6,74.1
0953-LGOVU,0.218679,0,0,train,Month-to-month,Mailed check,DSL,12,35.5
2115-BFTIW,0.28446,1,1,train,Month-to-month,Mailed check,Fiber optic,25,70.95
4692-NNQRU,0.152118,0,0,train,One year,Electronic check,Fiber optic,21,79.2
7742-MYPGI,0.287126,1,0,train,Month-to-month,Mailed check,DSL,6,48.8
0611-DFXKO,0.558326,1,1,train,Month-to-month,Mailed check,Fiber optic,20,89.0
7780-OTDSO,0.61881,1,1,train,Month-to-month,Electronic check,Fiber optic,18,99.4
9619-GSATL,0.02904,0,0,train,One year,Electronic check,DSL,43,55.45
5622-UEJFI,0.014452,0,0,train,Two year,Credit card (automatic),No,35,25.4
9747-DDZOS,0.566462,1,1,test,Month-to-month,Bank transfer (automatic),Fiber optic,1,73.5
0674-DGMAQ,0.586265,1,0,train,Month-to-month,Electronic check,Fiber optic,32,93.5
6203-HBZPA,0.030345,0,0,test,Two year,Credit card (automatic),DSL,52,63.9
0484-FFVBJ,0.139541,0,0,test,One year,Bank transfer (automatic),DSL,32,64.85
0301-FIDRB,0.0164,0,0,test,Two year,Bank transfer (automatic),DSL,72,63.8
4139-JPIAM,0.119076,0,0,train,Month-to-month,Credit card (automatic),DSL,51,44.45
2181-TIDSV,0.005542,0,0,train,Two year,Bank transfer (automatic),No,68,19.95
2761-XECQW,0.60267,1,0,train,Month-to-month,Mailed check,DSL,8,43.35
1936-CZAKF,0.066476,0,0,test,Two year,Credit card (automatic),DSL,49,49.65
9453-PATOS,0.010936,0,0,train,Two year,Mailed check,DSL,72,85.1
0564-JJHGS,0.831907,1,1,train,Month-to-month,Electronic check,Fiber optic,9,95.5
3348-CFRNX,0.38348,1,1,train,Month-to-month,Mailed check,Fiber optic,28,92.35
4402-FTBXC,0.201849,0,0,test,Month-to-month,Mailed check,Fiber optic,54,89.8
1428-GTBJJ,0.617605,1,1,train,Month-to-month,Electronic check,Fiber optic,11,74.55
2931-XIQBR,0.139279,0,0,train,One year,Mailed check,Fiber optic,50,103.05
0106-UGRDO,0.068099,0,0,test,Two year,Electronic check,Fiber optic,69,116.0
5542-TBBWB,0.729308,1,0,test,Month-to-month,Electronic check,Fiber optic,1,69.9
1930-QPBVZ,0.01724,0,0,train,Two year,Bank transfer (automatic),Fiber optic,68,95.1
2606-PKWJB,0.024585,0,0,train,One year,Mailed check,DSL,40,40.25
5322-ZSMZY,0.020641,0,0,train,Two year,Mailed check,No,31,25.75
8059-UDZFY,0.483589,1,0,test,Month-to-month,Bank transfer (automatic),Fiber optic,33,105.35
7740-BTPUX,0.15982,0,0,train,Two year,Electronic check,Fiber optic,55,113.6
5220-AGAAX,0.01023,0,0,train,Two year,Bank transfer (automatic),No,68,24.0
0208-BPQEJ,0.107101,0,0,train,Month-to-month,Bank transfer (automatic),No,12,19.4
9435-JMLSX,0.010763,0,0,train,Two year,Bank transfer (automatic),DSL,71,86.1
3352-ALMCK,0.454052,1,0,train,Month-to-month,Mailed check,Fiber optic,40,102.65
5312-IRCFR,0.195144,0,0,train,One year,Electronic check,Fiber optic,64,92.85
5294-IMHHT,0.12738,0,0,train,One year,Bank transfer (automatic),Fiber optic,53,97.75
8802-UNOJF,0.433764,1,1,train,Month-to-month,Mailed check,Fiber optic,12,83.8
6313-GIDIT,0.336194,1,1,train,Month-to-month,Electronic check,DSL,53,54.45
6176-YJWAS,0.049524,0,0,train,Two year,Credit card (automatic),Fiber optic,72,97.95
5310-NOOVA,0.010361,0,0,train,Two year,Electronic check,No,46,19.95
4526-EXKKN,0.024702,0,0,train,Two year,Mailed check,No,40,24.6
5311-IHLEI,0.294101,1,0,train,Month-to-month,Bank transfer (automatic),DSL,12,50.95
3987-KQDDU,0.488108,1,0,train,Month-to-month,Electronic check,Fiber optic,9,75.6
3404-JNXAX,0.350588,1,0,train,Month-to-month,Electronic check,Fiber optic,51,80.75
5131-PONJI,0.333056,1,0,train,Month-to-month,Credit card (automatic),Fiber optic,49,90.4
2845-AFFTX,0.594799,1,1,train,Month-to-month,Electronic check,Fiber optic,41,99.8
3489-VSFRD,0.030621,0,0,test,One year,Credit card (automatic),DSL,56,60.25
3345-JHUEO,0.296565,1,0,train,Month-to-month,Electronic check,No,4,20.2
5815-HGGHV,0.086077,0,0,train,One year,Mailed check,DSL,20,64.15
5260-UMPWX,0.071901,0,0,train,Month-to-month,Credit card (automatic),No,26,20.25
2249-YPRNG,0.577256,1,1,train,Month-to-month,Bank transfer (automatic),Fiber optic,20,105.85
7410-YTJIK,0.596199,1,1,test,Month-to-month,Mailed check,Fiber optic,7,75.45
4626-GYCZP,0.845877,1,1,train,Month-to-month,Electronic check,Fiber optic,7,93.85
5649-RXQTV,0.481478,1,0,train,Month-to-month,Electronic check,Fiber optic,51,99.0
2674-MIAHT,0.673039,1,0,train,Month-to-month,Mailed check,Fiber optic,4,80.3
2576-HXMPA,0.171979,0,0,train,Month-to-month,Credit card (automatic),No,1,19.55
7587-AOVVU,0.261747,1,0,train,Month-to-month,Electronic check,Fiber optic,27,100.75
5590-BYNII,0.521195,1,1,train,Month-to-month,Electronic check,Fiber optic,22,100.75
6898-MDLZW,0.246345,1,0,test,Month-to-month,Mailed check,DSL,12,53.75
3237-AJGEH,0.406109,1,1,test,Month-to-month,Mailed check,DSL,3,31.0
4707-YNOQA,0.041585,0,0,train,One year,Credit card (automatic),No,34,25.6
9357-UJRUN,0.095649,0,0,test,One year,Electronic check,DSL,24,58.35
1591-NFNLQ,0.271521,1,1,train,Month-to-month,Credit card (automatic),Fiber optic,51,80.0
8648-PFRMP,0.586051,1,0,train,Month-to-month,Electronic check,DSL,14,46.35
7663-CUXZB,0.073789,0,0,test,Two year,Electronic check,Fiber optic,59,113.75
0258-NOKBL,0.665096,1,0,test,Month-to-month,Electronic check,Fiber optic,3,90.4
1163-VIPRI,0.053726,0,0,train,Two year,Electronic check,Fiber optic,65,109.3
2815-CPTUL,0.660799,1,1,train,Month-to-month,Mailed check,Fiber optic,5,70.25
9348-ROUAI,0.013931,0,0,train,Two year,Credit card (automatic),DSL,59,90.3
9443-JUBUO,0.01907,0,0,train,Two year,Credit card (automatic),DSL,72,65.25
0596-BQCEQ,0.364662,1,1,train,Month-to-month,Electronic check,Fiber optic,62,100.15
1481-ZUWZA,0.360012,1,1,train,Month-to-month,Credit card (automatic),Fiber optic,28,94.5
3043-TYBNO,0.328105,1,0,train,Month-to-month,Mailed check,DSL,3,60.65
4830-FAXFM,0.110602,0,0,test,Month-to-month,Credit card (automatic),No,19,24.1
5906-BFOZT,0.256752,1,0,train,Month-to-month,Mailed check,No,1,19.5
2960-NKRSO,0.313146,1,0,test,Month-to-month,Electronic check,Fiber optic,24,85.95
8996-ZROXE,0.070121,0,0,train,One year,Electronic check,DSL,57,53.5
5598-IKHQQ,0.006978,0,0,train,Two year,Credit card (automatic),No,72,25.45
0397-ZXWQF,0.005612,0,0,test,Two year,Bank transfer (automatic),No,67,20.5
5266-PFRQK,0.026435,0,0,test,One year,Credit card (automatic),No,52,20.85
4674-HGNUA,0.010331,0,0,test,Two year,Credit card (automatic),DSL,71,89.9
6765-MBQNU,0.048495,0,0,train,One year,Mailed check,No,26,26.0
9786-IJYDL,0.106911,0,0,train,Two year,Mailed check,Fiber optic,35,113.2
1303-SRDOK,0.058207,0,0,train,Two year,Credit card (automatic),Fiber optic,55,69.05
3769-MHZNV,0.011443,0,0,train,Two year,Mailed check,No,33,20.1
6295-OSINB,0.086304,0,0,train,Two year,Electronic check,Fiber optic,72,109.65
3308-MHOOC,0.228428,0,0,train,Month-to-month,Mailed check,No,1,19.2
2309-OSFEU,0.551863,1,1,test,Month-to-month,Mailed check,DSL,10,33.9
2207-QPJED,0.311562,1,0,train,Month-to-month,Electronic check,Fiber optic,37,90.0
4177-JPDFU,0.279825,1,0,train,Month-to-month,Mailed check,DSL,12,34.0
2239-CFOUJ,0.087278,0,0,test,One year,Mailed check,No,1,20.4
8046-DNVTL,0.020451,0,0,train,Two year,Credit card (automatic),DSL,62,38.6
2209-XADXF,0.424149,1,0,train,Month-to-month,Bank transfer (automatic),DSL,1,25.25
6620-JDYNW,0.211927,0,0,train,Month-to-month,Mailed check,DSL,18,60.6
1891-FZYSA,0.318426,1,1,train,Month-to-month,Electronic check,Fiber optic,69,89.95
4770-UEZOX,0.687133,1,0,train,Month-to-month,Electronic check,Fiber optic,2,74.75
1038-RQOST,0.060145,0,0,test,Month-to-month,Mailed check,No,19,20.6
7613-LLQFO,0.757532,1,1,train,Month-to-month,Electronic check,Fiber optic,12,84.45
4568-TTZRT,0.149806,0,0,train,Month-to-month,Mailed check,No,9,20.4
9513-DXHDA,0.091585,0,0,train,One year,Electronic check,DSL,27,81.7
2640-PMGFL,0.412299,1,1,train,Month-to-month,Electronic check,Fiber optic,27,79.5
3801-HMYNL,0.653957,1,1,train,Month-to-month,Mailed check,Fiber optic,1,89.15
0516-QREYC,0.101819,0,0,train,Month-to-month,Mailed check,No,24,20.3
9685-WKZGT,0.645059,1,1,test,Month-to-month,Electronic check,Fiber optic,14,74.95
6022-UGGSO,0.406024,1,1,test,Month-to-month,Electronic check,Fiber optic,32,74.4
8084-OIVBS,0.073256,0,0,train,One year,Mailed check,No,11,20.0
8896-BQTTI,0.337521,1,0,train,Month-to-month,Mailed check,No,1,25.0
3865-QBWSJ,0.23996,0,0,train,Month-to-month,Mailed check,Fiber optic,38,80.45
3352-RICWQ,0.023908,0,0,train,Two year,Mailed check,No,9,19.75
2160-GPFXD,0.016552,0,0,train,Two year,Credit card (automatic),DSL,54,65.65
2065-MMKGR,0.215939,0,0,train,One year,Credit card (automatic),DSL,29,71.0
5857-TYBCJ,0.538742,1,0,train,Month-to-month,Electronic check,Fiber optic,44,89.2
1498-NHTLT,0.020811,0,0,train,Two year,Electronic check,DSL,59,86.75
4484-CGXFK,0.596311,1,1,train,Month-to-month,Electronic check,DSL,3,55.3
1402-PTHGN,0.04369,0,0,train,One year,Mailed check,DSL,18,61.5
4176-RELJR,0.010309,0,0,train,Two year,Credit card (automatic),No,67,25.1
6214-EDAKZ,0.098816,0,1,train,Month-to-month,Electronic check,DSL,22,55.15
5199-FPUSP,0.035328,0,0,train,One year,Credit card (automatic),DSL,33,34.05
6377-KSLXC,0.180167,0,0,train,Month-to-month,Mailed check,No,5,19.95
1796-JANOW,0.174709,0,0,train,Month-to-month,Mailed check,No,2,19.95
0238-WHBIQ,0.009159,0,0,train,Two year,Credit card (automatic),DSL,72,89.7
8735-NBLWT,0.120577,0,0,test,Month-to-month,Mailed check,No,9,20.4
6651-RLGGM,0.006789,0,0,train,Two year,Mailed check,No,67,26.3
6127-ISGTU,0.666315,1,1,train,Month-to-month,Electronic check,Fiber optic,16,84.95
1614-JBEBI,0.213278,0,0,train,Month-to-month,Mailed check,No,8,20.7
8740-XLHDR,0.321183,1,1,train,Month-to-month,Mailed check,DSL,5,43.25
1208-DNHLN,0.092372,0,1,train,One year,Credit card (automatic),DSL,23,48.35
1761-AEZZR,0.789995,1,1,train,Month-to-month,Electronic check,Fiber optic,1,79.55
3923-CSIHK,0.419195,1,1,test,Month-to-month,Electronic check,Fiber optic,50,71.05
5696-EXCYS,0.014292,0,0,train,Two year,Credit card (automatic),No,17,19.45
5795-KTGUD,0.066869,0,0,train,Two year,Bank transfer (automatic),Fiber optic,68,110.8
7120-RFMVS,0.795091,1,1,train,Month-to-month,Electronic check,Fiber optic,1,84.5
7924-GJZFI,0.52027,1,0,train,Month-to-month,Electronic check,Fiber optic,25,69.3
4702-HDRKD,0.043668,0,0,test,One year,Bank transfer (automatic),DSL,67,49.35
8512-WIWYV,0.024639,0,0,train,One year,Credit card (automatic),No,32,20.35
5897-ZYEKH,0.227805,0,0,train,One year,Electronic check,Fiber optic,67,105.6
5456-ITGIC,0.022991,0,0,train,Two year,Credit card (automatic),DSL,72,64.45
7317-GGVPB,0.076054,0,1,train,Two year,Credit card (automatic),Fiber optic,71,108.6
1406-PUQVY,0.430511,1,0,train,Month-to-month,Electronic check,DSL,1,49.9
1322-AGOQM,0.084107,0,1,train,Month-to-month,Bank transfer (automatic),DSL,46,30.3
3677-IYRBF,0.646786,1,1,test,Month-to-month,Electronic check,DSL,2,30.4
5692-FPTAH,0.435715,1,1,test,Month-to-month,Mailed check,DSL,1,45.4
9114-AAFQH,0.072877,0,0,train,One year,Electronic check,DSL,48,65.65
8715-KKTFG,0.214451,0,0,train,One year,Bank transfer (automatic),Fiber optic,61,103.3
1550-LOAHA,0.27679,1,1,test,Month-to-month,Bank transfer (automatic),Fiber optic,32,84.15
1728-BQDMA,0.419647,1,0,train,Month-to-month,Electronic check,DSL,2,44.45
0268-QKIWO,0.214391,0,1,train,Month-to-month,Electronic check,No,3,19.75
0876-WDUUZ,0.59357,1,1,test,Month-to-month,Credit card (automatic),Fiber optic,5,85.4
5117-ZSMHQ,0.01138,0,0,train,Two year,Bank transfer (automatic),DSL,71,89.9
5151-HQRDG,0.148075,0,0,train,Month-to-month,Mailed check,DSL,37,55.05
0960-HUWBM,0.083866,0,0,train,Two year,Bank transfer (automatic),Fiber optic,65,104.1
6465-GSRCL,0.112535,0,0,train,One year,Bank transfer (automatic),Fiber optic,67,106.6
0617-FHSGK,0.228519,0,1,train,Month-to-month,Credit card (automatic),Fiber optic,49,75.2
0263-FJTQO,0.029145,0,0,test,Two year,Credit card (automatic),DSL,50,70.5
7319-ZNRTR,0.048939,0,0,train,One year,Electronic check,No,25,19.6
2858-MOFSQ,0.141974,0,1,train,One year,Mailed check,DSL,17,55.85
7503-EPSZW,0.012468,0,0,train,Two year,Mailed check,No,64,24.05
7089-XXAYG,0.204612,0,0,train,One year,Credit card (automatic),DSL,25,38.1
8118-LSUEL,0.65963,1,1,train,Month-to-month,Electronic check,Fiber optic,23,106.4
8070-AAWZP,0.184002,0,0,train,Month-to-month,Mailed check,DSL,24,34.25
1666-JXLKU,0.583877,1,0,train,Month-to-month,Electronic check,Fiber optic,37,100.05
7855-DIWPO,0.452228,1,0,test,Month-to-month,Electronic check,Fiber optic,21,68.65
5133-POWUA,0.438645,1,0,test,Month-to-month,Mailed check,DSL,1,45.8
5652-MSDEY,0.646621,1,0,train,Month-to-month,Mailed check,Fiber optic,10,75.75
7005-CCBKV,0.722802,1,1,test,Month-to-month,Electronic check,Fiber optic,6,84.4
1810-BOHSY,0.18472,0,0,train,One year,Credit card (automatic),Fiber optic,51,96.4
1784-BXEFA,0.191543,0,0,test,Month-to-month,Mailed check,No,10,20.55
7351-MHQVU,0.261254,1,0,train,Month-to-month,Credit card (automatic),DSL,6,50.95
9224-VTYID,0.019143,0,0,train,Two year,Mailed check,DSL,47,90.5
9500-IWPXQ,0.052652,0,0,train,One year,Electronic check,DSL,61,79.4
5762-TJXGK,0.058556,0,0,train,Two year,Bank transfer (automatic),DSL,52,58.75
4504-YOULA,0.106285,0,0,train,Month-to-month,Credit card (automatic),DSL,35,59.45
5569-IDSEY,0.166237,0,0,train,One year,Bank transfer (automatic),Fiber optic,71,105.7
4250-FDVOU,0.232897,0,1,train,Month-to-month,Electronic check,DSL,6,56.25
7284-ZZLOH,0.010567,0,0,train,Two year,Credit card (automatic),DSL,45,53.3
5277-ZLOOR,0.85442,1,1,train,Month-to-month,Electronic check,Fiber optic,2,85.55
2141-RRYGO,0.482945,1,1,train,Month-to-month,Bank transfer (automatic),DSL,4,68.65
1777-JYQPJ,0.502654,1,0,train,Month-to-month,Mailed check,DSL,2,24.3
6376-GAHQE,0.694436,1,1,test,Month-to-month,Electronic check,Fiber optic,4,77.85
3401-URHDA,0.035602,0,0,train,One year,Credit card (automatic),DSL,51,59.9
1599-EAHXY,0.020331,0,0,train,One year,Credit card (automatic),No,60,23.95
8631-XVRZL,0.112965,0,0,train,One year,Mailed check,No,9,20.15
5052-PNLOS,0.794142,1,1,test,Month-to-month,Bank transfer (automatic),Fiber optic,3,105.35
3853-LYGAM,0.484327,1,0,train,Month-to-month,Bank transfer (automatic),Fiber optic,17,95.65
6979-ZNSFF,0.786403,1,1,test,Month-to-month,Electronic check,Fiber optic,8,87.05
5751-USDBL,0.012959,0,0,test,Two year,Mailed check,DSL,46,81.0
5680-LQOGP,0.013751,0,0,train,Two year,Credit card (automatic),DSL,68,82.45
2386-LAHRK,0.523826,1,1,test,Month-to-month,Mailed check,DSL,1,53.5
8189-DUKMV,0.093272,0,0,train,One year,Bank transfer (automatic),No,4,20.5
6032-IGALN,0.547654,1,1,train,Month-to-month,Mailed check,DSL,1,25.1
9931-DCEZH,0.049884,0,0,train,One year,Credit card (automatic),DSL,28,54.4
1898-JSNDC,0.074564,0,0,train,One year,Credit card (automatic),DSL,39,58.6
0315-LVCRK,0.617702,1,0,train,Month-to-month,Electronic check,Fiber optic,11,84.8
3911-RSNHI,0.037543,0,0,train,Two year,Credit card (automatic),DSL,71,61.4
2410-CIYFZ,0.151741,0,0,train,Month-to-month,Mailed check,No,2,20.4
4248-HCETZ,0.334647,1,1,train,Month-to-month,Mailed check,Fiber optic,30,79.65
5505-OVWQW,0.038551,0,0,test,One year,Mailed check,No,17,20.15
7271-AJDTL,0.418288,1,0,train,Month-to-month,Credit card (automatic),Fiber optic,55,94.45
1867-TJHTS,0.256319,1,0,train,Month-to-month,Bank transfer (automatic),Fiber optic,58,79.8
0516-WJVXC,0.210162,0,1,train,Month-to-month,Electronic check,DSL,5,54.2
9174-FKWZE,0.323852,1,1,train,Month-to-month,Electronic check,No,1,19.45
6860-YRJZP,0.784092,1,0,train,Month-to-month,Electronic check,Fiber optic,9,74.05
4429-WYGFR,0.112874,0,0,train,Month-to-month,Bank transfer (automatic),DSL,26,49.15
2817-LVCPP,0.010994,0,0,train,Two year,Credit card (automatic),No,50,19.4
5038-ETMLM,0.040578,0,0,train,Two year,Bank transfer (automatic),Fiber optic,72,113.65
5056-FIMPT,0.07293,0,0,train,One year,Credit card (automatic),Fiber optic,43,106.0
4521-WFJAI,0.018207,0,0,test,Two year,Bank transfer (automatic),No,56,25.95
6569-KTMDU,0.191182,0,0,train,Month-to-month,Mailed check,No,1,19.1
8809-RIHDD,0.115889,0,1,train,Two year,Electronic check,Fiber optic,72,103.4
8809-XKHMD,0.0322,0,0,test,Two year,Bank transfer (automatic),Fiber optic,72,100.55
0396-YCHWO,0.622585,1,0,train,Month-to-month,Electronic check,Fiber optic,36,95.4
0867-LDTTC,0.352066,1,0,train,Month-to-month,Bank transfer (automatic),DSL,5,75.15
4822-NGOCH,0.590103,1,1,train,Month-to-month,Electronic check,Fiber optic,13,84.45
9391-DXGGG,0.111339,0,0,train,One year,Credit card (automatic),Fiber optic,44,89.15
9844-FELAJ,0.179661,0,0,test,One year,Electronic check,Fiber optic,70,107.9
2122-SZZZD,0.016421,0,0,train,One year,Credit card (automatic),No,44,19.5
5307-DZCVC,0.509477,1,1,train,Month-to-month,Credit card (automatic),Fiber optic,32,85.95
3148-AOIQT,0.012057,0,0,train,Two year,Credit card (automatic),No,69,24.95
8679-JOEVF,0.263158,1,1,train,Month-to-month,Electronic check,DSL,16,59.4
8395-ETZKQ,0.012834,0,0,train,One year,Bank transfer (automatic),No,68,19.5
6692-YQHXC,0.403666,1,0,train,Month-to-month,Credit card (automatic),Fiber optic,16,69.95
3889-VWBID,0.006454,0,0,train,Two year,Bank transfer (automatic),DSL,68,82.85
5222-JCXZT,0.177356,0,0,train,Month-to-month,Mailed check,No,4,19.0
9754-CLVZW,0.07583,0,0,train,Month-to-month,Credit card (automatic),DSL,26,38.85
1432-FPAXX,0.295165,1,1,train,Month-to-month,Electronic check,DSL,29,30.6
2739-CCZMB,0.114624,0,0,train,Month-to-month,Credit card (automatic),No,5,20.35
7080-TNUWP,0.137477,0,0,train,One year,Bank transfer (automatic),Fiber optic,70,95.0
0496-AHOOK,0.059392,0,0,train,One year,Bank transfer (automatic),DSL,24,74.4
8336-TAVKX,0.010769,0,0,train,Two year,Bank transfer (automatic),DSL,72,78.45
2468-SJFLM,0.609828,1,0,train,Month-to-month,Mailed check,Fiber optic,1,74.3
3181-VTHOE,0.043967,0,0,train,One year,Bank transfer (automatic),DSL,70,51.05
7168-HDQHG,0.043233,0,0,train,Month-to-month,Bank transfer (automatic),No,36,19.2
4803-AXVYP,0.506587,1,1,train,Month-to-month,Electronic check,Fiber optic,38,99.55
3884-HCSWG,0.451539,1,1,train,Month-to-month,Electronic check,Fiber optic,17,70.0
4567-AKPIA,0.211163,0,0,train,One year,Bank transfer (automatic),Fiber optic,41,109.1
5077-DXTCG,0.509051,1,1,train,Month-to-month,Electronic check,DSL,1,45.3
1142-WACZW,0.30427,1,1,train,Month-to-month,Bank transfer (automatic),DSL,2,29.85
7901-HXJVA,0.400594,1,0,train,Month-to-month,Electronic check,Fiber optic,14,76.45
5649-ANRML,0.656607,1,1,train,Month-to-month,Credit card (automatic),Fiber optic,2,95.1
4892-VLANZ,0.192984,0,1,test,Month-to-month,Mailed check,No,1,19.8
5924-IFQTT,0.306307,1,0,train,Month-to-month,Electronic check,DSL,13,72.8
7968-QUXNS,0.170678,0,0,train,Month-to-month,Mailed check,No,6,18.95
2919-HBCJO,0.574526,1,1,test,Month-to-month,Bank transfer (automatic),Fiber optic,4,76.65
4236-XPXAV,0.626407,1,1,train,Month-to-month,Mailed check,Fiber optic,5,99.15
8903-WMRNW,0.523414,1,0,train,Month-to-month,Electronic check,Fiber optic,15,101.75
2452-SNHFZ,0.102971,0,0,train,Month-to-month,Credit card (automatic),Fiber optic,47,75.45
3629-WEAAM,0.281031,1,0,train,Month-to-month,Mailed check,DSL,8,64.1
6029-CSMJE,0.300922,1,0,train,Month-to-month,Mailed check,DSL,17,25.65
7993-NQLJE,0.241219,1,0,train,Month-to-month,Mailed check,Fiber optic,15,75.1
9909-DFRJA,0.159305,0,0,test,One year,Bank transfer (automatic),Fiber optic,26,95.85
9099-FTUHS,0.169033,0,0,train,Month-to-month,Electronic check,DSL,23,54.4
0581-BXBUB,0.630139,1,0,test,Month-to-month,Electronic check,Fiber optic,4,72.75
4962-CHQPW,0.026562,0,0,test,One year,Mailed check,No,29,19.85
9467-ROOLM,0.06789,0,0,train,Month-to-month,Mailed check,No,25,19.05
3030-YZADT,0.288489,1,1,train,Month-to-month,Mailed check,DSL,9,44.95
7410-KTVFV,0.226015,0,1,test,Month-to-month,Mailed check,DSL,18,49.55
5150-ITWWB,0.904629,1,0,train,Month-to-month,Electronic check,Fiber optic,3,94.85
2253-KPMNB,0.00597,0,0,train,Two year,Bank transfer (automatic),DSL,69,46.25
1345-ZUKID,0.044285,0,0,train,One year,Mailed check,No,14,19.35
6429-SHBCB,0.317724,1,0,test,Month-to-month,Mailed check,DSL,19,69.6
9281-OFDMF,0.455835,1,0,train,Month-to-month,Electronic check,Fiber optic,39,90.7
2603-HVKCG,0.506482,1,0,train,Month-to-month,Electronic check,Fiber optic,31,101.4
1834-WULEG,0.026035,0,0,train,One year,Mailed check,No,24,20.25
9097-ZUBYC,0.135359,0,0,test,Month-to-month,Bank transfer (automatic),DSL,14,48.8
5148-ORICT,0.015258,0,0,train,Two year,Mailed check,DSL,64,74.35
4893-GYUJU,0.033359,0,0,train,One year,Mailed check,No,50,19.35
4578-PHJYZ,0.081345,0,0,train,One year,Electronic check,DSL,52,68.75
7272-QDCKA,0.33076,1,0,train,One year,Electronic check,Fiber optic,28,100.2
8908-SLFCJ,0.021415,0,0,train,Two year,Credit card (automatic),No,21,20.85
8393-DLHGA,0.529449,1,1,test,Month-to-month,Electronic check,Fiber optic,25,95.9
9766-HGEDE,0.038884,0,0,train,One year,Mailed check,No,17,19.35
6968-MHOMU,0.149663,0,0,test,One year,Credit card (automatic),DSL,58,45.0
7395-IGJOS,0.420557,1,1,train,Month-to-month,Bank transfer (automatic),Fiber optic,17,81.5
5044-XDPYX,0.019004,0,0,train,Two year,Mailed check,No,51,25.5
1814-WFGVS,0.008135,0,0,train,Two year,Mailed check,DSL,72,48.9
2834-SPCJV,0.22503,0,1,train,Month-to-month,Electronic check,Fiber optic,52,84.1
3721-WKIIL,0.023588,0,0,train,Two year,Mailed check,No,27,19.6
6734-CKRSM,0.190034,0,0,train,Month-to-month,Mailed check,No,3,20.0
1265-ZFOSD,0.019448,0,0,train,Two year,Mailed check,DSL,64,81.3
6568-POCUI,0.074935,0,0,test,Two year,Credit card (automatic),Fiber optic,45,95.2
7890-VYYWG,0.680932,1,1,train,Month-to-month,Mailed check,DSL,3,36.45
5197-LQXXH,0.027017,0,0,train,Two year,Credit card (automatic),DSL,71,83.3
9907-SWKKF,0.500257,1,1,test,Month-to-month,Mailed check,DSL,1,25.05
3457-PQBYH,0.005833,0,0,train,Two year,Credit card (automatic),No,58,20.3
7682-AZNDK,0.403989,1,0,train,Month-to-month,Electronic check,Fiber optic,34,89.85
0587-DMGBH,0.320151,1,1,train,Month-to-month,Electronic check,DSL,8,49.85
5384-ZTTWP,0.06714,0,0,train,Month-to-month,Mailed check,No,15,19.8
3745-HRPHI,0.023664,0,0,train,Two year,Bank transfer (automatic),DSL,66,54.65
7636-OWBPG,0.465299,1,0,train,Month-to-month,Credit card (automatic),DSL,12,29.35
1231-YNDEK,0.010695,0,0,train,Two year,Bank transfer (automatic),No,58,19.15
1407-DIGZV,0.041278,0,0,train,Two year,Mailed check,No,3,19.1
6397-JNZZG,0.212935,0,1,train,Month-to-month,Credit card (automatic),DSL,43,55.55
0570-BFQHT,0.539741,1,0,train,Month-to-month,Electronic check,Fiber optic,9,80.55
4393-OBCRR,0.077951,0,0,train,One year,Mailed check,No,3,20.25
3523-QRQLL,0.117265,0,1,test,One year,Bank transfer (automatic),DSL,22,69.5
8564-LDKFL,0.305553,1,0,train,One year,Bank transfer (automatic),Fiber optic,40,106.0
3696-DFHHB,0.005951,0,0,train,Two year,Bank transfer (automatic),No,68,25.5
0895-DQHEW,0.526096,1,1,train,Month-to-month,Electronic check,Fiber optic,54,104.3
4717-GHADL,0.062602,0,0,test,Two year,Mailed check,DSL,50,79.6
5501-TVMGM,0.586428,1,0,test,Month-to-month,Electronic check,DSL,1,55.25
5879-HMFFH,0.012694,0,0,train,Two year,Bank transfer (automatic),DSL,72,88.05
6772-WFQRD,0.019754,0,0,train,One year,Bank transfer (automatic),No,40,20.4
3810-DVDQQ,0.03103,0,0,train,Two year,Bank transfer (automatic),Fiber optic,72,117.6
6972-SNKKW,0.166315,0,0,train,Month-to-month,Mailed check,No,6,20.0
3694-GLTJM,0.212296,0,0,test,Month-to-month,Credit card (automatic),No,5,19.65
8550-XSXUQ,0.083712,0,0,train,One year,Credit card (automatic),DSL,48,70.55
8149-RSOUN,0.866735,1,1,train,Month-to-month,Electronic check,Fiber optic,1,93.85
9055-MOJJJ,0.014781,0,0,train,One year,Mailed check,DSL,64,65.8
4359-INNWN,0.035667,0,0,test,One year,Credit card (automatic),No,17,20.05
0585-EGDDA,0.337288,1,0,train,Month-to-month,Electronic check,Fiber optic,40,80.0
4032-RMHCI,0.039377,0,0,train,One year,Credit card (automatic),DSL,41,35.4
0549-CYCQN,0.20752,0,0,train,One year,Bank transfer (automatic),Fiber optic,51,79.6
3481-JHUZH,0.39562,1,0,train,Month-to-month,Electronic check,Fiber optic,41,80.25
7250-EQKIY,0.310642,1,1,test,Month-to-month,Mailed check,DSL,1,50.45
3594-IVHJZ,0.243334,1,0,test,Month-to-month,Mailed check,No,2,20.45
6869-FGJJC,0.056898,0,0,train,One year,Credit card (automatic),Fiber optic,68,79.6
3896-ZVNET,0.013749,0,0,train,Two year,Mailed check,No,24,24.7
8205-VSLRB,0.009524,0,0,train,Two year,Credit card (automatic),DSL,70,77.3
5960-MVTUK,0.572183,1,0,train,Month-to-month,Electronic check,DSL,3,29.75
6817-WTYHE,0.309533,1,0,train,Month-to-month,Bank transfer (automatic),DSL,2,44.9
3082-VQXNH,0.394922,1,0,train,Month-to-month,Credit card (automatic),DSL,3,29.8
4013-UBXWQ,0.616058,1,1,train,Month-to-month,Electronic check,DSL,7,74.65
4931-TRZWN,0.393989,1,0,train,Month-to-month,Electronic check,DSL,13,71.95
0750-EKNGL,0.144994,0,0,train,Month-to-month,Mailed check,No,7,20.75
7669-LCRSD,0.355283,1,0,test,Month-to-month,Mailed check,DSL,12,56.3
3567-PQTSO,0.336169,1,0,test,One year,Electronic check,Fiber optic,53,105.25
5519-NPHVG,0.816864,1,1,train,Month-to-month,Electronic check,Fiber optic,12,94.2
8043-PNYSD,0.006665,0,0,train,Two year,Mailed check,No,63,19.55
9938-EKRGF,0.128218,0,0,train,Month-to-month,Mailed check,DSL,15,84.45
2703-AMTUL,0.030694,0,0,train,One year,Mailed check,DSL,36,53.65
0928-JMXNP,0.62601,1,0,train,Month-to-month,Electronic check,DSL,4,29.9
8173-RXAYP,0.011883,0,0,test,Two year,Mailed check,No,24,19.7
4825-XJGDM,0.029103,0,0,train,One year,Credit card (automatic),DSL,61,43.7
5402-HTOTQ,0.25143,1,0,test,Month-to-month,Electronic check,DSL,16,55.3
6734-JDTTV,0.007987,0,0,train,Two year,Credit card (automatic),No,65,19.85
7850-THJMU,0.010436,0,0,train,Two year,Credit card (automatic),No,26,19.65
3890-RTCMS,0.17794,0,0,train,Month-to-month,Mailed check,DSL,16,49.45
8849-GYOKR,0.152872,0,1,test,One year,Bank transfer (automatic),Fiber optic,54,106.55
3148-BLQJT,0.190848,0,1,train,Month-to-month,Mailed check,No,1,20.1
3717-FDJFU,0.034948,0,0,test,Two year,Mailed check,No,5,20.45
3665-JATSN,0.409189,1,0,train,Month-to-month,Electronic check,DSL,19,39.7
7966-YOTQW,0.35427,1,0,train,Month-to-month,Credit card (automatic),DSL,10,54.5
0461-CVKMU,0.243234,1,1,train,Month-to-month,Electronic check,Fiber optic,23,83.8
8806-EAGWC,0.393801,1,1,train,Month-to-month,Mailed check,DSL,3,55.15
8853-TZDGH,0.054154,0,0,train,Two year,Bank transfer (automatic),Fiber optic,72,111.6
7779-LGOVN,0.794925,1,1,train,Month-to-month,Electronic check,Fiber optic,10,86.65
4324-BZCKL,0.248095,1,0,train,Month-to-month,Mailed check,DSL,10,55.55
6924-TDGMT,0.115655,0,0,train,One year,Mailed check,No,11,20.55
9710-ZUSHQ,0.39182,1,1,test,Month-to-month,Bank transfer (automatic),Fiber optic,37,106.75
1536-YHDOE,0.07285,0,0,train,One year,Mailed check,DSL,17,62.1
8123-QBNAZ,0.379357,1,0,train,Month-to-month,Credit card (automatic),Fiber optic,36,104.5
3629-ZNKXA,0.647235,1,0,train,Month-to-month,Electronic check,Fiber optic,17,101.8
4827-LTQRJ,0.094415,0,0,train,One year,Credit card (automatic),Fiber optic,66,110.6
7711-YIJWC,0.020854,0,0,train,One year,Bank transfer (automatic),DSL,61,84.9
5482-VXSXJ,0.515788,1,0,train,Month-to-month,Mailed check,Fiber optic,22,93.2
7365-BVCJH,0.63644,1,0,train,Month-to-month,Electronic check,DSL,1,24.4
9620-ENEJV,0.504024,1,0,train,Month-to-month,Credit card (automatic),Fiber optic,6,70.55
4183-WCSEP,0.294053,1,1,train,Month-to-month,Electronic check,Fiber optic,31,78.45
2378-YIZKA,0.009202,0,0,train,Two year,Credit card (automatic),DSL,68,85.0
5498-TXHLF,0.455016,1,1,train,Month-to-month,Electronic check,Fiber optic,34,87.45
0689-DSXGL,0.134269,0,0,train,Month-to-month,Bank transfer (automatic),Fiber optic,52,85.8
6818-DJXAA,0.649391,1,0,train,Month-to-month,Electronic check,Fiber optic,10,91.1
9722-UJOJR,0.396394,1,1,train,Month-to-month,Electronic check,Fiber optic,29,70.75
0464-WJTKO,0.004579,0,0,train,Two year,Bank transfer (automatic),No,72,20.1
8902-ZEOVF,0.011702,0,0,train,One year,Mailed check,No,47,20.05
6778-EICRF,0.081255,0,0,train,One year,Mailed check,DSL,24,74.8
2662-NNTDK,0.021257,0,0,train,One year,Credit card (automatic),No,65,24.8
4132-KALRO,0.758121,1,0,train,Month-to-month,Mailed check,Fiber optic,4,100.85
3902-FOIGH,0.817854,1,1,train,Month-to-month,Electronic check,Fiber optic,12,101.35
6772-KSATR,0.70549,1,1,train,Month-to-month,Electronic check,Fiber optic,1,81.7
7112-OPOTK,0.313212,1,1,train,Month-to-month,Electronic check,Fiber optic,33,68.25
2874-YXVVA,0.371563,1,0,train,Month-to-month,Electronic check,Fiber optic,34,105.1
1245-HARPS,0.01898,0,0,train,Two year,Mailed check,No,14,20.4
4210-QFJMF,0.744214,1,1,train,Month-to-month,Electronic check,Fiber optic,4,79.15
4323-ELYYB,0.041146,0,0,train,One year,Mailed check,No,13,20.0
4293-ETKAP,0.027936,0,0,train,Two year,Bank transfer (automatic),DSL,65,79.4
6064-PUPMC,0.028444,0,0,train,One year,Credit card (automatic),DSL,23,57.2
6504-VBLFL,0.020753,0,0,train,Two year,Electronic check,DSL,55,58.6
6322-PJJDJ,0.163317,0,0,train,Two year,Electronic check,Fiber optic,49,94.8
0330-BGYZE,0.180082,0,0,train,One year,Bank transfer (automatic),Fiber optic,60,102.5
1085-LDWAM,0.013108,0,0,test,One year,Credit card (automatic),No,69,20.35
7586-ZATGZ,0.516225,1,0,train,Month-to-month,Electronic check,Fiber optic,40,84.9
7197-VOJMM,0.012883,0,0,train,Two year,Credit card (automatic),DSL,67,69.2
3318-OSATS,0.593153,1,1,train,Month-to-month,Electronic check,Fiber optic,35,95.45
5828-AVIPD,0.394202,1,1,test,One year,Electronic check,Fiber optic,19,100.95
1843-TLSGD,0.019317,0,0,train,Two year,Mailed check,No,13,20.85
9626-VFRGG,0.278999,1,0,train,Month-to-month,Bank transfer (automatic),Fiber optic,41,88.5
7075-BNDVQ,0.340143,1,0,train,Month-to-month,Mailed check,DSL,4,35.0
9143-CANJF,0.073448,0,0,test,Month-to-month,Electronic check,DSL,24,55.15
7284-BUYEC,0.60872,1,0,train,Month-to-month,Credit card (automatic),DSL,5,50.95
2041-JIJCI,0.601945,1,0,test,Month-to-month,Electronic check,DSL,5,64.0
1086-LXKFY,0.62718,1,1,train,Month-to-month,Mailed check,Fiber optic,1,69.1
4900-MSOMT,0.008304,0,0,train,Two year,Bank transfer (automatic),DSL,72,80.2
2229-VWQJH,0.170144,0,0,train,Month-to-month,Credit card (automatic),DSL,24,49.3
9194-GFVOI,0.027642,0,0,train,Two year,Credit card (automatic),DSL,42,84.35
1336-EZFZY,0.164408,0,0,train,Month-to-month,Mailed check,No,4,20.05
4282-MSACW,0.098293,0,0,train,One year,Credit card (automatic),Fiber optic,68,117.2
1403-LKLIK,0.025769,0,0,train,One year,Mailed check,No,33,20.1
2636-ALXXZ,0.754018,1,1,train,Month-to-month,Electronic check,Fiber optic,1,69.6
7774-OJSXI,0.414157,1,1,train,One year,Electronic check,Fiber optic,31,103.45
7786-WBJYI,0.572457,1,1,train,Month-to-month,Bank transfer (automatic),Fiber optic,4,77.95
0136-IFMYD,0.108979,0,0,train,Two year,Electronic check,Fiber optic,69,109.95
5144-TVGLP,0.524534,1,0,test,Month-to-month,Electronic check,Fiber optic,38,94.75
9643-AVVWI,0.560432,1,0,test,Month-to-month,Electronic check,Fiber optic,3,80.0
0253-ZTEOB,0.021818,0,0,train,Two year,Electronic check,DSL,48,79.65
2706-QZIHY,0.03312,0,0,train,Two year,Mailed check,No,15,25.2
6061-PQHMK,0.032431,0,0,train,One year,Credit card (automatic),No,25,19.9
9885-CSMWE,0.737786,1,1,train,Month-to-month,Electronic check,Fiber optic,1,78.45
6137-MFAJN,0.160455,0,0,train,Month-to-month,Electronic check,DSL,48,44.8
9122-UMROB,0.191306,0,0,test,Month-to-month,Mailed check,No,1,20.3
4232-JGKIY,0.256746,1,0,train,Month-to-month,Electronic check,No,1,19.2
2402-TAIRZ,0.139894,0,0,train,One year,Electronic check,Fiber optic,37,80.05
9659-ZTWSM,0.165867,0,0,train,One year,Bank transfer (automatic),Fiber optic,66,107.35
9139-TWBAS,0.088822,0,0,train,One year,Bank transfer (automatic),DSL,26,47.85
6685-GBWJZ,0.018889,0,0,test,One year,Credit card (automatic),DSL,63,70.8
5016-ETTFF,0.368047,1,1,train,Month-to-month,Mailed check,DSL,10,29.5
3866-MDTUB,0.561882,1,1,train,Month-to-month,Electronic check,DSL,2,70.75
2195-VVRJF,0.218925,0,0,test,Month-to-month,Credit card (automatic),DSL,18,59.1
3913-RDSJZ,0.010357,0,0,train,Two year,Mailed check,No,64,25.55
8058-JMEQO,0.832382,1,1,train,Month-to-month,Electronic check,Fiber optic,9,84.45
4203-QGNZA,0.056012,0,0,train,Month-to-month,Mailed check,No,28,20.25
5043-TRZWM,0.634008,1,0,train,Month-to-month,Electronic check,Fiber optic,1,75.55
0697-ZMSWS,0.79385,1,1,train,Month-to-month,Electronic check,Fiber optic,4,85.65
7657-DYEPJ,0.057468,0,1,train,One year,Credit card (automatic),DSL,38,70.15
9494-BDNNC,0.162024,0,0,train,One year,Electronic check,Fiber optic,66,95.3
1640-PLFMP,0.728681,1,0,train,Month-to-month,Electronic check,Fiber optic,1,70.25
5366-OBVMR,0.182262,0,0,train,Month-to-month,Mailed check,DSL,18,50.3
8276-MQBYC,0.687782,1,1,train,Month-to-month,Electronic check,Fiber optic,51,97.8
7644-OMVMY,0.043719,0,0,train,Two year,Mailed check,No,0,19.85
7593-XFKDI,0.355674,1,1,train,Month-to-month,Mailed check,DSL,1,46.3
4573-JKNAE,0.027004,0,0,train,Two year,Bank transfer (automatic),No,12,19.35
0337-CNPZE,0.49626,1,1,train,Month-to-month,Electronic check,Fiber optic,41,106.3
9817-APLHW,0.20405,0,0,train,Month-to-month,Electronic check,No,12,25.0
8380-MQINP,0.00718,0,0,train,Two year,Mailed check,No,55,20.3
0840-DFEZH,0.738087,1,0,train,Month-to-month,Electronic check,Fiber optic,7,75.35
1513-XNPPH,0.599438,1,1,train,Month-to-month,Electronic check,Fiber optic,12,89.4
8690-ZVLCL,0.01305,0,0,train,Two year,Credit card (automatic),DSL,68,88.0
6015-VVHHE,0.779721,1,1,train,Month-to-month,Credit card (automatic),Fiber optic,5,83.15
1125-SNVCK,0.155253,0,0,train,Month-to-month,Mailed check,DSL,49,43.8
0384-LPITE,0.080371,0,0,train,One year,Credit card (automatic),DSL,40,62.05
4616-EWBNJ,0.037232,0,0,train,One year,Bank transfer (automatic),No,16,20.1
6347-DCUIK,0.640987,1,1,train,Month-to-month,Mailed check,Fiber optic,10,74.15
1335-HQMKX,0.220491,0,0,train,One year,Electronic check,Fiber optic,72,101.35
2545-EBUPK,0.853948,1,0,test,Month-to-month,Electronic check,Fiber optic,2,84.05
6923-AQONU,0.01286,0,0,train,Two year,Mailed check,No,23,20.9
2172-EJXVF,0.261064,1,0,train,One year,Electronic check,Fiber optic,71,105.9
0897-FEGMU,0.840313,1,1,train,Month-to-month,Electronic check,Fiber optic,11,99.5
7663-RGWBC,0.447444,1,1,test,Month-to-month,Mailed check,DSL,1,44.15
1120-BMWUB,0.146258,0,1,train,Month-to-month,Mailed check,DSL,16,53.9
9124-LHCJQ,0.767357,1,1,train,Month-to-month,Mailed check,Fiber optic,1,85.45
4536-PLEQY,0.575427,1,0,train,Month-to-month,Credit card (automatic),Fiber optic,12,85.05
7029-IJEJK,0.045997,0,0,train,One year,Bank transfer (automatic),DSL,54,44.1
8871-JLMHM,0.024361,0,0,train,Two year,Credit card (automatic),Fiber optic,68,90.2
2235-ZGKPT,0.389838,1,1,train,Month-to-month,Mailed check,DSL,4,50.85
3891-PUQOD,0.445021,1,1,test,Month-to-month,Electronic check,DSL,1,59.2
5447-VYTKW,0.075512,0,0,train,Month-to-month,Mailed check,DSL,27,53.45
3623-FQBOX,0.095801,0,0,test,Month-to-month,Mailed check,No,21,19.95
0689-NKYLF,0.586933,1,1,train,Month-to-month,Electronic check,Fiber optic,13,83.2
8659-HDIYE,0.090358,0,0,train,Month-to-month,Credit card (automatic),DSL,64,74.65
3658-KIBGF,0.382961,1,1,test,Month-to-month,Electronic check,DSL,1,54.9
3474-BAFSJ,0.046966,0,0,train,Two year,Bank transfer (automatic),DSL,57,57.5
5519-YLDGW,0.574023,1,1,train,Month-to-month,Electronic check,Fiber optic,21,103.9
3865-ZFZIB,0.017731,0,0,test,Two year,Mailed check,No,19,19.65
1855-AGAWH,0.389084,1,0,train,One year,Electronic check,Fiber optic,31,93.8
7109-CQYUZ,0.03953,0,0,train,Two year,Mailed check,DSL,52,89.25
1370-GGAWX,0.240783,1,0,test,One year,Electronic check,Fiber optic,46,94.15
4680-KUTAJ,0.429585,1,0,train,Month-to-month,Electronic check,DSL,11,55.6
5307-UVGNB,0.161536,0,0,train,Month-to-month,Bank transfer (automatic),DSL,53,48.7
4946-EDSEW,0.165235,0,1,test,Month-to-month,Mailed check,No,11,19.25
2883-ILGWO,0.398491,1,0,train,Month-to-month,Bank transfer (automatic),Fiber optic,57,104.9
2516-VQRRV,0.752937,1,1,train,Month-to-month,Mailed check,Fiber optic,2,75.45
7580-UGXNC,0.260993,1,1,train,Month-to-month,Mailed check,DSL,2,54.85
3642-BYHDO,0.004002,0,0,test,Two year,Bank transfer (automatic),No,71,19.9
9629-NHXFW,0.223913,0,0,test,Month-to-month,Mailed check,No,1,19.4
2696-RZVZW,0.008097,0,0,test,Two year,Credit card (automatic),No,68,25.05
5766-FTRTS,0.009503,0,0,train,Two year,Mailed check,DSL,72,84.45
0396-HUJBP,0.200993,0,0,train,Month-to-month,Mailed check,No,2,19.3
5178-LMXOP,0.892501,1,1,test,Month-to-month,Electronic check,Fiber optic,1,95.1
8879-ZKJOF,0.061584,0,0,train,One year,Bank transfer (automatic),DSL,41,79.85
6285-FTQBF,0.004559,0,0,train,Two year,Credit card (automatic),No,72,25.55
8185-UPYBR,0.770645,1,1,train,Month-to-month,Electronic check,Fiber optic,6,75.5
4585-HETAI,0.63609,1,1,train,Month-to-month,Electronic check,Fiber optic,4,73.75
7526-BEZQB,0.819634,1,1,train,Month-to-month,Electronic check,Fiber optic,12,96.05
1474-JUWSM,0.085952,0,0,train,One year,Electronic check,DSL,58,68.4
3530-CRZSB,0.145713,0,0,train,Month-to-month,Mailed check,No,7,20.65
8498-XXGWA,0.056642,0,0,train,Month-to-month,Mailed check,DSL,65,55.15
9617-INGJY,0.665468,1,0,train,Month-to-month,Mailed check,Fiber optic,1,70.6
0621-TSSMU,0.016219,0,0,train,One year,Credit card (automatic),No,56,19.95
7234-KMNRQ,0.167002,0,0,train,Month-to-month,Mailed check,No,4,19.0
7636-PEPNS,0.051364,0,0,test,One year,Mailed check,DSL,58,44.1
4683-WYDOU,0.123519,0,0,train,Two year,Bank transfer (automatic),Fiber optic,62,107.6
9052-DHNKM,0.086374,0,0,test,One year,Electronic check,DSL,26,61.55
6794-HKIAJ,0.122906,0,0,train,Month-to-month,Bank transfer (automatic),Fiber optic,62,90.7
5578-NKCXI,0.076319,0,0,train,One year,Credit card (automatic),Fiber optic,58,99.25
1642-HMARX,0.034454,0,0,train,Two year,Electronic check,DSL,68,91.7
3096-WPXBT,0.10897,0,0,test,One year,Credit card (automatic),Fiber optic,61,100.7
8434-PNQZX,0.050734,0,0,train,Two year,Credit card (automatic),DSL,42,78.45
5950-AAAGJ,0.464946,1,0,train,Month-to-month,Bank transfer (automatic),Fiber optic,18,84.3
4299-OPXEJ,0.012926,0,0,test,Two year,Bank transfer (automatic),No,56,19.55
4951-UKAAQ,0.790332,1,1,train,Month-to-month,Electronic check,Fiber optic,4,88.95
9618-LFJRU,0.172718,0,0,train,Month-to-month,Credit card (automatic),No,4,20.45
6693-DJWTY,0.023111,0,0,train,One year,Credit card (automatic),DSL,35,55.6
0744-GKNGE,0.112514,0,0,train,Month-to-month,Bank transfer (automatic),Fiber optic,64,86.8
6447-EGDIV,0.030455,0,0,train,One year,Mailed check,No,31,20.95
1167-OYZJF,0.011321,0,0,train,Two year,Bank transfer (automatic),No,67,20.05
2108-YKQTY,0.270455,1,1,test,Month-to-month,Credit card (automatic),DSL,4,50.7
4806-DXQCE,0.074232,0,0,train,Two year,Electronic check,Fiber optic,70,113.65
4918-QLLIW,0.440908,1,1,train,Month-to-month,Credit card (automatic),DSL,3,53.4
7056-IMHCC,0.589207,1,1,test,Month-to-month,Electronic check,Fiber optic,53,101.9
4854-SSLTN,0.035496,0,0,train,Two year,Mailed check,DSL,2,59.5
5294-DMSFH,0.424045,1,0,train,Month-to-month,Credit card (automatic),Fiber optic,29,87.8
4837-PZTIC,0.011611,0,0,train,Two year,Mailed check,DSL,47,41.9
1625-JAIIY,0.202265,0,1,train,One year,Electronic check,Fiber optic,68,83.0
0603-OLQDC,0.349081,1,0,train,Month-to-month,Mailed check,DSL,12,69.85
3272-VUHPV,0.158083,0,0,train,Month-to-month,Bank transfer (automatic),DSL,8,56.3
4176-FXYBO,0.378365,1,0,train,Month-to-month,Electronic check,Fiber optic,54,109.55
1063-DHQJF,0.031587,0,0,test,Two year,Mailed check,Fiber optic,69,92.15
8663-UPDGF,0.207775,0,0,train,Month-to-month,Bank transfer (automatic),DSL,26,69.5
6719-FGEDO,0.02168,0,0,train,Two year,Bank transfer (automatic),Fiber optic,72,97.0
1837-YQUCE,0.023725,0,0,train,Two year,Bank transfer (automatic),DSL,70,58.35
2947-DOMLJ,0.243391,1,1,train,Month-to-month,Mailed check,DSL,1,50.6
4112-LUEIZ,0.772308,1,1,train,Month-to-month,Electronic check,Fiber optic,10,89.5
0369-ZGOVK,0.194514,0,0,train,One year,Bank transfer (automatic),Fiber optic,28,70.4
4510-HIMLV,0.725227,1,1,train,Month-to-month,Electronic check,Fiber optic,1,69.8
9919-KNPOO,0.691057,1,0,train,Month-to-month,Electronic check,Fiber optic,21,94.3
8749-JMNKX,0.430065,1,1,train,Month-to-month,Bank transfer (automatic),Fiber optic,51,93.8
7872-BAAZR,0.016364,0,0,train,One year,Bank transfer (automatic),No,53,19.55
9391-LMANN,0.106233,0,0,train,One year,Electronic check,Fiber optic,53,95.95
2430-USGXP,0.657083,1,1,train,Month-to-month,Electronic check,Fiber optic,24,101.05
8174-TBVCF,0.018406,0,0,train,Two year,Credit card (automatic),DSL,70,94.8
1698-XFZCI,0.223955,0,0,train,One year,Electronic check,Fiber optic,61,107.75
1877-HKBQX,0.114294,0,0,train,One year,Mailed check,DSL,11,54.6
4450-DLLMH,0.643661,1,0,train,Month-to-month,Credit card (automatic),Fiber optic,2,71.3
0428-AXXLJ,0.047742,0,0,train,One year,Bank transfer (automatic),No,25,19.5
2746-DIJLO,0.068209,0,0,test,One year,Credit card (automatic),DSL,41,56.3
5955-ERIHD,0.68484,1,1,train,Month-to-month,Electronic check,Fiber optic,18,94.7
0917-EZOLA,0.09605,0,1,train,Two year,Bank transfer (automatic),Fiber optic,72,104.15
3508-VLHCZ,0.014418,0,0,test,Two year,Credit card (automatic),DSL,71,90.55
4086-ATNFV,0.042164,0,0,test,One year,Mailed check,DSL,34,60.8
0468-YRPXN,0.407951,1,0,train,Month-to-month,Credit card (automatic),Fiber optic,29,98.8
5996-NRVXR,0.14314,0,0,train,One year,Credit card (automatic),Fiber optic,40,98.15
3739-YBWAB,0.053695,0,0,train,One year,Mailed check,DSL,36,35.35
7047-FWEYA,0.205189,0,0,train,One year,Electronic check,Fiber optic,46,103.15
2000-MPKCA,0.240323,1,0,train,One year,Electronic check,Fiber optic,58,107.75
9762-YAQAA,0.135577,0,0,train,One year,Credit card (automatic),Fiber optic,39,81.4
5949-EBSQK,0.255976,1,1,test,Month-to-month,Credit card (automatic),DSL,4,61.45
5473-KHBPS,0.206744,0,0,test,One year,Credit card (automatic),Fiber optic,52,95.7
0100-DUVFC,0.271618,1,0,train,One year,Electronic check,Fiber optic,70,104.8
5397-TUPSH,0.126917,0,0,train,One year,Bank transfer (automatic),Fiber optic,65,70.95
8950-MTZNV,0.459002,1,0,train,Month-to-month,Mailed check,DSL,1,44.95
0326-VDYXE,0.269166,1,0,train,One year,Electronic check,Fiber optic,70,97.65
6773-LQTVT,0.235452,0,0,test,Month-to-month,Mailed check,DSL,29,35.65
7274-RTAPZ,0.844575,1,1,train,Month-to-month,Electronic check,Fiber optic,1,90.55
0436-TWFFZ,0.027687,0,0,train,Two year,Mailed check,DSL,67,85.25
8566-YPRGL,0.256314,1,0,train,Month-to-month,Mailed check,No,1,19.5
0311-UNPFF,0.525885,1,1,train,Month-to-month,Bank transfer (automatic),Fiber optic,26,88.8
6609-MXJHJ,0.02237,0,0,train,Two year,Mailed check,No,30,25.1
2669-OIDSD,0.223437,0,0,train,Month-to-month,Credit card (automatic),Fiber optic,48,100.05
8400-WZICQ,0.062006,0,0,test,Month-to-month,Electronic check,DSL,55,55.7
3834-XUIFC,0.728732,1,1,train,Month-to-month,Mailed check,Fiber optic,7,85.2
9576-SYUHJ,0.416139,1,0,test,Month-to-month,Electronic check,Fiber optic,37,91.15
0410-IPFTY,0.371977,1,0,test,Month-to-month,Bank transfer (automatic),Fiber optic,31,83.85
2831-EBWRN,0.468154,1,0,train,Month-to-month,Electronic check,DSL,4,45.9
9430-NKQLY,0.008047,0,0,test,Two year,Credit card (automatic),No,72,25.1
8414-MYSHR,0.815891,1,1,train,Month-to-month,Electronic check,Fiber optic,5,91.4
0247-SLUJI,0.16603,0,0,train,Month-to-month,Mailed check,No,1,19.7
9402-ORRAH,0.683802,1,0,train,Month-to-month,Electronic check,Fiber optic,15,91.5
6483-OATDN,0.232177,0,0,test,Month-to-month,Credit card (automatic),DSL,8,51.3
1293-HHSHJ,0.023375,0,0,train,One year,Mailed check,No,35,21.1
4840-ORQXB,0.465909,1,0,test,Month-to-month,Electronic check,Fiber optic,56,104.75
7599-FKVXZ,0.365486,1,1,train,Month-to-month,Bank transfer (automatic),Fiber optic,42,106.15
3982-DQLUS,0.220814,0,0,train,Month-to-month,Electronic check,Fiber optic,65,85.75
8610-ZIKJJ,0.09653,0,0,train,One year,Mailed check,No,2,20.3
3756-VNWDH,0.255297,1,0,test,One year,Electronic check,Fiber optic,65,100.75
7801-KICAO,0.568175,1,0,train,Month-to-month,Electronic check,Fiber optic,18,74.15
7673-LPRNY,0.211981,0,0,train,One year,Electronic check,DSL,23,78.55
8229-TNIQA,0.401807,1,1,train,Month-to-month,Mailed check,DSL,4,45.3
6060-QBMGV,0.005567,0,0,train,Two year,Credit card (automatic),No,70,19.85
7339-POGZN,0.463724,1,0,train,Month-to-month,Electronic check,DSL,4,50.7
2828-SLQPF,0.194455,0,0,test,Month-to-month,Bank transfer (automatic),DSL,19,45.0
4465-VDKIQ,0.382282,1,0,train,Month-to-month,Electronic check,Fiber optic,18,77.8
2921-XWDJH,0.368881,1,0,train,Month-to-month,Electronic check,Fiber optic,38,83.45
6221-AVQYL,0.724886,1,1,train,Month-to-month,Credit card (automatic),Fiber optic,2,73.25
2558-BUOZZ,0.097166,0,0,train,One year,Bank transfer (automatic),Fiber optic,47,94.8
9257-AZMTZ,0.007475,0,0,train,Two year,Bank transfer (automatic),No,52,20.1
0003-MKNFE,0.384767,1,0,train,Month-to-month,Mailed check,DSL,9,59.9
0975-UYDTX,0.09951,0,0,train,One year,Credit card (automatic),DSL,26,90.1
7743-EXURX,0.389417,1,1,train,Month-to-month,Electronic check,DSL,8,51.05
4682-BLBUC,0.066139,0,0,train,One year,Electronic check,DSL,44,70.95
0975-VOOVL,0.360948,1,0,train,Month-to-month,Mailed check,DSL,3,29.2
5968-VXZLG,0.436398,1,0,train,Month-to-month,Bank transfer (automatic),DSL,2,46.6
5569-KGJHX,0.664389,1,1,train,Month-to-month,Bank transfer (automatic),Fiber optic,9,85.35
4988-IQIGL,0.816498,1,1,train,Month-to-month,Electronic check,Fiber optic,1,75.35
5201-FRKKS,0.237865,0,0,train,Month-to-month,Bank transfer (automatic),Fiber optic,25,74.3
9799-CAYJJ,0.773352,1,0,train,Month-to-month,Electronic check,Fiber optic,2,69.3
7730-IUTDZ,0.233828,0,1,train,Month-to-month,Electronic check,Fiber optic,43,75.2
0426-TIRNE,0.17529,0,1,train,Month-to-month,Mailed check,No,1,20.9
5443-SCMKX,0.296271,1,0,train,One year,Electronic check,Fiber optic,58,94.3
8295-KMENE,0.022308,0,0,train,Two year,Mailed check,DSL,59,76.45
6738-ISCBM,0.131846,0,0,train,One year,Electronic check,DSL,44,54.0
9821-BESNZ,0.198038,0,0,train,One year,Electronic check,Fiber optic,66,104.25
3678-MNGZX,0.005362,0,0,train,Two year,Bank transfer (automatic),No,68,19.95
1335-NTIUC,0.560167,1,0,test,Month-to-month,Electronic check,DSL,9,24.95
2916-BQZLN,0.481013,1,0,train,Month-to-month,Electronic check,Fiber optic,19,84.75
4558-CGYCZ,0.17362,0,0,train,Month-to-month,Mailed check,No,4,19.75
2368-GAKKQ,0.04633,0,0,test,Two year,Bank transfer (automatic),Fiber optic,70,113.65
8710-YGLWG,0.445057,1,0,train,Month-to-month,Mailed check,DSL,1,44.9
3199-XGZCY,0.73709,1,0,test,Month-to-month,Electronic check,Fiber optic,8,75.25
3785-KTYSH,0.012176,0,0,train,Two year,Mailed check,No,53,24.6
6814-ZPWFQ,0.038241,0,0,test,One year,Bank transfer (automatic),No,51,25.0
4063-EIKNQ,0.099554,0,0,train,Month-to-month,Bank transfer (automatic),No,11,20.95
6993-YCOBK,0.091241,0,0,test,Two year,Electronic check,Fiber optic,60,110.6
5206-HPJKM,0.146838,0,0,train,Month-to-month,Credit card (automatic),DSL,17,55.5
7587-RZNME,0.505703,1,1,test,Month-to-month,Electronic check,DSL,3,43.3
0748-RDGGM,0.065781,0,1,train,One year,Bank transfer (automatic),Fiber optic,70,109.5
8393-JMVMB,0.198934,0,0,train,Month-to-month,Mailed check,No,1,19.45
5019-GQVCR,0.501016,1,0,train,Month-to-month,Electronic check,Fiber optic,43,84.85
6036-TTFYU,0.087947,0,0,train,Month-to-month,Mailed check,No,16,19.6
2550-AEVRU,0.034925,0,0,train,One year,Electronic check,DSL,57,53.45
0969-RGKCU,0.020321,0,0,train,One year,Credit card (automatic),No,37,19.8
0378-CJKPV,0.03207,0,0,train,Two year,Credit card (automatic),Fiber optic,72,112.1
4706-AXVKM,0.726314,1,1,test,Month-to-month,Credit card (automatic),Fiber optic,11,84.8
5889-JTMUL,0.558237,1,1,test,Month-to-month,Electronic check,Fiber optic,50,95.05
9026-RNUJS,0.429309,1,1,train,Month-to-month,Electronic check,DSL,5,50.35
3746-EUBYR,0.743896,1,1,train,Month-to-month,Bank transfer (automatic),Fiber optic,1,74.6
2332-EFBJY,0.112724,0,1,train,Month-to-month,Mailed check,No,16,19.7
2880-FPNAE,0.751636,1,0,train,Month-to-month,Electronic check,Fiber optic,2,74.2
1703-MGIAB,0.278817,1,0,train,Month-to-month,Mailed check,DSL,17,69.0
4311-QTTAI,0.035577,0,0,train,One year,Credit card (automatic),No,16,19.35
9474-PHLYD,0.312237,1,1,train,Month-to-month,Electronic check,DSL,15,59.45
4318-RAJVY,0.108654,0,0,train,One year,Mailed check,No,10,19.8
2165-VOEGB,0.072018,0,1,test,One year,Bank transfer (automatic),Fiber optic,46,105.2
3612-YUNGG,0.06286,0,0,train,Two year,Credit card (automatic),Fiber optic,64,109.2
2254-DLXRI,0.712864,1,0,test,Month-to-month,Mailed check,Fiber optic,1,79.15
5062-CJJKH,0.06382,0,0,test,One year,Mailed check,DSL,25,53.65
9028-LIHRP,0.017319,0,0,train,Two year,Credit card (automatic),Fiber optic,71,100.2
2219-MVUSO,0.414462,1,1,train,Month-to-month,Mailed check,DSL,8,45.15
1053-MXTTK,0.022748,0,0,train,Two year,Bank transfer (automatic),Fiber optic,72,108.65
1530-ZTDOZ,0.151778,0,0,test,Month-to-month,Bank transfer (automatic),DSL,49,40.65
1301-LOPVR,0.075535,0,0,train,One year,Credit card (automatic),DSL,29,55.35
0853-TWRVK,0.023982,0,0,train,Two year,Bank transfer (automatic),Fiber optic,72,105.6
8914-RBTSB,0.470205,1,1,test,Month-to-month,Electronic check,Fiber optic,31,93.8
6212-ATMLK,0.663426,1,0,train,Month-to-month,Electronic check,Fiber optic,50,95.7
8200-LGKSR,0.024029,0,0,train,Two year,Electronic check,DSL,71,83.2
1568-BEKZM,0.015401,0,0,test,Two year,Credit card (automatic),DSL,70,90.05
0670-ANMUU,0.056587,0,0,train,One year,Credit card (automatic),Fiber optic,71,97.65
6897-RWMUB,0.007975,0,0,train,Two year,Bank transfer (automatic),DSL,61,68.05
0963-ZBDRN,0.465668,1,1,test,Month-to-month,Electronic check,Fiber optic,32,96.2
7594-RQHXR,0.716885,1,1,train,Month-to-month,Electronic check,Fiber optic,1,79.6
6999-CHVCF,0.051441,0,0,train,Two year,Bank transfer (automatic),Fiber optic,68,102.1
6134-KWTBV,0.01039,0,0,test,Two year,Bank transfer (automatic),No,62,23.4
1077-HUUJM,0.618079,1,0,test,Month-to-month,Electronic check,Fiber optic,7,71.05
6331-EWIEB,0.635698,1,1,train,Month-to-month,Electronic check,Fiber optic,20,85.25
0895-LNKRC,0.078015,0,0,train,One year,Mailed check,No,6,19.45
2045-BMBTJ,0.255297,1,0,train,Month-to-month,Bank transfer (automatic),DSL,33,59.45
8417-GSODA,0.313232,1,0,train,One year,Bank transfer (automatic),Fiber optic,28,92.2
5171-EPLKN,0.017542,0,0,train,Two year,Credit card (automatic),No,27,19.85
4452-QIIEB,0.319358,1,0,train,Month-to-month,Mailed check,DSL,7,43.9
5998-VVEJY,0.445386,1,1,train,Month-to-month,Electronic check,Fiber optic,26,80.5
1624-NALOJ,0.811819,1,1,train,Month-to-month,Electronic check,Fiber optic,5,89.8
6741-EGCBI,0.462114,1,0,train,Month-to-month,Credit card (automatic),Fiber optic,30,90.5
7820-ZYGNY,0.109675,0,0,train,One year,Credit card (automatic),Fiber optic,63,90.45
4317-VTEOA,0.476413,1,1,test,Month-to-month,Electronic check,DSL,1,50.75
9677-AVKED,0.118127,0,0,train,One year,Electronic check,DSL,53,84.6
1670-SVOWZ,0.365144,1,1,train,Month-to-month,Credit card (automatic),Fiber optic,14,89.65
2227-JRSJX,0.383261,1,0,test,Month-to-month,Bank transfer (automatic),Fiber optic,21,99.15
9847-HNVGP,0.042959,0,0,train,One year,Mailed check,No,17,19.95
6696-YDAYZ,0.013798,0,0,train,Two year,Mailed check,No,16,20.5
8980-WQFWL,0.248268,1,0,train,Month-to-month,Electronic check,DSL,35,62.1
1730-ZMAME,0.548656,1,0,train,Month-to-month,Electronic check,Fiber optic,32,79.5
6506-EYCNH,0.070274,0,0,train,Month-to-month,Bank transfer (automatic),No,28,19.55
4634-JLRJT,0.256101,1,0,train,Month-to-month,Mailed check,No,1,20.35
9501-UKKNL,0.304286,1,0,train,Month-to-month,Electronic check,DSL,59,51.7
2560-QTSBS,0.018459,0,0,train,One year,Bank transfer (automatic),No,72,23.3
7541-YLXCL,0.058683,0,1,train,One year,Mailed check,DSL,36,65.4
4795-WRNVT,0.074024,0,0,train,Month-to-month,Mailed check,DSL,40,65.1
6080-TCMYC,0.3703,1,0,test,Month-to-month,Electronic check,Fiber optic,40,81.2
0260-ZDLGK,0.385384,1,1,train,Month-to-month,Mailed check,DSL,9,72.9
7860-UXCRM,0.007994,0,0,train,Two year,Credit card (automatic),DSL,63,74.5
6357-JJPQT,0.779899,1,0,train,Month-to-month,Electronic check,Fiber optic,3,80.5
2292-XQWSV,0.077818,0,0,train,One year,Mailed check,DSL,40,60.3
9552-TGUZV,0.557541,1,0,train,Month-to-month,Mailed check,Fiber optic,8,75.0
5913-INRQV,0.136107,0,0,train,One year,Mailed check,Fiber optic,34,90.15
8722-NGNBH,0.26733,1,1,train,Month-to-month,Mailed check,DSL,5,40.0
6210-KBBPI,0.755376,1,1,train,Month-to-month,Credit card (automatic),Fiber optic,9,99.45
9643-YBLUR,0.459129,1,0,train,Month-to-month,Credit card (automatic),DSL,9,69.05
8734-FNWVH,0.142957,0,0,train,Month-to-month,Bank transfer (automatic),DSL,31,59.7
9447-YPTBX,0.032221,0,0,train,One year,Bank transfer (automatic),No,50,19.85
0133-BMFZO,0.500865,1,1,train,Month-to-month,Electronic check,Fiber optic,2,86.25
6128-CZOMY,0.52484,1,1,train,Month-to-month,Electronic check,DSL,1,45.65
9540-JYROE,0.600743,1,1,train,Month-to-month,Mailed check,Fiber optic,8,70.1
9026-LHEVG,0.505479,1,0,train,Month-to-month,Electronic check,DSL,9,40.75
2260-USTRB,0.633596,1,1,train,Month-to-month,Bank transfer (automatic),Fiber optic,2,70.2
3656-TKRVZ,0.299618,1,1,train,Month-to-month,Electronic check,DSL,3,55.35
7011-CVEUC,0.43623,1,0,train,Month-to-month,Credit card (automatic),Fiber optic,25,95.7
6185-TASNN,0.428235,1,0,train,Month-to-month,Electronic check,DSL,1,46.3
7925-PNRGI,0.057214,0,0,train,Month-to-month,Mailed check,DSL,45,81.3
8623-TMRBY,0.395884,1,1,train,Month-to-month,Electronic check,Fiber optic,51,84.2
1552-CZCLL,0.037961,0,0,train,Month-to-month,Credit card (automatic),No,55,20.0
3038-PQIUY,0.107025,0,0,train,Month-to-month,Bank transfer (automatic),DSL,38,66.15
1501-SGHBW,0.368722,1,1,train,Month-to-month,Mailed check,DSL,2,45.85
9313-CDOGY,0.051196,0,0,test,Month-to-month,Electronic check,No,38,19.6
8148-BPLZQ,0.178897,0,0,train,Month-to-month,Electronic check,DSL,34,49.8
2623-DRYAM,0.263484,1,0,train,One year,Electronic check,Fiber optic,70,101.75
9987-LUTYD,0.054533,0,0,train,One year,Mailed check,DSL,13,55.15
3208-YPIOE,0.293368,1,1,train,Month-to-month,Electronic check,Fiber optic,39,75.25
4488-KQFDT,0.30233,1,0,train,One year,Electronic check,Fiber optic,61,103.95
2612-RANWT,0.758,1,1,train,Month-to-month,Bank transfer (automatic),Fiber optic,12,100.15
5693-PIPCS,0.095048,0,0,train,Two year,Credit card (automatic),Fiber optic,41,99.65
0491-KAPQG,0.555652,1,0,train,Month-to-month,Electronic check,Fiber optic,21,73.7
1925-LFCZZ,0.188598,0,0,train,One year,Bank transfer (automatic),DSL,55,50.05
8039-EQPIM,0.018702,0,0,train,Two year,Bank transfer (automatic),DSL,69,60.25
6900-PXRMS,0.5385,1,1,train,Month-to-month,Electronic check,Fiber optic,26,105.75
8707-RMEZH,0.066099,0,0,train,One year,Credit card (automatic),Fiber optic,69,87.3
3346-BRMIS,0.552401,1,1,train,Month-to-month,Electronic check,DSL,18,48.35
3209-ZPKFI,0.096893,0,0,train,Month-to-month,Electronic check,DSL,47,54.25
6479-VDGRK,0.008233,0,0,train,Two year,Bank transfer (automatic),DSL,72,85.3
9373-WSLOY,0.287575,1,0,train,Month-to-month,Electronic check,DSL,33,50.0
2933-FILNV,0.515278,1,1,train,Month-to-month,Mailed check,DSL,2,24.4
3569-JFODW,0.010657,0,0,train,Two year,Credit card (automatic),DSL,72,90.95
9819-FBNSV,0.304953,1,0,test,Month-to-month,Bank transfer (automatic),Fiber optic,37,72.25
9544-PYPSJ,0.291843,1,0,test,Month-to-month,Credit card (automatic),Fiber optic,62,96.1
1591-XWLGB,0.005439,0,0,train,Two year,Credit card (automatic),No,71,19.85
0396-UKGAI,0.099756,0,0,train,Month-to-month,Bank transfer (automatic),DSL,23,55.3
3243-ZHOHY,0.037156,0,0,train,One year,Mailed check,No,16,20.1
5186-EJEGL,0.282527,1,0,test,Month-to-month,Mailed check,DSL,9,69.5
7527-QNRUS,0.034076,0,0,train,Two year,Mailed check,No,17,25.15
9986-BONCE,0.156436,0,1,test,Month-to-month,Bank transfer (automatic),No,4,20.95
2722-JMONI,0.432992,1,1,train,Month-to-month,Electronic check,DSL,1,49.55
2203-GHNWN,0.446251,1,0,test,Month-to-month,Mailed check,Fiber optic,24,79.65
3878-AVSOQ,0.750847,1,0,train,Month-to-month,Electronic check,Fiber optic,1,71.25
3258-SYSWS,0.032393,0,0,train,Two year,Bank transfer (automatic),Fiber optic,72,113.8
5296-PSYVW,0.009332,0,0,train,Two year,Electronic check,No,72,24.55
6319-QSUSR,0.097964,0,0,train,Month-to-month,Credit card (automatic),No,11,19.7
4083-EUGRJ,0.154687,0,1,train,Month-to-month,Mailed check,No,9,20.25
7579-OOPEC,0.326293,1,1,test,Month-to-month,Credit card (automatic),DSL,2,50.15
0512-FLFDW,0.304181,1,0,train,One year,Credit card (automatic),Fiber optic,60,100.5
1771-OADNZ,0.585527,1,1,train,Month-to-month,Electronic check,Fiber optic,29,95.9
0487-CRLZF,0.046607,0,0,train,Two year,Bank transfer (automatic),DSL,49,74.45
2107-FBPTK,0.657187,1,0,train,Month-to-month,Electronic check,Fiber optic,30,104.1
9451-WLYRI,0.023475,0,0,train,One year,Credit card (automatic),No,53,19.05
8219-VYBVI,0.01169,0,0,test,Two year,Mailed check,No,39,25.0
1991-VOPLL,0.153252,0,0,train,Month-to-month,Mailed check,No,9,19.05
9738-QLWTP,0.113804,0,0,train,One year,Electronic check,Fiber optic,39,81.9
1016-DJTSV,0.703376,1,0,test,Month-to-month,Electronic check,Fiber optic,8,69.7
9419-IPPBE,0.343,1,0,train,One year,Electronic check,Fiber optic,51,90.15
0174-QRVVY,0.005685,0,0,test,Two year,Credit card (automatic),No,71,25.35
5699-BNCAS,0.014325,0,0,train,Two year,Mailed check,No,71,24.65
2900-PHPLN,0.011358,0,0,train,Two year,Credit card (automatic),No,70,19.55
0612-RTZZA,0.57921,1,1,train,Month-to-month,Electronic check,DSL,1,25.25
8106-GWQOK,0.038597,0,0,train,Two year,Bank transfer (automatic),DSL,38,60.0
8751-EDEKA,0.291835,1,0,train,Month-to-month,Credit card (automatic),Fiber optic,28,89.9
6878-GGDWG,0.050027,0,0,train,Month-to-month,Bank transfer (automatic),No,32,19.4
4039-PIMHX,0.030444,0,0,test,Two year,Mailed check,DSL,49,49.8
8450-LUGUK,0.013871,0,0,train,Two year,Bank transfer (automatic),No,37,24.1
3604-WLABM,0.270967,1,0,test,Month-to-month,Electronic check,DSL,10,54.25
0795-GMVQO,0.103667,0,0,train,One year,Credit card (automatic),Fiber optic,67,109.9
2259-OUUSZ,0.258125,1,0,train,One year,Credit card (automatic),DSL,7,35.5
1142-IHLOO,0.225758,0,0,train,One year,Credit card (automatic),Fiber optic,51,87.55
6410-LEFEN,0.344688,1,1,train,Month-to-month,Electronic check,DSL,9,45.15
4633-MKHYU,0.725484,1,0,train,Month-to-month,Mailed check,Fiber optic,9,88.4
6257-RJOHI,0.333765,1,0,test,Month-to-month,Mailed check,DSL,4,50.8
1545-JFUML,0.068421,0,0,test,Two year,Electronic check,Fiber optic,71,99.0
3194-ORPIK,0.388856,1,1,train,Month-to-month,Bank transfer (automatic),Fiber optic,50,84.4
7826-VVKWT,0.209765,0,0,train,Two year,Electronic check,Fiber optic,24,96.55
1353-GHZOS,0.093473,0,0,train,One year,Bank transfer (automatic),DSL,22,59.75
2587-EKXTS,0.386106,1,0,test,Month-to-month,Electronic check,Fiber optic,44,111.5
5442-BXVND,0.059537,0,0,test,Month-to-month,Bank transfer (automatic),No,33,24.25
8816-VXNZD,0.791402,1,1,train,Month-to-month,Electronic check,Fiber optic,1,75.1
9378-FXTIZ,0.152518,0,1,test,One year,Credit card (automatic),DSL,54,70.15
1723-HKXJQ,0.498532,1,1,train,Month-to-month,Electronic check,Fiber optic,42,101.75
7825-GKXMW,0.414441,1,1,train,Month-to-month,Electronic check,DSL,1,45.8
9753-OYLBX,0.18073,0,0,train,Month-to-month,Mailed check,No,1,20.5
2364-UFROM,0.057241,0,0,train,One year,Electronic check,DSL,30,70.4
6656-JWRQX,0.389298,1,0,train,Month-to-month,Mailed check,DSL,1,30.55
6473-ULUHT,0.20142,0,0,test,Month-to-month,Electronic check,DSL,16,84.9
1240-KNSEZ,0.257724,1,1,test,Month-to-month,Mailed check,No,1,20.1
0836-SEYLU,0.389534,1,1,train,Month-to-month,Mailed check,DSL,9,40.65
4433-JCGCG,0.529128,1,1,train,Month-to-month,Electronic check,Fiber optic,46,101.0
3716-BDVDB,0.732708,1,1,test,Month-to-month,Electronic check,Fiber optic,1,69.1
7688-AWMDX,0.006783,0,0,train,Two year,Bank transfer (automatic),DSL,71,54.5
2842-BCQGE,0.294189,1,0,train,Month-to-month,Credit card (automatic),Fiber optic,43,75.35
7244-QWYHG,0.062436,0,0,train,One year,Bank transfer (automatic),DSL,50,44.45
5899-MQZZL,0.539706,1,1,train,Month-to-month,Mailed check,Fiber optic,13,75.0
6849-OYAMU,0.153317,0,1,train,One year,Bank transfer (automatic),Fiber optic,19,100.0
5312-UXESG,0.410772,1,0,train,Month-to-month,Bank transfer (automatic),Fiber optic,41,98.05
9488-HGMJH,0.729999,1,1,train,Month-to-month,Electronic check,Fiber optic,1,71.15
6038-GCYEC,0.323964,1,1,train,Month-to-month,Credit card (automatic),DSL,24,54.15
2150-WLKUW,0.075924,0,0,train,One year,Bank transfer (automatic),DSL,40,63.9
7159-FVYPK,0.548985,1,0,train,Month-to-month,Bank transfer (automatic),DSL,3,69.15
7032-LMBHI,0.061186,0,0,test,One year,Bank transfer (automatic),DSL,37,64.65
1150-WFARN,0.049538,0,1,test,Two year,Credit card (automatic),Fiber optic,67,108.75
6088-BXMRG,0.581823,1,0,train,Month-to-month,Electronic check,Fiber optic,32,98.85
3144-AUDBS,0.38768,1,1,train,Month-to-month,Electronic check,DSL,6,49.15
4821-SJHJV,0.321875,1,0,train,Month-to-month,Electronic check,Fiber optic,32,89.6
7346-MEDWM,0.340954,1,0,train,Month-to-month,Electronic check,Fiber optic,59,83.25
1137-DGOWI,0.047337,0,0,train,One year,Bank transfer (automatic),DSL,30,70.25
5616-PRTNT,0.116962,0,1,train,Month-to-month,Electronic check,No,20,19.4
3812-LRZIR,0.025394,0,0,test,Two year,Electronic check,No,27,24.5
4818-QIUFN,0.491014,1,1,test,Month-to-month,Electronic check,Fiber optic,20,79.15
9483-GCPWE,0.062142,0,0,test,One year,Mailed check,No,9,20.1
4227-OJHAL,0.03753,0,0,test,One year,Credit card (automatic),DSL,68,73.0
9220-CXRSC,0.00735,0,0,train,Two year,Credit card (automatic),DSL,69,61.4
4993-JCRGJ,0.414132,1,0,test,Month-to-month,Mailed check,Fiber optic,26,84.3
9537-JALFH,0.004428,0,0,test,Two year,Bank transfer (automatic),No,69,19.9
6698-OXETB,0.034018,0,0,test,Two year,Mailed check,No,11,20.4
2103-ZRXFN,0.412823,1,0,train,Month-to-month,Mailed check,DSL,1,50.75
3724-BSCVH,0.057398,0,0,train,One year,Mailed check,No,10,20.45
4877-TSOFF,0.042798,0,0,test,One year,Bank transfer (automatic),DSL,55,75.75
9209-NWPGU,0.034906,0,0,test,One year,Electronic check,DSL,44,65.4
6961-VCPMC,0.382435,1,1,train,Month-to-month,Electronic check,Fiber optic,46,80.4
7306-YDSOI,0.008782,0,0,train,Two year,Bank transfer (automatic),DSL,69,59.75
5288-AHOUP,0.752565,1,0,train,Month-to-month,Electronic check,Fiber optic,11,78.5
6688-UZPWD,0.811181,1,1,train,Month-to-month,Electronic check,Fiber optic,11,102.0
0655-YDGFJ,0.122008,0,0,train,Month-to-month,Bank transfer (automatic),DSL,29,48.95
8468-EHYJA,0.479794,1,0,train,Month-to-month,Electronic check,Fiber optic,57,99.65
6823-SIDFQ,0.031483,0,0,test,One year,Credit card (automatic),No,28,18.25
1097-FSPVW,0.054713,0,0,test,Month-to-month,Credit card (automatic),DSL,42,54.55
2839-RFSQE,0.182678,0,1,test,Month-to-month,Mailed check,No,2,20.65
8328-SKJNO,0.035659,0,0,train,One year,Bank transfer (automatic),DSL,23,40.65
7010-ZMVBF,0.062537,0,0,test,Month-to-month,Mailed check,No,18,20.45
5201-CBWYG,0.019742,0,0,train,One year,Bank transfer (automatic),No,62,24.8
0968-GSIKN,0.628987,1,1,train,Month-to-month,Mailed check,Fiber optic,1,70.8
1965-DDBWU,0.492204,1,1,test,Month-to-month,Credit card (automatic),Fiber optic,16,89.05
9057-SIHCH,0.857527,1,1,test,Month-to-month,Electronic check,Fiber optic,3,96.6
6352-GIGGQ,0.045065,0,0,train,One year,Bank transfer (automatic),DSL,67,88.8
3635-QQRQD,0.01055,0,0,train,Two year,Credit card (automatic),No,62,20.05
6771-XWBDM,0.410063,1,1,train,Month-to-month,Credit card (automatic),Fiber optic,57,104.5
2897-DOVND,0.72066,1,0,train,Month-to-month,Electronic check,Fiber optic,2,69.8
3082-YVEKW,0.031177,0,0,train,Two year,Bank transfer (automatic),DSL,23,77.15
0191-EQUUH,0.018848,0,0,train,Two year,Bank transfer (automatic),DSL,25,35.05
7134-HBPBS,0.076238,0,0,train,Two year,Bank transfer (automatic),Fiber optic,72,108.1
3489-HHPFY,0.806602,1,0,train,Month-to-month,Electronic check,Fiber optic,2,84.05
2926-JEJJC,0.104518,0,0,test,One year,Bank transfer (automatic),No,8,20.2
8601-QACRS,0.483153,1,1,test,Month-to-month,Mailed check,DSL,5,50.6
4950-BDEUX,0.369939,1,0,train,Month-to-month,Electronic check,DSL,35,49.2
5789-LDFXO,0.067288,0,0,train,One year,Electronic check,No,24,24.6
0508-OOLTO,0.693162,1,0,train,Month-to-month,Electronic check,Fiber optic,2,71.65
2984-TBYKU,0.024876,0,0,train,Two year,Credit card (automatic),Fiber optic,72,104.9
9822-WMWVG,0.273198,1,0,test,Month-to-month,Electronic check,Fiber optic,41,106.5
2391-SOORI,0.264325,1,1,test,Month-to-month,Electronic check,DSL,4,49.35
9040-KZVWO,0.146405,0,0,test,One year,Bank transfer (automatic),Fiber optic,26,75.5
2645-QTLMB,0.775617,1,1,train,Month-to-month,Electronic check,Fiber optic,7,94.25
4806-HIPDW,0.746675,1,1,train,Month-to-month,Electronic check,Fiber optic,1,68.95
1548-ARAGG,0.353442,1,0,train,Month-to-month,Mailed check,DSL,4,58.5
6339-RZCBJ,0.016438,0,0,train,Two year,Credit card (automatic),DSL,48,78.9
4424-TKOPW,0.872836,1,1,train,Month-to-month,Electronic check,Fiber optic,2,93.85
4415-WNGVR,0.248796,1,0,train,One year,Electronic check,DSL,12,79.2
2522-AHJXR,0.279561,1,0,test,Month-to-month,Bank transfer (automatic),Fiber optic,60,109.45
0412-UCCNP,0.017969,0,0,train,Two year,Electronic check,DSL,55,59.2
1816-FLZDK,0.393173,1,0,test,Month-to-month,Mailed check,DSL,1,29.15
7096-UCLNH,0.198443,0,0,train,Month-to-month,Mailed check,No,1,20.05
8443-ZRDBZ,0.769801,1,1,test,Month-to-month,Electronic check,Fiber optic,4,76.05
9136-ALYBR,0.574853,1,1,train,Month-to-month,Mailed check,DSL,1,24.45
4615-PIVVU,0.018481,0,0,train,Two year,Credit card (automatic),DSL,42,66.5
8885-QSQBX,0.257269,1,0,train,Month-to-month,Bank transfer (automatic),DSL,1,49.55
7479-NITWS,0.742041,1,1,train,Month-to-month,Credit card (automatic),Fiber optic,7,89.35
8617-ENBDS,0.651048,1,0,train,Month-to-month,Credit card (automatic),Fiber optic,3,73.6
9385-NXKDA,0.025024,0,0,test,Two year,Credit card (automatic),DSL,72,82.65
0430-IHCDJ,0.377369,1,0,test,Month-to-month,Electronic check,DSL,15,49.0
2959-MJHIC,0.764936,1,1,test,Month-to-month,Electronic check,Fiber optic,4,80.35
6674-KVJHG,0.14032,0,0,train,One year,Electronic check,No,11,25.2
1814-DKOLC,0.208879,0,0,train,Month-to-month,Mailed check,No,5,25.45
4201-JMNGR,0.433045,1,1,train,Month-to-month,Electronic check,DSL,1,55.8
9351-HXDMR,0.049419,0,0,test,Two year,Credit card (automatic),Fiber optic,72,110.9
3537-HPKQT,0.292282,1,0,train,Month-to-month,Credit card (automatic),Fiber optic,55,77.75
2129-ALKBS,0.088642,0,0,test,Month-to-month,Electronic check,No,40,26.2
5821-MMEIL,0.009797,0,0,train,Two year,Bank transfer (automatic),No,57,19.9
5960-WPXQM,0.76571,1,1,train,Month-to-month,Electronic check,Fiber optic,1,79.05
0684-AOSIH,0.730937,1,1,train,Month-to-month,Electronic check,Fiber optic,1,95.0
8260-NGFNY,0.463302,1,1,train,Month-to-month,Mailed check,DSL,1,25.2
1309-XGFSN,0.197887,0,0,train,One year,Electronic check,DSL,52,80.85
1866-RZZQS,0.628458,1,1,train,Month-to-month,Electronic check,Fiber optic,41,98.4
6968-URWQU,0.077611,0,0,test,One year,Mailed check,DSL,43,56.35
4742-TXUEX,0.005662,0,0,test,Two year,Bank transfer (automatic),No,47,19.3
9631-XEYKE,0.444041,1,0,train,Month-to-month,Bank transfer (automatic),DSL,3,50.4
8631-NBHFZ,0.010758,0,1,train,Two year,Credit card (automatic),DSL,66,79.4
1335-MXCSE,0.01925,0,0,train,Two year,Credit card (automatic),DSL,55,55.25
8873-TMKGR,0.033058,0,0,test,One year,Mailed check,No,29,19.1
8800-JOOCF,0.719557,1,0,train,Month-to-month,Electronic check,Fiber optic,12,84.05
1469-LBJQJ,0.432296,1,0,train,Month-to-month,Electronic check,Fiber optic,66,105.2
4958-XCBDQ,0.620804,1,1,train,Month-to-month,Electronic check,Fiber optic,35,101.4
8337-UPOAQ,0.813804,1,1,train,Month-to-month,Electronic check,Fiber optic,10,89.8
0064-YIJGF,0.404186,1,0,train,Month-to-month,Bank transfer (automatic),Fiber optic,27,75.75
2386-OWURY,0.365273,1,0,test,Month-to-month,Electronic check,Fiber optic,58,95.3
1725-IQNIY,0.036961,0,1,train,Two year,Bank transfer (automatic),Fiber optic,54,109.75
0310-VQXAM,0.151313,0,0,train,Month-to-month,Mailed check,No,9,19.85
6598-RFFVI,0.097837,0,1,test,One year,Credit card (automatic),No,2,19.3
3453-RTHJQ,0.676929,1,0,train,Month-to-month,Electronic check,Fiber optic,6,69.1
6712-OAWRH,0.63492,1,1,test,Month-to-month,Electronic check,Fiber optic,26,91.25
6278-FEPBZ,0.147461,0,0,train,Month-to-month,Mailed check,No,9,20.25
4280-DLSHD,0.389894,1,0,train,Month-to-month,Mailed check,DSL,8,54.75
1508-DFXCU,0.706727,1,0,train,Month-to-month,Electronic check,Fiber optic,12,81.45
8614-VGMMV,0.319191,1,1,train,Month-to-month,Electronic check,DSL,15,49.1
7868-BGSZA,0.135978,0,0,train,One year,Electronic check,DSL,43,80.2
2800-QQUSO,0.456159,1,0,test,Month-to-month,Electronic check,Fiber optic,42,100.3
2930-UOTMB,0.085098,0,1,test,Month-to-month,Credit card (automatic),DSL,31,65.25
7973-DZRKH,0.028704,0,0,train,Two year,Credit card (automatic),Fiber optic,66,90.95
5914-DVBWJ,0.507714,1,1,train,Month-to-month,Electronic check,Fiber optic,18,85.45
7698-YFGEZ,0.199573,0,0,train,Month-to-month,Mailed check,No,1,20.0
2533-QVMSK,0.102638,0,1,test,Two year,Electronic check,Fiber optic,61,94.1
9773-PEQBZ,0.596887,1,0,train,Month-to-month,Electronic check,Fiber optic,10,79.85
8644-XLFBW,0.759253,1,1,train,Month-to-month,Electronic check,Fiber optic,1,71.65
0650-BWOZN,0.478261,1,0,train,Month-to-month,Electronic check,Fiber optic,18,73.55
8625-AZYZY,0.664219,1,1,train,Month-to-month,Electronic check,Fiber optic,24,104.65
7785-RDVIG,0.148294,0,0,train,Month-to-month,Mailed check,No,3,19.3
9602-WCXPI,0.029129,0,0,train,One year,Credit card (automatic),No,50,20.15
2903-YYTBW,0.367056,1,0,train,Month-to-month,Electronic check,DSL,1,44.55
3620-MWJNE,0.268156,1,0,train,Month-to-month,Mailed check,DSL,2,54.45
8573-JGCZW,0.05257,0,0,test,One year,Bank transfer (automatic),No,17,19.65
6837-HAEVO,0.108364,0,0,train,Two year,Electronic check,Fiber optic,69,105.0
6701-YVNQG,0.018203,0,0,test,Two year,Credit card (automatic),DSL,72,88.7
9306-CPCBC,0.784278,1,1,train,Month-to-month,Electronic check,Fiber optic,3,74.25
4304-XUMGI,0.039511,0,0,train,Two year,Bank transfer (automatic),DSL,50,75.15
9504-YAZWB,0.009775,0,0,train,Two year,Mailed check,No,53,20.25
8819-ZBYNA,0.073468,0,0,test,Two year,Credit card (automatic),Fiber optic,58,109.1
6174-NRBTZ,0.046752,0,0,train,One year,Bank transfer (automatic),DSL,46,30.75
9481-IEBZY,0.221336,0,0,train,Month-to-month,Credit card (automatic),Fiber optic,72,112.9
1833-VGRUM,0.821721,1,1,train,Month-to-month,Electronic check,Fiber optic,1,74.2
6137-NICCO,0.69523,1,0,test,Month-to-month,Mailed check,Fiber optic,6,94.05
9065-ZCPQX,0.010351,0,0,train,Two year,Bank transfer (automatic),DSL,72,78.85
6402-EJMWF,0.482573,1,0,test,Month-to-month,Mailed check,DSL,4,55.3
3620-EHIMZ,0.010008,0,0,train,Two year,Mailed check,No,52,19.35
3213-VVOLG,0.062687,0,0,train,Two year,Mailed check,No,0,25.35
6870-ECSHE,0.096056,0,0,train,One year,Mailed check,No,2,20.45
8747-UDCOI,0.005617,0,0,train,Two year,Bank transfer (automatic),No,65,19.35
8374-XGEJJ,0.532769,1,1,train,Month-to-month,Electronic check,Fiber optic,43,101.0
2656-TABEH,0.826345,1,1,train,Month-to-month,Electronic check,Fiber optic,4,100.2
6946-LMSQS,0.41524,1,1,test,One year,Electronic check,Fiber optic,25,89.05
4626-OZDTJ,0.122993,0,0,train,One year,Credit card (automatic),DSL,51,78.65
9169-BSVIN,0.51534,1,0,train,Month-to-month,Bank transfer (automatic),DSL,12,74.75
2325-ZUSFD,0.058315,0,1,test,One year,Bank transfer (automatic),DSL,57,70.1
8194-PEEBY,0.025169,0,0,train,One year,Mailed check,No,24,19.9
6872-HXFNF,0.034306,0,0,test,One year,Bank transfer (automatic),DSL,64,58.35
3932-CMDTD,0.564683,1,1,test,One year,Electronic check,Fiber optic,4,105.65
7714-YXSMB,0.601117,1,0,train,Month-to-month,Bank transfer (automatic),Fiber optic,26,100.5
8387-UGUSU,0.070279,0,0,train,Month-to-month,Mailed check,No,15,20.05
1080-BWSYE,0.012723,0,0,train,Two year,Credit card (automatic),No,64,25.65
4039-HEUNW,0.611987,1,1,train,Month-to-month,Electronic check,Fiber optic,36,96.5
1194-HVAIF,0.508699,1,0,train,Month-to-month,Credit card (automatic),Fiber optic,27,95.0
0812-WUPTB,0.630607,1,1,train,Month-to-month,Mailed check,Fiber optic,1,70.85
3594-UVONA,0.090252,0,1,test,One year,Credit card (automatic),DSL,35,85.95
0004-TLHLJ,0.712357,1,1,test,Month-to-month,Electronic check,Fiber optic,4,73.9
1767-TGTKO,0.379756,1,0,train,Month-to-month,Electronic check,DSL,8,45.45
8439-LTUGF,0.160736,0,0,train,Month-to-month,Credit card (automatic),No,10,20.0
8805-JNRAZ,0.310419,1,0,test,Month-to-month,Mailed check,DSL,2,49.2
5089-IFSDP,0.092596,0,1,train,Two year,Bank transfer (automatic),Fiber optic,58,109.45
6418-HNFED,0.029934,0,0,test,Two year,Credit card (automatic),DSL,51,83.25
0206-OYVOC,0.010091,0,0,train,Two year,Mailed check,No,46,19.25
7291-CDTMJ,0.268341,1,0,train,Month-to-month,Bank transfer (automatic),No,1,19.65
7128-GGCNO,0.215475,0,0,train,Month-to-month,Bank transfer (automatic),Fiber optic,46,72.8
0237-YFUTL,0.26402,1,0,train,Month-to-month,Bank transfer (automatic),Fiber optic,50,109.65
7691-KGKGP,0.073875,0,0,train,Month-to-month,Credit card (automatic),DSL,53,65.0
6710-HSJRD,0.385192,1,0,test,Month-to-month,Electronic check,Fiber optic,61,114.1
3675-EQOZA,0.157555,0,0,test,Month-to-month,Bank transfer (automatic),No,5,20.65
0840-DCNZE,0.032438,0,0,train,One year,Bank transfer (automatic),DSL,47,86.95
1732-FEKLD,0.245621,1,0,train,One year,Bank transfer (automatic),Fiber optic,54,94.75
9862-KJTYK,0.22565,0,0,train,Month-to-month,Credit card (automatic),DSL,19,25.35
0479-HMSWA,0.157908,0,0,train,Two year,Electronic check,Fiber optic,26,105.45
5854-KSRBJ,0.006889,0,0,train,Two year,Mailed check,No,70,25.4
0365-BZUWY,0.682515,1,0,train,Month-to-month,Electronic check,Fiber optic,17,102.55
4817-VYYWS,0.616527,1,1,test,Month-to-month,Electronic check,Fiber optic,30,100.2
5701-SVCWR,0.237087,0,0,train,Month-to-month,Mailed check,No,1,24.0
3129-AAQOU,0.022677,0,0,train,Two year,Mailed check,No,19,25.6
4922-CVPDX,0.075835,0,0,train,Two year,Credit card (automatic),DSL,26,73.5
1396-QWFBJ,0.290341,1,1,train,Month-to-month,Bank transfer (automatic),Fiber optic,21,74.05
1357-BIJKI,0.419793,1,0,test,One year,Electronic check,Fiber optic,50,98.25
1099-BTKWT,0.111917,0,0,train,One year,Electronic check,DSL,68,54.4
5299-SJCZT,0.816607,1,1,train,Month-to-month,Bank transfer (automatic),Fiber optic,3,101.55
2018-PZKMU,0.624638,1,0,train,Month-to-month,Electronic check,Fiber optic,9,103.1
7340-KEFQE,0.01901,0,0,train,Two year,Bank transfer (automatic),DSL,51,34.2
4570-QHXHL,0.435478,1,0,test,Month-to-month,Electronic check,DSL,9,43.75
2403-BCASL,0.291207,1,1,train,One year,Electronic check,Fiber optic,41,111.95
7392-YYPYJ,0.648393,1,0,train,Month-to-month,Electronic check,Fiber optic,22,100.65
2898-LSJGD,0.198991,0,1,train,One year,Electronic check,DSL,21,55.95
2223-GDSHL,0.033594,0,0,train,Two year,Bank transfer (automatic),Fiber optic,71,116.05
7359-PTSXY,0.410126,1,1,train,Month-to-month,Electronic check,DSL,1,45.75
9470-RTWDV,0.145136,0,0,train,One year,Credit card (automatic),DSL,26,82.0
2176-OSJUV,0.006227,0,0,train,Two year,Bank transfer (automatic),DSL,71,65.15
9348-YVOMK,0.416053,1,0,train,Month-to-month,Credit card (automatic),DSL,4,44.8
8104-OSKWT,0.641328,1,0,train,Month-to-month,Electronic check,Fiber optic,12,79.8
4521-YEEHE,0.586455,1,0,train,Month-to-month,Electronic check,Fiber optic,18,88.85
4090-KPJIP,0.775804,1,0,test,Month-to-month,Electronic check,Fiber optic,3,74.95
3786-WOVKF,0.135234,0,0,train,One year,Bank transfer (automatic),Fiber optic,72,106.85
4503-BDXBD,0.527673,1,1,train,Month-to-month,Electronic check,Fiber optic,11,74.95
6086-ESGRL,0.603366,1,1,train,Month-to-month,Credit card (automatic),Fiber optic,1,80.15
2592-HODOV,0.0434,0,0,train,One year,Credit card (automatic),No,13,19.3
3886-CERTZ,0.157138,0,1,train,One year,Electronic check,Fiber optic,72,109.25
7995-ZHHNZ,0.037018,0,0,train,One year,Credit card (automatic),DSL,42,56.1
3824-RHKVR,0.066585,0,0,train,Month-to-month,Credit card (automatic),No,17,19.7
5816-SCGFC,0.373237,1,0,train,Month-to-month,Mailed check,DSL,7,51.3
5989-AXPUC,0.033293,0,0,train,Two year,Mailed check,Fiber optic,68,118.6
4979-HPRFL,0.01153,0,0,train,Two year,Bank transfer (automatic),No,56,24.15
8590-OHDIW,0.018437,0,0,test,One year,Mailed check,No,38,20.3
8015-IHCGW,0.049928,0,0,test,Two year,Electronic check,Fiber optic,72,115.5
2332-TODQS,0.019206,0,0,test,One year,Credit card (automatic),No,48,25.05
9278-VZKCD,0.518777,1,0,test,Month-to-month,Electronic check,Fiber optic,52,109.1
8008-OTEZX,0.021121,0,0,train,One year,Mailed check,No,35,19.65
2773-OVBPK,0.070794,0,0,train,Two year,Bank transfer (automatic),Fiber optic,67,111.3
5999-LCXAO,0.370019,1,0,train,Month-to-month,Mailed check,DSL,1,29.9
5206-XZZQI,0.225239,0,0,train,Month-to-month,Mailed check,Fiber optic,53,80.6
4803-LBYPN,0.045499,0,0,train,Month-to-month,Mailed check,No,34,20.8
5759-RCVCB,0.489937,1,1,test,Month-to-month,Credit card (automatic),DSL,3,35.2
6372-RFVNS,0.719496,1,1,test,Month-to-month,Electronic check,Fiber optic,1,78.8
2139-FQHLM,0.309406,1,0,test,Month-to-month,Mailed check,Fiber optic,19,89.95
8261-GWDBQ,0.076086,0,0,train,Two year,Bank transfer (automatic),Fiber optic,60,116.05
1093-YSWCA,0.031178,0,0,train,Two year,Credit card (automatic),No,11,19.55
8938-UMKPI,0.445547,1,1,test,Month-to-month,Electronic check,Fiber optic,47,106.4
0991-BRRFB,0.127793,0,1,train,Month-to-month,Electronic check,DSL,18,49.4
3882-IYOIJ,0.036556,0,0,train,Two year,Credit card (automatic),Fiber optic,60,115.25
8749-TZYEC,0.007833,0,0,train,Two year,Credit card (automatic),No,72,24.8
1755-FZQEC,0.018979,0,0,train,One year,Mailed check,No,39,19.9
3115-JPJDD,0.090431,0,0,train,One year,Credit card (automatic),Fiber optic,59,81.25
5600-KTXFM,0.5247,1,0,train,Month-to-month,Mailed check,Fiber optic,2,69.95
3871-IKPYH,0.694806,1,1,train,Month-to-month,Electronic check,Fiber optic,1,69.1
6319-IEJWJ,0.5583,1,1,test,Month-to-month,Electronic check,Fiber optic,20,90.2
9025-AOMKI,0.797764,1,1,train,Month-to-month,Bank transfer (automatic),Fiber optic,6,93.55
6339-TBELP,0.039674,0,0,train,Two year,Credit card (automatic),Fiber optic,71,86.4
7964-YESJC,0.120043,0,0,train,Month-to-month,Mailed check,DSL,24,66.3
6173-GOLSU,0.395962,1,0,test,Month-to-month,Credit card (automatic),Fiber optic,67,94.65
5275-SQEIZ,0.707402,1,1,train,Month-to-month,Mailed check,Fiber optic,1,80.85
7716-YTYHG,0.193214,0,1,train,One year,Mailed check,Fiber optic,48,82.05
9938-ZREHM,0.058912,0,0,train,One year,Mailed check,DSL,37,72.1
7950-XWOVN,0.379216,1,0,train,Month-to-month,Mailed check,DSL,11,34.7
4390-KYULV,0.239453,0,1,train,Month-to-month,Credit card (automatic),No,3,20.55
4647-MUZON,0.533844,1,0,test,Month-to-month,Credit card (automatic),Fiber optic,18,95.95
9702-AIUJO,0.064605,0,0,train,One year,Bank transfer (automatic),DSL,50,44.8
8849-PRIQJ,0.157296,0,0,train,One year,Electronic check,Fiber optic,67,109.4
8851-RAGOV,0.101056,0,0,train,Month-to-month,Mailed check,DSL,25,71.05
1304-NECVQ,0.796543,1,1,train,Month-to-month,Electronic check,Fiber optic,2,78.55
5396-IZEPB,0.143585,0,0,train,Month-to-month,Credit card (automatic),No,9,19.7
1729-VLAZJ,0.090204,0,0,test,One year,Mailed check,DSL,10,40.25
8285-ABVLB,0.006018,0,0,train,Two year,Credit card (automatic),No,70,19.85
0701-TJSEF,0.26985,1,0,test,Month-to-month,Bank transfer (automatic),DSL,9,68.25
5712-VBOXD,0.207021,0,0,train,Month-to-month,Credit card (automatic),No,4,20.15
6629-LADHQ,0.285774,1,0,train,Month-to-month,Mailed check,DSL,2,50.95
8945-GRKHX,0.699519,1,1,train,Month-to-month,Electronic check,Fiber optic,1,78.65
1559-DTODC,0.280436,1,0,test,Month-to-month,Bank transfer (automatic),DSL,19,25.15
4797-MIWUM,0.209821,0,0,train,Month-to-month,Bank transfer (automatic),No,7,20.25
6959-UWKHF,0.543619,1,1,train,Month-to-month,Electronic check,DSL,1,42.9
8720-RQSBJ,0.434055,1,0,train,Month-to-month,Electronic check,DSL,1,44.0
4537-CIBHB,0.064036,0,0,test,One year,Mailed check,No,9,20.25
3815-SLMEF,0.223801,0,1,train,Month-to-month,Mailed check,DSL,3,34.25
5154-VEKBL,0.366698,1,1,train,Month-to-month,Mailed check,DSL,9,58.5
4324-AHJKS,0.217556,0,0,train,Month-to-month,Credit card (automatic),DSL,5,55.8
4355-CVPVS,0.14317,0,0,train,One year,Bank transfer (automatic),Fiber optic,56,88.9
4495-LHSSK,0.117138,0,0,train,Month-to-month,Mailed check,DSL,18,57.65
5655-JSMZM,0.647513,1,1,train,Month-to-month,Electronic check,Fiber optic,49,96.2
5915-ANOEI,0.010939,0,0,train,Two year,Mailed check,DSL,70,79.15
9861-PDSZP,0.059471,0,0,train,Two year,Credit card (automatic),Fiber optic,72,108.05
4505-EXZHB,0.627606,1,1,train,Month-to-month,Electronic check,Fiber optic,6,74.4
7225-CBZPL,0.765071,1,0,train,Month-to-month,Electronic check,Fiber optic,17,94.8
6704-UTUKK,0.473705,1,0,test,Month-to-month,Electronic check,DSL,29,45.9
4587-VVTOX,0.828744,1,1,test,Month-to-month,Electronic check,Fiber optic,6,105.3
2019-HDCZY,0.126525,0,0,test,Two year,Electronic check,Fiber optic,63,102.6
4652-NNHNY,0.501093,1,1,train,Month-to-month,Bank transfer (automatic),Fiber optic,16,73.85
8788-DOXSU,0.072327,0,0,train,One year,Bank transfer (automatic),DSL,59,61.35
7404-JLKQG,0.487348,1,0,test,Month-to-month,Electronic check,DSL,3,57.55
7421-ZLUPA,0.469172,1,0,train,Month-to-month,Mailed check,DSL,8,29.25
8972-HJWNV,0.863216,1,1,train,Month-to-month,Electronic check,Fiber optic,7,84.55
3274-NSDWE,0.004636,0,0,train,Two year,Credit card (automatic),No,68,19.6
2632-IVXVF,0.029276,0,0,train,Two year,Credit card (automatic),Fiber optic,68,111.75
3692-JHONH,0.442831,1,0,train,One year,Electronic check,Fiber optic,52,106.5
8915-NNTRC,0.036619,0,0,test,Two year,Credit card (automatic),Fiber optic,72,107.7
5914-GXMDA,0.028074,0,0,train,One year,Mailed check,No,32,19.3
7463-IFMQU,0.004202,0,0,train,Two year,Bank transfer (automatic),No,72,20.05
2920-RNCEZ,0.595568,1,0,train,Month-to-month,Credit card (automatic),Fiber optic,1,69.95
2541-YGPKE,0.022642,0,0,test,One year,Credit card (automatic),DSL,42,63.7
8515-OCTJS,0.021007,0,1,train,Two year,Credit card (automatic),No,25,24.75
5382-TEMLV,0.073846,0,0,train,Month-to-month,Bank transfer (automatic),DSL,45,50.9
3441-CGZJH,0.055982,0,0,train,One year,Credit card (automatic),DSL,43,60.4
9592-ERDKV,0.097322,0,0,train,One year,Mailed check,DSL,37,79.25
2860-RANUS,0.554657,1,1,test,Month-to-month,Credit card (automatic),Fiber optic,20,85.8
5261-QSHQM,0.606193,1,1,train,Month-to-month,Electronic check,DSL,4,24.45
4778-IZARL,0.049952,0,0,train,Two year,Credit card (automatic),Fiber optic,63,110.1
0432-CAJZV,0.685307,1,0,test,Month-to-month,Mailed check,Fiber optic,3,90.7
7008-LZVOZ,0.011308,0,0,train,Two year,Credit card (automatic),No,66,25.3
8868-WOZGU,0.626515,1,1,train,Month-to-month,Electronic check,Fiber optic,28,105.7
1200-TUZHR,0.72148,1,0,train,Month-to-month,Electronic check,Fiber optic,8,85.2
9365-CSLBQ,0.006218,0,0,test,Two year,Mailed check,No,71,24.35
1334-FJSVR,0.644961,1,1,train,Month-to-month,Electronic check,DSL,1,24.25
5884-FBCTL,0.006586,0,0,train,Two year,Bank transfer (automatic),No,72,25.1
7130-CTCUS,0.164955,0,0,test,Month-to-month,Bank transfer (automatic),DSL,16,54.55
6242-FEGFD,0.024463,0,0,train,Two year,Mailed check,Fiber optic,66,96.6
7625-XCQRH,0.705754,1,1,train,Month-to-month,Electronic check,Fiber optic,11,76.5
6194-HBGQN,0.060663,0,0,test,One year,Credit card (automatic),DSL,51,81.15
7634-WSWDB,0.478196,1,0,train,Month-to-month,Electronic check,DSL,8,38.5
6986-IXNDM,0.663465,1,0,train,Month-to-month,Electronic check,Fiber optic,14,92.9
1731-TVIUK,0.742033,1,1,test,Month-to-month,Electronic check,Fiber optic,4,93.5
2987-BJXIK,0.018974,0,0,test,Two year,Mailed check,DSL,70,84.7
9769-TSBZE,0.008026,0,0,train,Two year,Electronic check,DSL,70,66.0
0406-BPDVR,0.314656,1,1,train,One year,Credit card (automatic),Fiber optic,54,101.5
0618-XWMSS,0.217072,0,1,train,Month-to-month,Bank transfer (automatic),Fiber optic,28,74.9
1395-WSWXR,0.016589,0,0,train,Two year,Mailed check,No,24,20.75
6023-GSSXW,0.018976,0,0,train,Two year,Credit card (automatic),DSL,69,61.45
6752-APNJL,0.049227,0,0,train,Month-to-month,Mailed check,DSL,42,54.5
5276-KQWHG,0.752463,1,1,train,Month-to-month,Electronic check,Fiber optic,2,69.6
0420-HLGXF,0.586205,1,0,train,Month-to-month,Electronic check,Fiber optic,39,99.75
7446-KQISO,0.065491,0,0,train,Two year,Bank transfer (automatic),Fiber optic,45,109.75
9823-EALYC,0.008275,0,0,train,Two year,Bank transfer (automatic),DSL,72,80.85
0582-AVCLN,0.011515,0,0,train,Two year,Mailed check,No,38,20.3
5803-NQJZO,0.01056,0,0,test,Two year,Bank transfer (automatic),DSL,72,67.8
2565-JSLRY,0.318061,1,1,train,Month-to-month,Mailed check,No,1,24.05
2607-DHDAK,0.006339,0,0,train,Two year,Credit card (automatic),No,72,19.8
1073-XXCZD,0.015206,0,0,train,Two year,Bank transfer (automatic),No,55,25.7
0743-HRVFF,0.164815,0,0,test,One year,Electronic check,DSL,51,56.15
4006-HKYHO,0.016898,0,0,train,Two year,Bank transfer (automatic),DSL,63,86.7
3727-JEZTU,0.19015,0,0,train,Month-to-month,Mailed check,No,1,20.4
8143-ETQTI,0.018468,0,0,train,Two year,Mailed check,No,23,19.65
6689-KXGBO,0.376501,1,1,train,Month-to-month,Electronic check,DSL,1,50.55
9667-TKTVZ,0.4274,1,0,train,Month-to-month,Mailed check,DSL,2,54.35
3657-COGMW,0.307877,1,0,train,Month-to-month,Credit card (automatic),Fiber optic,52,108.1
8570-KLJYJ,0.052419,0,0,test,One year,Mailed check,DSL,36,54.45
7754-IXRMC,0.341624,1,0,train,Month-to-month,Mailed check,DSL,1,45.35
9473-CBZOP,0.073408,0,0,test,One year,Mailed check,DSL,28,59.0
2969-WGHQO,0.156602,0,0,test,One year,Electronic check,DSL,7,69.45
6615-NGGZJ,0.72488,1,1,train,Month-to-month,Electronic check,Fiber optic,14,100.55
4334-HOWRP,0.017038,0,0,train,Two year,Credit card (automatic),DSL,72,64.95
4255-DDUOU,0.225015,0,1,train,Month-to-month,Mailed check,No,1,20.5
5863-OOKCL,0.145246,0,0,test,Month-to-month,Mailed check,No,10,18.85
1686-STUHN,0.016797,0,0,train,One year,Bank transfer (automatic),No,42,19.8
1329-VHWNP,0.366532,1,0,train,Month-to-month,Bank transfer (automatic),DSL,7,25.05
2984-MIIZL,0.627416,1,1,train,Month-to-month,Bank transfer (automatic),Fiber optic,4,74.8
0266-GMEAO,0.033678,0,0,train,Two year,Credit card (automatic),Fiber optic,72,114.3
5590-YRFJT,0.351512,1,1,train,Month-to-month,Electronic check,DSL,20,24.45
5574-NXZIU,0.030207,0,0,test,Two year,Credit card (automatic),Fiber optic,63,109.2
0019-GFNTW,0.012918,0,0,train,Two year,Bank transfer (automatic),DSL,56,45.05
4256-ZWTZI,0.273692,1,0,test,Month-to-month,Mailed check,DSL,5,51.0
8309-PPCED,0.057399,0,0,train,Two year,Bank transfer (automatic),Fiber optic,72,110.45
4098-NAUKP,0.267063,1,0,train,Month-to-month,Electronic check,Fiber optic,68,84.65
5196-WPYOW,0.010699,0,0,train,One year,Mailed check,DSL,67,60.05
4608-LCIMN,0.229467,0,0,train,Month-to-month,Bank transfer (automatic),DSL,8,44.65
1485-YDHMM,0.292347,1,0,train,Month-to-month,Bank transfer (automatic),Fiber optic,52,93.25
4054-CUMIA,0.091939,0,0,train,Month-to-month,Mailed check,No,18,20.25
0603-TPMIB,0.010374,0,0,train,Two year,Mailed check,No,59,25.45
2525-GVKQU,0.008164,0,0,test,Two year,Mailed check,No,60,20.6
8161-QYMTT,0.847683,1,0,test,Month-to-month,Electronic check,Fiber optic,7,94.1
9581-GVBXT,0.03941,0,0,train,One year,Mailed check,DSL,59,34.8
5862-BRIXZ,0.042538,0,0,train,Two year,Bank transfer (automatic),DSL,46,60.75
5404-GGUKR,0.44535,1,0,train,Month-to-month,Electronic check,DSL,5,51.35
3308-JSGML,0.038694,0,0,train,Two year,Credit card (automatic),DSL,59,64.05
2126-GSEGL,0.026491,0,0,train,Two year,Bank transfer (automatic),DSL,70,84.8
3677-TNKIO,0.410877,1,1,train,Month-to-month,Credit card (automatic),Fiber optic,14,71.0
0440-QEXBZ,0.147574,0,0,test,Month-to-month,Mailed check,DSL,44,50.15
2434-EEVDB,0.054466,0,0,train,Two year,Credit card (automatic),Fiber optic,64,94.6
6762-QVYJO,0.023895,0,0,train,Two year,Mailed check,DSL,58,59.75
6199-IWKGC,0.220169,0,0,train,One year,Electronic check,Fiber optic,46,100.25
2675-DHUTR,0.530446,1,0,train,Month-to-month,Electronic check,Fiber optic,58,98.9
8152-VETUR,0.078978,0,0,train,Two year,Credit card (automatic),Fiber optic,72,97.7
9667-EQRXU,0.438364,1,1,train,Month-to-month,Electronic check,DSL,30,40.3
7446-YPODE,0.253719,1,0,train,Month-to-month,Bank transfer (automatic),DSL,11,60.25
9522-BNTHX,0.4315,1,0,train,Month-to-month,Electronic check,DSL,34,56.25
4676-WLUHT,0.026324,0,0,train,Two year,Bank transfer (automatic),DSL,54,46.2
3329-WDIOK,0.689175,1,1,train,Month-to-month,Electronic check,DSL,3,50.6
7980-MHFLQ,0.005835,0,0,train,Two year,Mailed check,No,72,24.9
2873-ZLIWT,0.325769,1,1,train,Month-to-month,Electronic check,Fiber optic,40,84.85
3415-TAILE,0.41234,1,1,train,Month-to-month,Mailed check,DSL,2,65.7
0757-WCUUZ,0.039248,0,0,train,Two year,Credit card (automatic),DSL,54,63.35
1629-DQQVB,0.119387,0,0,test,Month-to-month,Bank transfer (automatic),DSL,14,50.1
1915-IOFGU,0.64499,1,1,train,Month-to-month,Electronic check,Fiber optic,1,70.5
3045-XETSH,0.734735,1,1,train,Month-to-month,Electronic check,Fiber optic,10,94.85
0374-AACSZ,0.317877,1,0,train,Month-to-month,Electronic check,DSL,1,50.15
7239-HZZCX,0.193152,0,1,test,Month-to-month,Mailed check,No,1,19.75
4872-VXRIL,0.03633,0,0,train,One year,Bank transfer (automatic),DSL,56,64.65
9140-CZQZZ,0.012516,0,0,train,Two year,Bank transfer (automatic),DSL,68,79.6
3423-HHXAO,0.056932,0,0,train,One year,Mailed check,No,14,19.5
9938-TKDGL,0.041377,0,0,train,Two year,Electronic check,Fiber optic,68,99.55
0531-ZZJWQ,0.47368,1,0,test,Month-to-month,Electronic check,Fiber optic,55,74.0
6537-QLGEX,0.381449,1,0,train,Month-to-month,Electronic check,DSL,16,38.9
2688-BHGOG,0.74526,1,0,train,Month-to-month,Electronic check,Fiber optic,9,79.55
7683-CBDKJ,0.208836,0,1,train,Month-to-month,Electronic check,DSL,14,65.45
0946-CLJTI,0.62164,1,1,train,Month-to-month,Electronic check,Fiber optic,58,98.7
3160-TYXLT,0.14964,0,0,train,Month-to-month,Bank transfer (automatic),DSL,53,46.3
1325-USMEC,0.038874,0,0,train,Two year,Credit card (automatic),Fiber optic,70,99.35
0916-QOFDP,0.706268,1,0,train,Month-to-month,Electronic check,Fiber optic,14,95.8
0628-CNQRM,0.058469,0,1,test,One year,Bank transfer (automatic),DSL,22,67.5
5606-AMZBO,0.565918,1,0,test,Month-to-month,Credit card (automatic),Fiber optic,10,78.15
6199-IPCAO,0.020433,0,0,train,Two year,Mailed check,No,29,26.1
7665-TOALD,0.724404,1,1,train,Month-to-month,Electronic check,Fiber optic,1,69.6
0112-QWPNC,0.09718,0,1,train,One year,Electronic check,DSL,49,84.35
0324-BRPCJ,0.43048,1,1,train,Month-to-month,Electronic check,Fiber optic,68,100.2
2777-PHDEI,0.704379,1,1,train,Month-to-month,Electronic check,Fiber optic,1,78.05
5640-CAXOA,0.133877,0,0,train,One year,Credit card (automatic),DSL,30,40.35
2235-EZAIK,0.009791,0,0,train,Two year,Credit card (automatic),DSL,72,79.2
3847-BAERP,0.182343,0,0,test,Month-to-month,Mailed check,No,10,20.9
1196-AMORA,0.657044,1,1,train,Month-to-month,Electronic check,Fiber optic,7,73.6
4282-YMKNA,0.725618,1,1,train,Month-to-month,Electronic check,Fiber optic,9,74.75
1453-RZFON,0.229463,0,0,train,Month-to-month,Mailed check,DSL,1,49.9
8263-OKETD,0.215166,0,0,train,Month-to-month,Credit card (automatic),DSL,20,68.9
0670-KDOMA,0.272522,1,0,train,Month-to-month,Mailed check,No,1,20.25
2476-YGEFM,0.426253,1,0,train,Month-to-month,Credit card (automatic),Fiber optic,29,76.0
8687-BAFGU,0.568884,1,0,train,Month-to-month,Electronic check,Fiber optic,1,74.0
0641-EVBOJ,0.441141,1,0,train,Month-to-month,Mailed check,Fiber optic,3,82.3
0829-XXPLX,0.376727,1,0,train,Month-to-month,Bank transfer (automatic),Fiber optic,20,89.4
9974-JFBHQ,0.192871,0,0,train,Month-to-month,Credit card (automatic),Fiber optic,64,99.15
5356-RHIPP,0.267516,1,1,train,Month-to-month,Mailed check,No,1,20.2
6624-JDRDS,0.328346,1,0,train,Month-to-month,Bank transfer (automatic),DSL,6,29.45
0608-JDVEC,0.017115,0,0,test,Two year,Electronic check,No,50,19.8
9780-FKVVF,0.35478,1,0,train,Month-to-month,Bank transfer (automatic),DSL,6,59.15
1919-RTPQD,0.315199,1,0,train,Month-to-month,Electronic check,DSL,7,44.75
5214-NLTIT,0.055718,0,0,train,Two year,Credit card (automatic),Fiber optic,72,90.8
3345-PBBFH,0.348566,1,0,train,Month-to-month,Bank transfer (automatic),DSL,8,49.55
5055-BRMNE,0.034891,0,0,train,Two year,Credit card (automatic),Fiber optic,67,106.7
9189-JWSHV,0.697786,1,1,train,Month-to-month,Electronic check,Fiber optic,24,93.55
2190-PHBHR,0.044363,0,0,train,Two year,Credit card (automatic),Fiber optic,72,94.45
2650-GYRYL,0.029151,0,0,train,One year,Bank transfer (automatic),No,33,19.45
0746-JTRFU,0.617448,1,1,train,Month-to-month,Electronic check,DSL,2,25.05
5208-FVQKB,0.007287,0,0,train,Two year,Mailed check,DSL,70,67.95
7184-LRUUR,0.0774,0,0,train,One year,Bank transfer (automatic),DSL,22,65.25
6627-CFOSN,0.256444,1,0,train,Month-to-month,Bank transfer (automatic),Fiber optic,59,99.45
3982-JGSFD,0.032267,0,0,test,One year,Credit card (automatic),No,36,20.35
1574-DYCWE,0.009745,0,0,test,Two year,Mailed check,No,51,19.95
7247-XOZPB,0.049441,0,0,train,One year,Bank transfer (automatic),DSL,53,77.4
2466-FCCPT,0.026685,0,0,train,One year,Bank transfer (automatic),No,20,19.7
6211-WWLTF,0.040778,0,0,train,Two year,Credit card (automatic),Fiber optic,63,99.7
4826-TZEVA,0.174218,0,0,train,Month-to-month,Credit card (automatic),Fiber optic,40,74.8
6016-NXBNJ,0.037225,0,0,train,One year,Mailed check,No,35,19.15
9138-EFSMO,0.185386,0,0,test,One year,Bank transfer (automatic),Fiber optic,26,78.95
0576-WNXXC,0.628217,1,1,test,Month-to-month,Electronic check,Fiber optic,27,95.55
4632-XJMEX,0.013261,0,0,train,One year,Credit card (automatic),DSL,53,62.85
8910-LEDAG,0.237647,0,0,train,Month-to-month,Credit card (automatic),Fiber optic,34,71.55
3452-GWUIN,0.739248,1,0,train,Month-to-month,Electronic check,Fiber optic,19,94.95
2716-GFZOR,0.162052,0,0,train,Month-to-month,Credit card (automatic),Fiber optic,43,86.1
3724-UCSHY,0.150567,0,0,train,Month-to-month,Mailed check,No,6,19.55
8626-XHBIE,0.014126,0,0,train,Two year,Mailed check,No,56,24.8
4628-CTTLA,0.276533,1,1,train,Month-to-month,Electronic check,DSL,57,39.3
3192-LNKRK,0.377792,1,0,train,Month-to-month,Mailed check,Fiber optic,34,84.05
4439-YRNVD,0.338029,1,0,train,Month-to-month,Electronic check,DSL,10,36.25
2876-VBBBL,0.254842,1,1,train,Month-to-month,Mailed check,No,1,20.25
6834-NXDCA,0.422707,1,1,test,Month-to-month,Electronic check,DSL,13,23.9
2208-UGTGR,0.408304,1,0,train,Month-to-month,Electronic check,Fiber optic,56,98.6
3005-TYFRD,0.451597,1,0,train,Month-to-month,Credit card (automatic),Fiber optic,55,103.65
8670-MEFCP,0.026499,0,0,train,Two year,Credit card (automatic),DSL,36,92.9
3079-BCHLN,0.013846,0,0,train,One year,Bank transfer (automatic),No,47,19.9
7777-UNYHB,0.136247,0,0,train,Month-to-month,Credit card (automatic),No,12,20.1
5597-GLBUC,0.804426,1,1,train,Month-to-month,Electronic check,Fiber optic,1,85.45
7278-CKDNC,0.510892,1,0,test,Month-to-month,Electronic check,Fiber optic,24,80.5
2748-MYRVK,0.153638,0,1,test,One year,Bank transfer (automatic),Fiber optic,63,99.9
8450-UYIBU,0.393818,1,0,train,Month-to-month,Electronic check,DSL,35,39.85
2969-VAPYH,0.011163,0,0,train,One year,Credit card (automatic),DSL,67,60.5
4822-YCXMX,0.64855,1,1,train,Month-to-month,Electronic check,Fiber optic,25,84.8
7181-OQCUT,0.43436,1,0,test,Month-to-month,Mailed check,Fiber optic,21,103.85
8474-UMLNT,0.108685,0,0,train,Month-to-month,Bank transfer (automatic),DSL,13,67.8
9821-POOTN,0.461433,1,1,train,Month-to-month,Electronic check,Fiber optic,35,75.2
3836-FZSDJ,0.008283,0,0,test,Two year,Bank transfer (automatic),No,71,24.85
9142-XMYJH,0.057717,0,0,test,Month-to-month,Credit card (automatic),No,29,19.35
6559-ILWKJ,0.035228,0,1,train,Two year,Electronic check,DSL,71,49.35
0187-QSXOE,0.81348,1,0,train,Month-to-month,Electronic check,Fiber optic,7,89.0
7733-UDMTP,0.352509,1,0,test,Month-to-month,Electronic check,DSL,57,55.0
2649-HWLYB,0.013771,0,0,test,Two year,Bank transfer (automatic),DSL,65,76.15
5214-CHIWJ,0.029813,0,0,train,One year,Mailed check,No,27,20.3
4229-CZMLL,0.7594,1,1,test,Month-to-month,Electronic check,Fiber optic,6,74.9
6904-JLBGY,0.041505,0,0,train,Two year,Credit card (automatic),Fiber optic,72,117.35
2465-BLLEU,0.242226,1,0,train,Month-to-month,Mailed check,No,1,19.75
1685-VAYJF,0.223002,0,0,train,Month-to-month,Credit card (automatic),DSL,11,45.2
8874-EJNSR,0.011284,0,0,train,Two year,Mailed check,No,39,25.2
6917-YACBP,0.332105,1,0,train,Month-to-month,Electronic check,Fiber optic,59,89.75
5049-MUBWG,0.06548,0,0,test,One year,Bank transfer (automatic),DSL,26,75.0
4223-WOZCM,0.383085,1,0,test,Month-to-month,Mailed check,DSL,2,49.95
0769-MURVM,0.010809,0,0,test,Two year,Bank transfer (automatic),DSL,72,65.7
9253-VIFJQ,0.028469,0,0,train,One year,Credit card (automatic),DSL,65,67.05
7030-FZTFM,0.03228,0,0,train,Two year,Credit card (automatic),Fiber optic,72,110.9
9741-YLNTD,0.685345,1,0,test,Month-to-month,Bank transfer (automatic),Fiber optic,6,87.95
5917-RYRMG,0.030882,0,0,test,One year,Credit card (automatic),No,32,19.8
5120-ZBLAI,0.127626,0,0,train,One year,Bank transfer (automatic),DSL,50,75.7
1194-BHJYC,0.040443,0,0,train,Two year,Mailed check,DSL,61,62.15
3663-MITLP,0.580076,1,1,train,Month-to-month,Electronic check,Fiber optic,15,101.25
0906-QVPMS,0.035705,0,0,train,Two year,Bank transfer (automatic),Fiber optic,72,115.15
9025-ZRPVR,0.201097,0,1,test,Month-to-month,Mailed check,No,9,18.95
1905-OEILC,0.180359,0,0,train,Month-to-month,Mailed check,No,1,19.5
7858-GTZSP,0.799018,1,0,train,Month-to-month,Electronic check,Fiber optic,12,86.55
3285-UCQVC,0.101455,0,1,train,Month-to-month,Credit card (automatic),DSL,37,28.6
6248-BSHKG,0.014014,0,0,test,One year,Mailed check,No,61,20.4
4685-TFLLS,0.029909,0,0,train,One year,Bank transfer (automatic),No,18,19.8
3470-BTGQO,0.109066,0,0,train,Month-to-month,Mailed check,DSL,21,45.65
1209-VFFOC,0.014607,0,0,train,Two year,Mailed check,DSL,68,56.4
8224-DWCKX,0.636785,1,0,train,Month-to-month,Credit card (automatic),Fiber optic,12,73.3
5482-PLVPE,0.567192,1,1,train,Month-to-month,Electronic check,DSL,2,24.35
4553-DVPZG,0.492042,1,0,train,Month-to-month,Electronic check,Fiber optic,62,101.35
4902-OHLSK,0.542301,1,1,train,Month-to-month,Electronic check,Fiber optic,29,98.65
6917-IAYHD,0.324698,1,0,train,Month-to-month,Mailed check,DSL,1,33.6
0495-ZBNGW,0.756736,1,1,train,Month-to-month,Bank transfer (automatic),Fiber optic,5,79.9
8620-RJPZN,0.235619,0,0,test,Month-to-month,Electronic check,No,1,20.7
7572-KPVKK,0.119842,0,0,test,Two year,Electronic check,Fiber optic,62,104.05
2642-MAWLJ,0.006777,0,0,train,Two year,Bank transfer (automatic),No,36,20.25
2357-COQEK,0.624691,1,1,train,Month-to-month,Electronic check,Fiber optic,28,103.3
7103-ZGVNT,0.019475,0,0,train,One year,Credit card (automatic),DSL,69,73.7
3737-GCSPV,0.537375,1,1,train,Month-to-month,Credit card (automatic),Fiber optic,11,96.2
2027-WKXMW,0.416263,1,0,train,Month-to-month,Electronic check,Fiber optic,63,108.75
7137-NAXML,0.027698,0,0,train,One year,Bank transfer (automatic),No,23,20.15
2428-ZMCTB,0.129988,0,0,test,Month-to-month,Credit card (automatic),No,10,19.75
2961-VNFKL,0.011191,0,0,train,Two year,Credit card (automatic),No,71,25.95
1768-HNVGJ,0.141285,0,0,train,Month-to-month,Electronic check,DSL,45,70.05
6963-KQYQB,0.00535,0,0,train,Two year,Mailed check,No,70,24.05
5934-RMPOV,0.531802,1,0,train,Month-to-month,Electronic check,Fiber optic,22,84.75
1207-BLKSA,0.014807,0,0,train,Two year,Mailed check,No,52,23.05
4088-YLDSU,0.29241,1,1,train,One year,Electronic check,Fiber optic,55,104.15
8316-BBQAY,0.018488,0,0,train,Two year,Credit card (automatic),DSL,65,59.95
1166-PQLGG,0.003827,0,0,test,Two year,Bank transfer (automatic),No,72,19.55
3146-JTQHR,0.0736,0,0,train,One year,Bank transfer (automatic),No,10,19.6
4291-YZODP,0.082212,0,0,train,One year,Mailed check,No,7,20.05
4395-PZMSN,0.756383,1,0,train,Month-to-month,Electronic check,Fiber optic,5,85.55
6427-FEFIG,0.055508,0,0,train,Two year,Credit card (automatic),DSL,24,78.6
0017-IUDMW,0.033526,0,0,test,Two year,Credit card (automatic),Fiber optic,72,116.8
8706-HRADD,0.216249,0,0,train,Month-to-month,Mailed check,DSL,21,43.55
9955-QOPOY,0.063375,0,0,train,One year,Credit card (automatic),DSL,69,60.8
4385-ZKVNW,0.048748,0,0,train,Month-to-month,Bank transfer (automatic),DSL,44,54.9
5446-DKWYW,0.124926,0,0,test,One year,Electronic check,DSL,61,65.2
2034-CGRHZ,0.555271,1,1,train,Month-to-month,Credit card (automatic),Fiber optic,24,102.95
5797-APWZC,0.751079,1,1,train,Month-to-month,Electronic check,Fiber optic,1,90.6
3683-QKIUE,0.305466,1,1,train,Month-to-month,Bank transfer (automatic),DSL,6,50.8
4228-ZGYUW,0.781083,1,1,train,Month-to-month,Electronic check,Fiber optic,4,90.05
9031-ZVQPT,0.093991,0,0,train,Two year,Electronic check,Fiber optic,72,108.2
2990-IAJSV,0.011414,0,0,test,Two year,Bank transfer (automatic),DSL,72,92.0
8107-KNCIM,0.660486,1,0,train,Month-to-month,Electronic check,Fiber optic,14,75.1
9027-YFHQJ,0.279129,1,0,train,Month-to-month,Bank transfer (automatic),No,7,25.05
5176-LDKUH,0.108799,0,0,train,One year,Electronic check,Fiber optic,48,75.15
4644-OBGFZ,0.017723,0,0,train,One year,Mailed check,No,55,19.5
7926-IJOOU,0.190689,0,0,train,Month-to-month,Credit card (automatic),No,1,19.3
6480-YAGIY,0.0655,0,0,train,One year,Credit card (automatic),Fiber optic,45,112.2
4029-HPFVY,0.647856,1,0,test,Month-to-month,Mailed check,Fiber optic,3,70.3
7602-DBTOU,0.005371,0,0,test,Two year,Mailed check,No,71,19.6
5345-BMKWB,0.15928,0,0,train,Month-to-month,Mailed check,No,8,20.25
3519-ZKXGG,0.781511,1,1,test,Month-to-month,Electronic check,Fiber optic,3,75.85
5457-COLHT,0.007611,0,0,test,Two year,Bank transfer (automatic),DSL,69,80.65
6416-TVAIH,0.691479,1,1,train,Month-to-month,Electronic check,Fiber optic,1,68.5
5451-YHYPW,0.046857,0,0,train,Two year,Credit card (automatic),Fiber optic,72,115.75
5108-ADXWO,0.536138,1,1,train,Month-to-month,Electronic check,Fiber optic,11,73.5
7998-WNZEM,0.009166,0,0,test,Two year,Bank transfer (automatic),DSL,71,80.6
3066-RRJIO,0.671047,1,1,train,Month-to-month,Mailed check,Fiber optic,1,69.95
4664-NJCMS,0.034102,0,0,train,Two year,Bank transfer (automatic),DSL,33,59.55
0307-BCOPK,0.040702,0,0,test,One year,Mailed check,No,16,19.05
7629-WFGLW,0.113391,0,0,train,One year,Electronic check,Fiber optic,56,95.65
2542-HYGIQ,0.169781,0,0,train,Month-to-month,Credit card (automatic),No,1,19.95
6715-OFDBP,0.617096,1,1,train,Month-to-month,Electronic check,DSL,5,70.05
5016-LIPDW,0.01641,0,0,train,One year,Mailed check,No,57,19.4
6481-LXPWL,0.068613,0,0,train,One year,Credit card (automatic),DSL,56,36.1
1567-DSCIC,0.78874,1,1,train,Month-to-month,Electronic check,Fiber optic,8,94.0
2150-UWTFY,0.062223,0,1,train,Month-to-month,Mailed check,DSL,22,61.15
6124-ACRHJ,0.183695,0,0,train,Month-to-month,Mailed check,No,1,19.75
9362-MWODR,0.069499,0,0,train,Month-to-month,Credit card (automatic),DSL,40,64.1
9975-GPKZU,0.007558,0,0,train,Two year,Credit card (automatic),No,46,19.75
9625-RZFUK,0.005346,0,0,train,Two year,Mailed check,No,63,19.7
5153-LXKDT,0.086852,0,0,train,Two year,Electronic check,Fiber optic,68,110.2
5161-UBZXI,0.02905,0,0,train,Two year,Credit card (automatic),Fiber optic,69,106.35
1020-JPQOW,0.245591,1,0,train,Month-to-month,Electronic check,Fiber optic,56,90.55
7919-ZODZZ,0.202098,0,0,test,One year,Mailed check,DSL,10,65.9
0565-JUPYD,0.067883,0,0,train,One year,Credit card (automatic),Fiber optic,63,104.5
6867-ACCZI,0.035076,0,0,train,Two year,Mailed check,DSL,24,52.5
5939-XAIXZ,0.23793,0,0,train,Month-to-month,Mailed check,DSL,19,56.1
9054-FOWNV,0.567379,1,0,test,Month-to-month,Electronic check,Fiber optic,22,88.75
2683-BPJSO,0.418782,1,1,train,Month-to-month,Electronic check,Fiber optic,29,84.45
2157-MXBJS,0.302627,1,1,train,One year,Mailed check,DSL,13,75.3
8207-VVMYB,0.010278,0,0,test,Two year,Bank transfer (automatic),No,70,26.0
9732-EQMWY,0.357946,1,0,train,Month-to-month,Electronic check,Fiber optic,49,99.4
9360-AHGNL,0.1802,0,1,train,One year,Mailed check,Fiber optic,43,109.55
1087-UDSIH,0.239955,0,1,test,Month-to-month,Mailed check,No,3,19.6
5269-NRGDP,0.069352,0,0,train,One year,Electronic check,DSL,42,73.15
6195-MELTI,0.037389,0,0,train,One year,Mailed check,DSL,57,54.65
5485-WUYWF,0.24478,1,1,train,Month-to-month,Bank transfer (automatic),DSL,2,66.4
2121-JAFOM,0.040165,0,0,train,Two year,Credit card (automatic),Fiber optic,72,115.55
8818-DOPVL,0.50359,1,0,test,Month-to-month,Electronic check,Fiber optic,46,104.45
2632-UCGVD,0.312697,1,1,train,Month-to-month,Credit card (automatic),Fiber optic,66,100.05
5445-PZWGX,0.09151,0,1,test,One year,Electronic check,Fiber optic,62,102.0
1227-UDMZR,0.017163,0,0,test,Two year,Bank transfer (automatic),DSL,72,91.15
5198-HQAEN,0.151251,0,0,train,One year,Electronic check,Fiber optic,35,89.7
9170-CCKOU,0.247837,1,1,train,Month-to-month,Credit card (automatic),Fiber optic,17,90.2
2167-FQSTQ,0.023626,0,0,train,Two year,Electronic check,DSL,72,92.4
2819-GWENI,0.030538,0,0,train,One year,Mailed check,No,28,19.9
1043-YCUTE,0.016424,0,1,train,Two year,Credit card (automatic),No,56,25.15
3814-MLAXC,0.316085,1,1,train,Month-to-month,Credit card (automatic),Fiber optic,31,79.85
3572-UUHRS,0.015697,0,0,train,One year,Bank transfer (automatic),No,45,18.85
2692-PFYTJ,0.324484,1,0,test,Month-to-month,Mailed check,No,1,25.75
1226-UDFZR,0.366017,1,1,train,Month-to-month,Mailed check,DSL,2,49.6
5955-EPOAZ,0.220296,0,0,train,Month-to-month,Mailed check,No,6,20.95
6821-JPCDC,0.23527,0,0,train,One year,Electronic check,Fiber optic,48,97.05
8815-LMFLX,0.120803,0,0,train,Month-to-month,Bank transfer (automatic),No,25,25.4
9135-HSWOC,0.007915,0,0,test,Two year,Bank transfer (automatic),No,64,19.7
8582-KRHPJ,0.150022,0,0,test,Month-to-month,Mailed check,DSL,50,35.0
5811-IWXYM,0.222799,0,0,train,One year,Bank transfer (automatic),Fiber optic,52,101.25
7044-YAACC,0.718159,1,0,train,Month-to-month,Electronic check,Fiber optic,4,70.2
8189-XRIKE,0.452998,1,0,train,Month-to-month,Electronic check,Fiber optic,32,90.95
1506-YJTYT,0.010391,0,0,train,Two year,Credit card (automatic),DSL,45,73.85
4123-DVHPH,0.75494,1,0,train,Month-to-month,Electronic check,Fiber optic,9,88.05
6425-YQLLO,0.174291,0,1,train,One year,Credit card (automatic),Fiber optic,66,105.95
5442-UTCVD,0.743829,1,1,train,Month-to-month,Electronic check,Fiber optic,3,91.85
2228-BZDEE,0.008824,0,0,train,Two year,Mailed check,No,54,20.1
7734-DBOAI,0.476124,1,1,train,Month-to-month,Electronic check,DSL,1,40.1
2789-CZANW,0.03338,0,0,train,Two year,Bank transfer (automatic),Fiber optic,64,110.3
2091-RFFBA,0.542806,1,1,train,Month-to-month,Electronic check,Fiber optic,31,73.9
2114-MGINA,0.576026,1,1,train,Month-to-month,Mailed check,Fiber optic,14,89.8
7596-LDUXP,0.354279,1,0,train,One year,Credit card (automatic),Fiber optic,12,85.15
3740-RLMVT,0.016954,0,0,train,One year,Bank transfer (automatic),DSL,67,60.95
4489-SNOJF,0.121863,0,1,test,Month-to-month,Electronic check,DSL,35,72.25
2192-OZITF,0.019238,0,0,train,Two year,Mailed check,DSL,45,73.55
5651-CPDND,0.253485,1,0,train,Month-to-month,Mailed check,DSL,10,46.0
2186-QZEYA,0.160088,0,0,train,Month-to-month,Bank transfer (automatic),DSL,29,58.55
1131-ALZWV,0.038703,0,0,test,One year,Bank transfer (automatic),No,24,24.6
7729-XBTWX,0.007872,0,0,test,Two year,Mailed check,No,66,19.75
9134-WYRVP,0.109661,0,0,train,One year,Mailed check,Fiber optic,51,86.35
3284-SVCRO,0.012593,0,0,train,Two year,Mailed check,No,45,25.5
9732-OUYRN,0.022309,0,0,train,One year,Credit card (automatic),No,49,19.0
0559-CKHUS,0.023044,0,0,test,Two year,Mailed check,No,29,19.55
2931-SVLTV,0.227724,0,0,train,Month-to-month,Credit card (automatic),Fiber optic,40,110.1
6899-PPEEA,0.612239,1,1,test,Month-to-month,Electronic check,Fiber optic,37,96.55
7504-UWHNB,0.385366,1,0,test,Month-to-month,Electronic check,Fiber optic,25,69.75
2582-FFFZR,0.458373,1,0,train,Month-to-month,Electronic check,DSL,22,50.6
8908-NMQTX,0.015273,0,0,train,Two year,Bank transfer (automatic),DSL,72,65.6
2187-LZGPL,0.523274,1,1,train,Month-to-month,Credit card (automatic),DSL,7,40.1
1431-AIDJQ,0.022442,0,0,train,Two year,Credit card (automatic),DSL,33,82.1
6288-LBEAR,0.263401,1,0,train,Month-to-month,Mailed check,Fiber optic,23,79.1
4597-NUCQV,0.656814,1,1,train,Month-to-month,Electronic check,Fiber optic,24,101.25
9019-QVLZD,0.719216,1,1,train,Month-to-month,Electronic check,Fiber optic,1,79.55
8413-YNHNV,0.01356,0,0,train,Two year,Mailed check,DSL,69,90.65
5808-TOTXO,0.101016,0,0,test,One year,Credit card (automatic),No,3,20.55
4369-NYSCF,0.059869,0,0,train,One year,Bank transfer (automatic),DSL,56,75.75
6333-YDVLT,0.132636,0,0,train,One year,Credit card (automatic),Fiber optic,65,110.0
5324-KTGCG,0.015127,0,0,test,One year,Electronic check,No,71,20.85
5599-HVLTW,0.575778,1,0,train,Month-to-month,Bank transfer (automatic),Fiber optic,14,80.35
7394-LWLYN,0.742683,1,0,train,Month-to-month,Electronic check,Fiber optic,2,70.15
3707-LRWZD,0.304332,1,1,train,One year,Electronic check,Fiber optic,32,84.05
6873-UDNLD,0.102151,0,0,train,Month-to-month,Electronic check,DSL,40,67.45
2700-LUEVA,0.176192,0,0,test,Month-to-month,Credit card (automatic),No,1,20.75
1455-ESIQH,0.816172,1,1,train,Month-to-month,Electronic check,Fiber optic,1,89.1
0958-YHXGP,0.606242,1,0,test,Month-to-month,Mailed check,Fiber optic,7,69.9
1101-SSWAG,0.366144,1,0,train,Month-to-month,Electronic check,DSL,15,51.1
2979-SXESE,0.394208,1,1,train,Month-to-month,Electronic check,Fiber optic,17,94.4
4013-TLDHQ,0.416754,1,1,train,Month-to-month,Electronic check,Fiber optic,19,78.25
5743-KHMNA,0.008667,0,0,train,Two year,Bank transfer (automatic),No,71,25.55
4194-FJARJ,0.011041,0,0,train,Two year,Bank transfer (automatic),DSL,54,60.0
5325-UWTWJ,0.226857,0,0,train,Month-to-month,Credit card (automatic),Fiber optic,31,90.55
3969-GYXEL,0.444399,1,0,train,Month-to-month,Electronic check,Fiber optic,11,76.4
9208-OLGAQ,0.605693,1,0,train,Month-to-month,Electronic check,Fiber optic,18,84.95
3244-CQPHU,0.048987,0,0,train,Two year,Bank transfer (automatic),Fiber optic,72,110.1
2674-MLXMN,0.314686,1,0,train,Month-to-month,Credit card (automatic),Fiber optic,71,99.65
9708-HPXWZ,0.375446,1,0,train,Month-to-month,Credit card (automatic),DSL,5,45.4
6992-TKNYO,0.064864,0,0,train,One year,Credit card (automatic),DSL,38,69.0
4468-YDOVK,0.272773,1,0,test,Month-to-month,Bank transfer (automatic),DSL,5,48.65
3754-DXMRT,0.545997,1,1,train,Month-to-month,Electronic check,DSL,2,44.15
5792-JALQC,0.029549,0,0,train,Two year,Bank transfer (automatic),DSL,52,59.85
7130-VTEWQ,0.764517,1,1,test,Month-to-month,Electronic check,Fiber optic,8,75.75
2200-DSAAL,0.050408,0,0,train,Two year,Electronic check,DSL,68,80.65
4302-ZYFEL,0.013418,0,0,test,One year,Credit card (automatic),No,69,20.55
9351-LZYGF,0.080673,0,0,train,Month-to-month,Credit card (automatic),DSL,42,66.4
4366-CTOUZ,0.109566,0,0,train,Two year,Mailed check,Fiber optic,50,100.2
6121-VZNQB,0.257102,1,1,train,Month-to-month,Mailed check,No,1,19.1
7903-CMPEY,0.754277,1,1,train,Month-to-month,Electronic check,Fiber optic,1,80.3
1518-OMDIK,0.155516,0,0,train,Month-to-month,Credit card (automatic),DSL,33,44.55
6671-NGWON,0.147432,0,0,train,Month-to-month,Mailed check,No,7,20.35
0595-ITUDF,0.196588,0,0,train,Month-to-month,Electronic check,Fiber optic,64,91.8
6996-KNSML,0.716147,1,1,train,Month-to-month,Electronic check,Fiber optic,1,74.9
1955-IBMMB,0.009276,0,0,train,Two year,Bank transfer (automatic),No,59,20.2
0096-BXERS,0.461118,1,0,test,Month-to-month,Electronic check,DSL,6,50.35
3806-YAZOV,0.179225,0,0,train,Month-to-month,Mailed check,No,3,18.8
7998-ZLXWN,0.074156,0,0,train,Month-to-month,Credit card (automatic),No,15,20.45
6253-WRFHY,0.230239,0,0,train,One year,Electronic check,DSL,13,64.75
9133-AYJZG,0.532126,1,0,train,Month-to-month,Credit card (automatic),Fiber optic,23,98.7
2675-OTVVJ,0.454823,1,0,train,Month-to-month,Electronic check,Fiber optic,31,89.45
8680-CGLTP,0.056009,0,0,train,One year,Electronic check,DSL,29,58.75
8430-TWCBX,0.024816,0,0,test,One year,Credit card (automatic),No,49,20.7
5018-GWURO,0.42509,1,0,train,Month-to-month,Bank transfer (automatic),Fiber optic,56,85.6
6741-QRLUP,0.018252,0,0,train,Two year,Credit card (automatic),DSL,63,80.3
4737-HOBAX,0.029423,0,0,test,Two year,Credit card (automatic),DSL,63,79.8
0537-QYZZN,0.39163,1,0,train,Month-to-month,Electronic check,Fiber optic,24,79.85
3340-QBBFM,0.051422,0,0,train,One year,Credit card (automatic),DSL,36,54.1
1704-NRWYE,0.752057,1,1,train,Month-to-month,Electronic check,Fiber optic,9,80.85
2592-SEIFQ,0.511865,1,1,train,Month-to-month,Electronic check,DSL,3,24.75
8200-KLNYW,0.063042,0,0,train,One year,Mailed check,DSL,21,80.9
3372-CDXFJ,0.057551,0,0,train,One year,Bank transfer (automatic),No,13,24.5
4781-ZXYGU,0.206384,0,0,train,Month-to-month,Bank transfer (automatic),No,1,20.15
7632-YUTXB,0.030796,0,0,test,One year,Mailed check,No,25,20.05
2718-YSKCS,0.006491,0,0,train,Two year,Bank transfer (automatic),No,71,19.6
9896-UYMIE,0.103184,0,0,train,One year,Bank transfer (automatic),Fiber optic,66,114.3
0853-NWIFK,0.175455,0,0,train,One year,Electronic check,Fiber optic,45,100.3
8212-CRQXP,0.436696,1,0,train,Month-to-month,Credit card (automatic),Fiber optic,22,80.0
6980-CDGFC,0.014892,0,0,train,One year,Bank transfer (automatic),No,67,20.85
7691-XVTZH,0.084348,0,0,test,Two year,Bank transfer (automatic),Fiber optic,68,89.95
2520-SGTTA,0.041598,0,0,train,Two year,Mailed check,No,0,20.0
7481-ATQQS,0.488398,1,1,train,Month-to-month,Credit card (automatic),Fiber optic,49,90.85
2277-VWCNI,0.44789,1,0,test,Month-to-month,Mailed check,DSL,4,48.75
1088-CNNKB,0.026907,0,0,train,One year,Credit card (automatic),DSL,63,80.0
8642-GVWRF,0.472443,1,1,train,Month-to-month,Bank transfer (automatic),Fiber optic,2,79.7
1930-BZLHI,0.049112,0,0,train,One year,Mailed check,No,21,20.35
3400-ESFUW,0.008075,0,1,test,Two year,Bank transfer (automatic),DSL,55,57.55
5868-YTYKS,0.209987,0,0,train,Month-to-month,Mailed check,No,1,20.25
3525-DVKFN,0.018687,0,0,train,Two year,Mailed check,No,17,19.4
1482-OXZSY,0.49945,1,0,train,Month-to-month,Bank transfer (automatic),Fiber optic,30,100.4
0377-JBKKT,0.080026,0,0,test,Month-to-month,Mailed check,DSL,22,57.95
5778-BVOFB,0.397024,1,0,train,Month-to-month,Bank transfer (automatic),DSL,9,59.5
3373-YZZYM,0.159437,0,0,train,Month-to-month,Mailed check,No,1,19.2
2057-ZBLPD,0.605369,1,1,test,Month-to-month,Electronic check,Fiber optic,21,86.5
0228-MAUWC,0.229782,0,0,train,Month-to-month,Electronic check,DSL,19,59.55
5502-RLUYV,0.367812,1,1,train,Month-to-month,Electronic check,Fiber optic,69,103.95
0023-HGHWL,0.68157,1,1,train,Month-to-month,Electronic check,DSL,1,25.1
7663-YJHSN,0.035114,0,0,train,Two year,Bank transfer (automatic),Fiber optic,72,103.95
4915-BFSXL,0.013868,0,0,train,Two year,Credit card (automatic),DSL,70,68.95
3086-RUCRN,0.160525,0,0,train,Month-to-month,Bank transfer (automatic),Fiber optic,66,103.1
5215-LNLDJ,0.536631,1,0,train,Month-to-month,Electronic check,DSL,7,24.7
7576-JMYWV,0.287172,1,0,train,Month-to-month,Electronic check,Fiber optic,46,110.2
9039-RBEEE,0.116369,0,1,test,Month-to-month,Credit card (automatic),DSL,39,48.95
0257-KXZGU,0.111697,0,0,test,Month-to-month,Bank transfer (automatic),DSL,32,62.45
1307-ATKGB,0.484286,1,0,train,Month-to-month,Electronic check,Fiber optic,24,89.55
8417-FMLZI,0.601992,1,1,train,Month-to-month,Credit card (automatic),Fiber optic,6,83.55
3714-XPXBW,0.111612,0,0,train,Month-to-month,Credit card (automatic),DSL,37,78.9
1850-AKQEP,0.120339,0,0,train,Month-to-month,Mailed check,No,8,20.35
2824-DXNKN,0.016332,0,0,test,Two year,Bank transfer (automatic),DSL,72,71.45
5227-JSCFE,0.011863,0,0,train,Two year,Credit card (automatic),DSL,71,46.35
0848-ZGQIJ,0.533423,1,0,train,Month-to-month,Bank transfer (automatic),Fiber optic,16,94.65
3621-CHYVB,0.103679,0,0,train,Month-to-month,Bank transfer (automatic),DSL,57,49.9
8042-RNLKO,0.020436,0,0,train,One year,Bank transfer (automatic),No,66,25.45
1792-UXAFY,0.571124,1,1,train,Month-to-month,Electronic check,Fiber optic,17,89.15
5372-FBKBN,0.054534,0,0,train,Month-to-month,Mailed check,No,21,20.75
0420-TXVSG,0.017101,0,0,test,Two year,Credit card (automatic),DSL,66,66.1
6217-TOWGS,0.374287,1,0,train,Month-to-month,Bank transfer (automatic),DSL,17,75.4
0515-YPMCW,0.608724,1,1,train,Month-to-month,Mailed check,Fiber optic,1,70.45
0378-XSZPU,0.022839,0,1,train,One year,Credit card (automatic),DSL,58,60.3
1045-LTCYT,0.12407,0,0,train,Month-to-month,Credit card (automatic),No,8,21.05
1544-JJMYL,0.041589,0,0,train,One year,Credit card (automatic),DSL,27,69.35
4636-JGAAI,0.420796,1,0,train,Month-to-month,Mailed check,Fiber optic,34,88.85
6874-SGLHU,0.270434,1,0,test,One year,Bank transfer (automatic),Fiber optic,30,97.0
5951-AOFIH,0.169693,0,0,test,Month-to-month,Credit card (automatic),DSL,33,66.4
4729-XKASR,0.466893,1,1,train,Month-to-month,Electronic check,DSL,1,24.75
3059-NGMXB,0.136121,0,0,train,Month-to-month,Mailed check,DSL,14,69.2
8652-YHIYU,0.229773,0,0,train,One year,Credit card (automatic),Fiber optic,16,79.5
5278-PNYOX,0.075475,0,0,train,Two year,Credit card (automatic),Fiber optic,49,100.65
5449-FIBXJ,0.483844,1,1,train,Month-to-month,Electronic check,Fiber optic,19,103.3
3486-HOOGQ,0.007664,0,0,train,Two year,Bank transfer (automatic),DSL,70,79.7
5061-PBXFW,0.041669,0,0,test,Month-to-month,Bank transfer (automatic),DSL,32,61.4
8630-FJLIB,0.463848,1,0,train,Month-to-month,Electronic check,Fiber optic,18,69.8
3891-NLXJB,0.022295,0,0,train,Two year,Mailed check,DSL,37,40.55
4749-OJKQU,0.768349,1,0,train,Month-to-month,Electronic check,Fiber optic,4,75.65
0577-WHMEV,0.341351,1,0,train,Month-to-month,Electronic check,Fiber optic,16,90.7
5453-AXEPF,0.47518,1,0,train,Month-to-month,Bank transfer (automatic),Fiber optic,17,80.5
3639-XJHKQ,0.142825,0,0,test,Month-to-month,Electronic check,DSL,19,60.6
3716-LRGXK,0.103885,0,0,train,Two year,Credit card (automatic),Fiber optic,60,101.15
2263-SFSQZ,0.020776,0,0,test,Two year,Mailed check,No,51,24.95
9950-MTGYX,0.018072,0,0,test,Two year,Credit card (automatic),No,28,20.3
3397-AVTKU,0.045714,0,0,train,Two year,Electronic check,DSL,43,60.0
4825-FUREZ,0.012454,0,0,test,Two year,Electronic check,No,42,20.25
9837-BMCLM,0.758136,1,1,train,Month-to-month,Electronic check,Fiber optic,3,78.5
2672-OJQZP,0.348891,1,0,test,Month-to-month,Mailed check,DSL,1,44.75
0137-UDEUO,0.179184,0,1,train,Month-to-month,Mailed check,No,3,19.85
3134-DSHVC,0.042809,0,0,train,Two year,Credit card (automatic),Fiber optic,63,98.0
6161-UUUTA,0.788957,1,1,train,Month-to-month,Electronic check,Fiber optic,3,79.9
7821-DPRQE,0.279284,1,0,train,Month-to-month,Electronic check,Fiber optic,68,107.7
6543-XRMYR,0.654523,1,1,test,Month-to-month,Electronic check,Fiber optic,30,99.7
2001-EWBQU,0.126102,0,0,test,Two year,Electronic check,Fiber optic,60,104.7
4925-LMHOK,0.20252,0,1,train,Month-to-month,Credit card (automatic),DSL,15,58.6
1608-GMEWB,0.473732,1,0,train,Month-to-month,Bank transfer (automatic),Fiber optic,45,93.9
6695-AMZUF,0.010695,0,0,train,Two year,Credit card (automatic),DSL,70,86.45
1455-UGQVH,0.833919,1,1,train,Month-to-month,Electronic check,Fiber optic,10,98.5
8410-BGQXN,0.164547,0,0,train,Month-to-month,Mailed check,No,4,19.4
8280-MQRQN,0.440783,1,1,test,Month-to-month,Mailed check,DSL,1,50.45
1619-YWUBB,0.011821,0,0,train,Two year,Credit card (automatic),No,68,24.95
7611-YKYTC,0.179772,0,0,train,Month-to-month,Bank transfer (automatic),Fiber optic,22,75.0
2037-SGXHH,0.434898,1,1,train,Month-to-month,Electronic check,Fiber optic,38,94.65
3178-FESZO,0.807473,1,1,train,Month-to-month,Credit card (automatic),Fiber optic,1,100.25
0365-GXEZS,0.336214,1,0,test,Month-to-month,Electronic check,Fiber optic,18,78.2
0082-OQIQY,0.503176,1,0,test,Month-to-month,Electronic check,Fiber optic,29,94.2
6087-MVHJH,0.601385,1,1,train,Month-to-month,Electronic check,Fiber optic,16,88.45
4603-JANFB,0.728656,1,1,train,Month-to-month,Electronic check,Fiber optic,1,69.85
3018-TFTSU,0.347696,1,1,test,Month-to-month,Bank transfer (automatic),Fiber optic,12,81.7
3606-SBKRY,0.282422,1,0,train,One year,Electronic check,DSL,31,50.05
4806-KEXQR,0.761311,1,1,test,Month-to-month,Electronic check,Fiber optic,4,79.9
0667-NSRGI,0.071357,0,0,train,One year,Mailed check,DSL,48,69.55
7083-YNSKY,0.142008,0,1,train,Month-to-month,Credit card (automatic),No,15,25.4
6893-ODYYE,0.073931,0,0,train,One year,Credit card (automatic),Fiber optic,50,90.1
8242-JSVBO,0.361756,1,0,train,Month-to-month,Bank transfer (automatic),DSL,7,44.65
2479-BRAMR,0.307462,1,1,train,Month-to-month,Bank transfer (automatic),Fiber optic,41,83.75
9541-ZPSEA,0.018489,0,0,train,Two year,Credit card (automatic),Fiber optic,68,80.35
2665-NPTGL,0.659151,1,0,test,Month-to-month,Bank transfer (automatic),Fiber optic,26,98.1
1139-WUOAH,0.041688,0,0,test,Two year,Credit card (automatic),DSL,57,53.35
4693-VWVBO,0.224024,0,0,test,Month-to-month,Electronic check,No,3,19.55
7434-SHXLS,0.193197,0,1,train,Month-to-month,Mailed check,No,1,20.9
6937-GCDGQ,0.060542,0,0,train,One year,Bank transfer (automatic),DSL,19,48.95
0988-JRWWP,0.568032,1,0,test,Month-to-month,Electronic check,DSL,3,54.2
5075-JSDKI,0.017864,0,0,train,Two year,Electronic check,No,59,24.45
7908-QCBCA,0.690688,1,1,train,Month-to-month,Mailed check,Fiber optic,1,69.4
8644-XYTSV,0.166931,0,0,train,Month-to-month,Bank transfer (automatic),DSL,42,40.15
6711-FLDFB,0.76834,1,1,train,Month-to-month,Electronic check,Fiber optic,7,74.9
3873-WOSBC,0.009491,0,0,train,Two year,Credit card (automatic),No,67,25.6
7465-ZZRVX,0.727635,1,0,train,Month-to-month,Electronic check,Fiber optic,1,70.35
7975-JMZNT,0.015572,0,0,train,Two year,Bank transfer (automatic),DSL,66,91.7
7251-XFOIL,0.284168,1,0,test,Month-to-month,Mailed check,Fiber optic,61,89.2
4116-IQRFR,0.119983,0,0,train,One year,Credit card (automatic),No,4,24.1
3714-JTVOV,0.190235,0,1,train,Month-to-month,Credit card (automatic),Fiber optic,42,74.15
8259-DZLIZ,0.045144,0,0,train,One year,Bank transfer (automatic),DSL,64,53.85
0442-ZXKVS,0.196821,0,0,train,One year,Bank transfer (automatic),Fiber optic,54,115.6
7853-WNZSY,0.242071,1,0,test,Month-to-month,Credit card (automatic),No,1,19.75
3120-FAZKD,0.014184,0,0,train,Two year,Bank transfer (automatic),No,54,24.05
8606-OEGQZ,0.018433,0,0,train,Two year,Credit card (automatic),No,18,25.3
0225-ZORZP,0.664336,1,0,train,Month-to-month,Electronic check,Fiber optic,3,84.3
4702-IOQDC,0.697525,1,1,train,Month-to-month,Electronic check,Fiber optic,1,70.1
9489-JMTTN,0.010944,0,0,train,Two year,Credit card (automatic),DSL,72,89.75
0575-CUQOV,0.28971,1,0,train,One year,Electronic check,Fiber optic,60,97.95
0967-BMLBD,0.078826,0,0,train,One year,Mailed check,No,11,20.0
6178-KFNHS,0.606734,1,1,train,Month-to-month,Electronic check,Fiber optic,12,78.3
2830-LEWOA,0.079729,0,0,train,One year,Credit card (automatic),Fiber optic,61,103.9
5006-MXVRN,0.008732,0,0,train,Two year,Credit card (automatic),No,39,20.7
1264-BYWMS,0.537961,1,1,train,Month-to-month,Electronic check,Fiber optic,55,96.8
9658-WYUFB,0.508862,1,1,train,Month-to-month,Electronic check,Fiber optic,17,94.4
8327-WKMIE,0.023257,0,0,train,One year,Credit card (automatic),No,37,20.15
6917-FIJHC,0.010542,0,0,test,Two year,Mailed check,No,72,26.0
5329-KRDTM,0.014724,0,0,test,Two year,Credit card (automatic),DSL,72,77.35
7797-EJMDP,0.213838,0,0,train,Month-to-month,Bank transfer (automatic),DSL,8,66.05
3530-VWVGU,0.054762,0,0,test,Month-to-month,Mailed check,No,22,19.9
2013-SGDXK,0.670496,1,1,train,Month-to-month,Electronic check,Fiber optic,1,84.3
6368-NWMCE,0.12074,0,0,train,Month-to-month,Credit card (automatic),DSL,38,68.15
3633-CDBUW,0.101252,0,0,train,One year,Electronic check,DSL,17,80.85
0707-HOVVN,0.023069,0,0,test,Two year,Bank transfer (automatic),DSL,70,75.5
8580-QVLOC,0.010627,0,1,test,Two year,Credit card (automatic),DSL,72,92.45
3956-MGXOG,0.546808,1,0,train,Month-to-month,Electronic check,Fiber optic,28,80.6
9274-UARKJ,0.419478,1,0,train,Month-to-month,Bank transfer (automatic),Fiber optic,15,83.2
4077-HWUYD,0.01767,0,0,train,Two year,Bank transfer (automatic),DSL,72,87.55
2012-NWRPA,0.851357,1,1,train,Month-to-month,Electronic check,Fiber optic,11,99.55
8808-ELEHO,0.7431,1,1,train,Month-to-month,Electronic check,Fiber optic,8,81.25
0103-CSITQ,0.22453,0,0,train,One year,Bank transfer (automatic),Fiber optic,57,109.4
3506-LCJDC,0.149445,0,1,train,Month-to-month,Bank transfer (automatic),No,1,19.95
8671-KKKOS,0.118422,0,0,test,Month-to-month,Electronic check,DSL,46,45.55
7305-ZWMAJ,0.030836,0,0,train,One year,Credit card (automatic),No,30,20.7
9518-XXBXE,0.519128,1,0,train,Month-to-month,Electronic check,Fiber optic,10,75.3
3934-HXCFZ,0.454563,1,1,train,Month-to-month,Electronic check,Fiber optic,23,99.25
6578-KRMAW,0.282627,1,0,train,Month-to-month,Credit card (automatic),Fiber optic,32,93.4
4860-IJUDE,0.370776,1,0,train,Month-to-month,Credit card (automatic),Fiber optic,13,73.75
7666-WKRON,0.077241,0,1,test,Two year,Electronic check,Fiber optic,39,80.45
9688-YGXVR,0.254994,1,0,train,Month-to-month,Credit card (automatic),Fiber optic,44,88.15
0423-UDIJQ,0.273854,1,0,train,Month-to-month,Mailed check,DSL,9,49.2
1945-XISKS,0.006321,0,0,test,Two year,Mailed check,No,67,19.65
4910-AQFFX,0.588264,1,1,train,Month-to-month,Bank transfer (automatic),Fiber optic,9,79.35
2154-KVJFF,0.572986,1,1,train,Month-to-month,Electronic check,Fiber optic,15,79.75
5360-LJCNJ,0.086462,0,0,test,Two year,Bank transfer (automatic),Fiber optic,71,105.15
2607-FBDFF,0.271469,1,0,train,Month-to-month,Credit card (automatic),DSL,1,49.0
9647-ERGBE,0.605403,1,1,train,Month-to-month,Electronic check,Fiber optic,30,100.05
3428-XZMAZ,0.737027,1,1,train,Month-to-month,Electronic check,Fiber optic,1,69.35
1100-DDVRV,0.425694,1,0,test,Month-to-month,Mailed check,DSL,17,49.8
0378-TOVMS,0.678576,1,1,train,Month-to-month,Electronic check,Fiber optic,3,85.8
4355-HBJHH,0.046106,0,1,train,Two year,Electronic check,DSL,67,79.7
6728-WYQBC,0.170543,0,0,train,Month-to-month,Bank transfer (automatic),No,1,20.95
9058-CBREO,0.443725,1,1,train,Month-to-month,Mailed check,DSL,1,50.55
9029-FEGVJ,0.366155,1,0,train,Month-to-month,Mailed check,Fiber optic,32,79.3
7216-KAOID,0.015563,0,0,test,One year,Bank transfer (automatic),No,41,19.5
0318-QUUOB,0.806838,1,1,train,Month-to-month,Electronic check,Fiber optic,1,80.55
6145-NNPNO,0.326719,1,0,train,Month-to-month,Bank transfer (automatic),DSL,1,44.15
5520-FVEWJ,0.586745,1,1,train,Month-to-month,Electronic check,Fiber optic,12,84.5
5339-TJFEK,0.299498,1,0,train,Month-to-month,Electronic check,Fiber optic,62,105.5
5572-ZDXHY,0.370558,1,1,train,Month-to-month,Mailed check,Fiber optic,22,84.3
2074-GUHPQ,0.325006,1,0,train,Month-to-month,Credit card (automatic),Fiber optic,17,92.7
4625-XMOYM,0.008588,0,0,train,Two year,Bank transfer (automatic),No,72,26.25
5827-MWCZK,0.211541,0,0,train,Month-to-month,Credit card (automatic),Fiber optic,56,96.95
1385-TQOZW,0.187538,0,0,test,Month-to-month,Credit card (automatic),No,9,20.45
5914-XRFQB,0.042904,0,0,train,Two year,Bank transfer (automatic),Fiber optic,72,115.8
4329-YPDDQ,0.324362,1,0,test,Month-to-month,Bank transfer (automatic),Fiber optic,20,108.2
4804-NCPET,0.014109,0,0,train,Two year,Mailed check,No,19,20.2
3750-CKVKH,0.728849,1,1,test,Month-to-month,Electronic check,Fiber optic,2,67.75
5944-UGLLK,0.105364,0,0,train,One year,Credit card (automatic),DSL,53,54.9
8063-GBATB,0.677108,1,1,train,Month-to-month,Electronic check,Fiber optic,27,85.25
7787-BNTZM,0.15304,0,0,train,Month-to-month,Bank transfer (automatic),No,6,20.15
2252-ISRNH,0.629144,1,0,train,One year,Electronic check,Fiber optic,9,90.35
9415-TPKRV,0.377371,1,0,train,Month-to-month,Electronic check,DSL,8,55.75
5322-TEUJK,0.023411,0,0,train,Two year,Bank transfer (automatic),Fiber optic,71,114.6
4547-KQRTM,0.642578,1,1,train,Month-to-month,Bank transfer (automatic),Fiber optic,10,80.05
4877-EVATK,0.199573,0,1,train,Month-to-month,Mailed check,No,1,20.0
1866-DIOQZ,0.032561,0,0,train,One year,Bank transfer (automatic),DSL,71,66.8
8375-KVTHK,0.156576,0,0,train,One year,Electronic check,Fiber optic,68,100.3
2697-NQBPF,0.494569,1,0,train,Month-to-month,Electronic check,Fiber optic,34,105.35
3709-OIJEA,0.182358,0,0,train,One year,Electronic check,Fiber optic,26,85.2
7639-SUPCW,0.143898,0,1,train,Month-to-month,Credit card (automatic),DSL,22,48.8
1386-ZIKUV,0.218242,0,0,test,Month-to-month,Mailed check,No,7,18.95
0599-XNYDO,0.374788,1,0,test,Month-to-month,Bank transfer (automatic),Fiber optic,20,69.8
6377-WHAOX,0.483123,1,0,test,Month-to-month,Electronic check,Fiber optic,60,106.15
6855-VLGOS,0.006152,0,0,train,Two year,Electronic check,No,72,20.55
8999-XXGNS,0.176842,0,0,train,One year,Credit card (automatic),Fiber optic,72,105.75
8746-OQQRW,0.231678,0,0,train,Month-to-month,Mailed check,No,4,25.25
3181-MIZBN,0.091117,0,0,test,Month-to-month,Electronic check,No,16,19.75
0471-ARVMX,0.281161,1,0,test,One year,Electronic check,Fiber optic,62,104.85
7766-CLTIC,0.332337,1,0,train,Month-to-month,Mailed check,DSL,10,60.95
5650-YLIBA,0.464913,1,0,test,Month-to-month,Electronic check,Fiber optic,31,81.15
0825-CPPQH,0.005288,0,0,train,Two year,Credit card (automatic),No,71,19.1
9084-OAYKL,0.010211,0,0,train,Two year,Mailed check,No,58,20.8
6122-LJADA,0.015667,0,0,train,Two year,Credit card (automatic),DSL,70,90.15
2400-XIWIO,0.018157,0,0,train,Two year,Electronic check,DSL,71,90.1
7524-VRLPL,0.011794,0,0,train,Two year,Credit card (automatic),DSL,69,74.1
1069-XAIEM,0.854464,1,1,test,Month-to-month,Electronic check,Fiber optic,1,85.05
7569-NMZYQ,0.041445,0,0,train,Two year,Bank transfer (automatic),Fiber optic,72,118.75
5201-USSQZ,0.281971,1,0,train,Month-to-month,Credit card (automatic),Fiber optic,26,85.9
2105-PHWON,0.38313,1,0,train,Month-to-month,Credit card (automatic),Fiber optic,33,95.0
1494-EJZDW,0.028945,0,0,test,Two year,Mailed check,No,10,20.15
4884-TVUQF,0.05359,0,0,train,Two year,Credit card (automatic),Fiber optic,57,101.3
8003-EWNDZ,0.230886,0,0,train,Month-to-month,Electronic check,No,10,21.2
1897-RCFUM,0.034353,0,0,train,One year,Mailed check,No,39,24.2
9256-JTBNZ,0.121884,0,0,test,Month-to-month,Bank transfer (automatic),No,11,20.3
4658-HCOHW,0.444992,1,1,test,Month-to-month,Electronic check,Fiber optic,21,102.8
2211-RMNHO,0.015632,0,0,train,Two year,Bank transfer (automatic),DSL,68,85.3
2432-TFSMK,0.376552,1,0,test,One year,Credit card (automatic),Fiber optic,18,89.6
3440-JPSCL,0.652008,1,1,train,Month-to-month,Mailed check,Fiber optic,6,99.95
4929-ROART,0.145849,0,0,train,Month-to-month,Mailed check,DSL,18,56.25
1834-ABKHQ,0.067513,0,0,train,One year,Bank transfer (automatic),DSL,52,50.95
1741-WTPON,0.049743,0,0,test,Two year,Mailed check,Fiber optic,56,115.85
3932-IJWDZ,0.324394,1,0,train,Month-to-month,Bank transfer (automatic),Fiber optic,45,103.65
1240-HCBOH,0.013544,0,0,train,Two year,Mailed check,No,67,26.1
3594-KADLU,0.293688,1,0,test,Month-to-month,Mailed check,DSL,3,35.1
8065-BVEPF,0.297241,1,0,train,Month-to-month,Bank transfer (automatic),Fiber optic,65,99.1
3796-ENZGF,0.022829,0,0,train,Two year,Mailed check,DSL,63,67.25
1734-ZMNTZ,0.044012,0,0,train,Two year,Mailed check,No,11,25.0
2853-CWQFQ,0.378161,1,0,train,Month-to-month,Mailed check,DSL,1,59.55
0813-TAXXS,0.063407,0,0,train,Two year,Bank transfer (automatic),DSL,55,77.8
2519-TWKFS,0.106202,0,0,train,One year,Mailed check,DSL,25,55.1
2889-FPWRM,0.07435,0,1,train,One year,Bank transfer (automatic),Fiber optic,72,117.8
0626-QXNGV,0.01041,0,0,train,Two year,Credit card (automatic),No,72,24.15
6723-CEGQI,0.01552,0,0,train,Two year,Mailed check,DSL,65,45.25
6987-XQSJT,0.440129,1,1,train,Month-to-month,Electronic check,Fiber optic,54,79.5
4732-RRJZC,0.136406,0,0,train,Month-to-month,Mailed check,No,7,20.25
9499-XPZXM,0.006366,0,0,train,Two year,Bank transfer (automatic),DSL,72,64.75
4338-EYCER,0.177123,0,0,train,Month-to-month,Bank transfer (automatic),DSL,21,54.6
3007-FDPEA,0.229594,0,0,train,Month-to-month,Bank transfer (automatic),No,2,20.7
6350-XFYGW,0.842876,1,0,train,Month-to-month,Electronic check,Fiber optic,4,94.75
4290-BSXUX,0.679313,1,1,train,Month-to-month,Bank transfer (automatic),Fiber optic,3,79.65
8513-OLYGY,0.028935,0,0,train,Two year,Credit card (automatic),Fiber optic,72,115.8
0311-QYWSS,0.382151,1,0,train,Month-to-month,Electronic check,DSL,6,49.45
8705-DWKTI,0.328142,1,0,train,Month-to-month,Credit card (automatic),Fiber optic,52,83.8
8755-IWJHN,0.282823,1,0,train,Month-to-month,Bank transfer (automatic),Fiber optic,69,95.35
0325-XBFAC,0.780862,1,1,train,Month-to-month,Electronic check,Fiber optic,8,94.7
4480-QQRHC,0.642399,1,0,train,Month-to-month,Bank transfer (automatic),Fiber optic,8,74.05
0929-PECLO,0.36233,1,0,train,Month-to-month,Bank transfer (automatic),Fiber optic,63,89.6
3680-CTHUH,0.129933,0,0,test,One year,Credit card (automatic),Fiber optic,60,116.6
1202-KKGFU,0.170925,0,0,train,Month-to-month,Bank transfer (automatic),DSL,12,54.2
6112-KTHFQ,0.124847,0,0,test,Month-to-month,Mailed check,No,13,19.3
1852-XEMDW,0.120823,0,0,test,Month-to-month,Mailed check,DSL,22,65.05
2462-XIIJB,0.802548,1,1,train,Month-to-month,Electronic check,Fiber optic,5,92.5
4760-XOHVN,0.16112,0,1,train,Month-to-month,Mailed check,No,1,19.45
1820-DJFPH,0.008145,0,0,test,Two year,Bank transfer (automatic),No,72,24.05
9426-SXNHE,0.152334,0,0,train,Month-to-month,Bank transfer (automatic),No,2,18.75
9068-FHQHD,0.008566,0,0,train,Two year,Bank transfer (automatic),No,40,20.15
1269-FOYWN,0.015622,0,0,train,One year,Bank transfer (automatic),No,44,20.0
9470-YFUYI,0.020236,0,0,train,One year,Bank transfer (automatic),DSL,71,71.0
7817-BOQPW,0.783211,1,1,test,Month-to-month,Electronic check,Fiber optic,2,75.55
7402-EYFXX,0.713135,1,0,train,Month-to-month,Electronic check,Fiber optic,26,93.6
1853-UDXBW,0.691941,1,1,test,Month-to-month,Electronic check,Fiber optic,1,70.0
9895-VFOXH,0.45792,1,0,train,Month-to-month,Mailed check,DSL,1,24.4
5458-CQJTA,0.01394,0,1,train,Two year,Bank transfer (automatic),DSL,65,74.8
1230-QAJDW,0.503915,1,0,train,Month-to-month,Mailed check,DSL,3,65.25
5701-ZIKJE,0.204929,0,0,train,Month-to-month,Mailed check,DSL,13,50.55
5219-YIPTK,0.613345,1,1,train,Month-to-month,Electronic check,Fiber optic,33,104.4
5032-MIYKT,0.658563,1,0,train,Month-to-month,Mailed check,Fiber optic,1,70.7
7396-VJUZB,0.261878,1,0,train,Month-to-month,Mailed check,DSL,4,45.25
9717-QEBGU,0.719728,1,0,test,Month-to-month,Electronic check,Fiber optic,2,70.3
5172-RKOCB,0.039005,0,0,train,Two year,Credit card (automatic),Fiber optic,72,108.95
6509-TSGWN,0.053907,0,0,train,Month-to-month,Mailed check,No,37,26.45
3540-RZJYU,0.383931,1,1,test,Month-to-month,Electronic check,Fiber optic,15,86.2
3178-CIFOT,0.04237,0,0,train,One year,Credit card (automatic),No,23,19.65
2091-MJTFX,0.186298,0,1,test,Month-to-month,Credit card (automatic),DSL,30,51.2
4530-NDRKU,0.031235,0,0,test,One year,Electronic check,No,42,19.05
5985-TBABQ,0.114409,0,0,train,One year,Mailed check,DSL,32,74.75
9800-ONTFE,0.403278,1,0,train,Month-to-month,Bank transfer (automatic),Fiber optic,22,75.8
6743-HHQPF,0.182614,0,0,train,Month-to-month,Credit card (automatic),DSL,42,25.1
8455-HIRAQ,0.28754,1,0,test,Month-to-month,Mailed check,DSL,8,44.45
6616-AALSR,0.076484,0,0,train,Two year,Credit card (automatic),Fiber optic,65,104.3
0883-EIBTI,0.179901,0,1,train,Month-to-month,Mailed check,No,2,19.5
9415-ZNBSX,0.018395,0,0,train,Two year,Bank transfer (automatic),DSL,70,89.0
4018-KJYUY,0.058845,0,0,train,Month-to-month,Credit card (automatic),No,22,20.15
0722-TROQR,0.812242,1,1,train,Month-to-month,Electronic check,Fiber optic,4,74.9
7571-YXDAD,0.627773,1,1,test,Month-to-month,Credit card (automatic),Fiber optic,2,74.9
3884-UEBXB,0.009925,0,0,test,Two year,Bank transfer (automatic),DSL,67,36.15
8780-RSYYU,0.095049,0,0,test,Month-to-month,Credit card (automatic),No,25,19.2
5537-UXXVS,0.067127,0,0,test,Month-to-month,Bank transfer (automatic),No,20,19.25
1791-PQHBB,0.324262,1,0,train,Month-to-month,Credit card (automatic),DSL,2,61.2
8701-DGLVH,0.011781,0,0,test,Two year,Mailed check,No,51,20.45
8741-LQOBK,0.053117,0,0,test,Month-to-month,Bank transfer (automatic),DSL,46,35.05
3393-FMZPV,0.675403,1,1,train,Month-to-month,Electronic check,Fiber optic,25,100.25
8082-GHXOP,0.156169,0,0,train,Month-to-month,Mailed check,DSL,13,44.0
6402-ZFPPI,0.528087,1,1,train,Month-to-month,Mailed check,Fiber optic,25,102.8
0980-FEXWF,0.067868,0,0,test,One year,Mailed check,DSL,26,50.35
7486-KSRVI,0.274447,1,1,train,One year,Electronic check,Fiber optic,43,100.0
3011-WQKSZ,0.110636,0,0,test,Month-to-month,Electronic check,No,19,20.0
8443-WVPSS,0.718955,1,1,train,Month-to-month,Electronic check,Fiber optic,10,99.85
3006-XIMLN,0.786144,1,1,test,Month-to-month,Bank transfer (automatic),Fiber optic,2,94.2
8218-FFJDS,0.02045,0,0,train,Two year,Bank transfer (automatic),DSL,72,86.4
1986-PHGZF,0.166605,0,0,train,Month-to-month,Credit card (automatic),DSL,18,58.4
9965-YOKZB,0.825526,1,1,train,Month-to-month,Electronic check,Fiber optic,9,83.85
0504-HHAPI,0.432568,1,1,train,Month-to-month,Credit card (automatic),Fiber optic,27,88.3
9360-OMDZZ,0.671696,1,0,train,Month-to-month,Electronic check,Fiber optic,24,94.1
6305-YLBMM,0.099874,0,1,train,One year,Bank transfer (automatic),Fiber optic,69,104.05
0345-XMMUG,0.099678,0,0,train,Two year,Credit card (automatic),Fiber optic,46,108.9
8024-XNAFQ,0.034712,0,0,test,Two year,Bank transfer (automatic),Fiber optic,72,107.4
3647-GMGDH,0.500977,1,1,train,Month-to-month,Credit card (automatic),Fiber optic,22,94.7
2988-GBIVW,0.297172,1,0,train,Month-to-month,Electronic check,Fiber optic,70,90.85
2832-SCUCO,0.206933,0,0,train,Month-to-month,Electronic check,No,2,19.9
7036-ZZKBD,0.169381,0,0,train,Month-to-month,Credit card (automatic),DSL,31,66.4
3791-LGQCY,0.530769,1,1,train,Month-to-month,Bank transfer (automatic),Fiber optic,56,100.65
0265-PSUAE,0.319339,1,0,test,Month-to-month,Bank transfer (automatic),Fiber optic,16,100.7
0463-TXOAK,0.011885,0,0,test,Two year,Credit card (automatic),No,52,25.6
0594-UFTUL,0.111138,0,0,train,Month-to-month,Mailed check,No,13,19.85
9509-MPYOD,0.022323,0,0,train,One year,Mailed check,No,35,20.75
9128-CPXKI,0.105548,0,0,test,Two year,Electronic check,Fiber optic,59,95.8
0129-KPTWJ,0.356236,1,0,train,Month-to-month,Electronic check,Fiber optic,72,94.65
8166-ZZTFS,0.044952,0,1,train,Two year,Bank transfer (automatic),DSL,66,80.55
5855-EIBDE,0.052522,0,0,train,Two year,Credit card (automatic),Fiber optic,49,106.65
5365-LLFYV,0.457079,1,0,train,Month-to-month,Mailed check,DSL,2,45.85
5956-YHHRX,0.674275,1,0,train,Month-to-month,Electronic check,Fiber optic,21,104.35
6008-NAIXK,0.231541,0,0,train,One year,Electronic check,DSL,54,55.45
2956-GGUCQ,0.441848,1,1,train,Month-to-month,Electronic check,Fiber optic,24,78.85
1928-BXYIV,0.38991,1,0,train,Month-to-month,Electronic check,DSL,1,61.15
5760-FXFVO,0.571636,1,0,test,Month-to-month,Electronic check,Fiber optic,6,78.95
6595-COKXZ,0.446958,1,1,train,Month-to-month,Mailed check,DSL,1,44.45
0961-ZWLVI,0.188738,0,0,train,One year,Credit card (automatic),Fiber optic,49,109.2
5181-OABFK,0.014193,0,0,test,Two year,Credit card (automatic),DSL,56,61.3
4007-NHVHI,0.366069,1,0,train,Month-to-month,Electronic check,Fiber optic,56,96.85
7816-VGHTO,0.07819,0,0,test,Two year,Mailed check,DSL,6,40.55
5871-DGTXZ,0.025277,0,0,train,One year,Mailed check,No,32,19.8
7550-WIQVA,0.26211,1,0,train,One year,Electronic check,Fiber optic,50,108.25
7544-ZVIKX,0.18969,0,0,train,One year,Bank transfer (automatic),Fiber optic,58,105.05
0016-QLJIS,0.019516,0,0,train,Two year,Mailed check,DSL,65,90.45
7508-DQAKK,0.025601,0,0,train,Two year,Credit card (automatic),DSL,64,86.4
5176-OLSKT,0.012071,0,0,train,Two year,Bank transfer (automatic),DSL,66,66.9
9356-AXGMP,0.300099,1,0,train,One year,Electronic check,Fiber optic,38,110.7
3556-BVQGL,0.047103,0,0,train,One year,Mailed check,No,20,20.0
0362-ZBZWJ,0.493254,1,1,train,Month-to-month,Electronic check,Fiber optic,36,84.9
8979-CAMGB,0.214287,0,0,train,One year,Electronic check,Fiber optic,64,102.1
4211-MMAZN,0.191474,0,1,test,Month-to-month,Mailed check,No,1,20.25
7581-EBBOU,0.043677,0,0,test,One year,Credit card (automatic),DSL,60,70.15
4274-OWWYO,0.683629,1,1,train,Month-to-month,Electronic check,Fiber optic,1,74.35
5073-RZGBK,0.056106,0,0,train,One year,Bank transfer (automatic),DSL,50,80.05
1541-ETJZO,0.355765,1,1,test,Month-to-month,Mailed check,DSL,1,62.05
2192-CKRLV,0.028752,0,0,train,Two year,Electronic check,DSL,72,49.2
3154-HMWUU,0.010466,0,0,train,Two year,Bank transfer (automatic),No,60,20.5
6119-SPUDB,0.014745,0,0,test,Two year,Mailed check,DSL,46,38.25
6522-OIQSX,0.039423,0,0,train,Two year,Credit card (automatic),DSL,69,54.95
7813-ZGGAW,0.412808,1,0,train,Month-to-month,Bank transfer (automatic),Fiber optic,31,96.6
8748-HFWBO,0.028645,0,0,train,One year,Mailed check,No,19,19.9
1052-QJIBV,0.004283,0,0,train,Two year,Credit card (automatic),No,71,19.9
1319-YLZJG,0.51786,1,0,test,Month-to-month,Electronic check,Fiber optic,12,84.6
4106-HADHQ,0.035214,0,1,train,One year,Credit card (automatic),DSL,39,80.0
0723-FDLAY,0.071386,0,0,train,One year,Bank transfer (automatic),DSL,44,85.25
3050-RLLXC,0.016113,0,0,train,Two year,Credit card (automatic),DSL,56,81.25
9298-WGMRW,0.04264,0,0,test,Two year,Bank transfer (automatic),Fiber optic,72,115.5
2369-UAPKZ,0.70612,1,1,train,Month-to-month,Mailed check,Fiber optic,5,104.1
3088-LHEFH,0.56571,1,0,train,Month-to-month,Bank transfer (automatic),Fiber optic,11,79.0
2778-OCLGR,0.195727,0,1,test,Month-to-month,Bank transfer (automatic),DSL,24,39.1
6583-KQJLK,0.697686,1,0,train,Month-to-month,Electronic check,Fiber optic,15,94.65
8544-JNBOX,0.00809,0,0,train,Two year,Mailed check,No,72,20.8
6681-ZSEXG,0.026445,0,0,test,Two year,Credit card (automatic),DSL,56,59.5
6139-ZZRBQ,0.008612,0,0,train,Two year,Bank transfer (automatic),No,64,20.05
6116-RFVHN,0.615357,1,0,train,Month-to-month,Electronic check,Fiber optic,34,100.45
0637-KVDLV,0.764991,1,1,train,Month-to-month,Electronic check,Fiber optic,2,76.5
8884-FEEWR,0.022119,0,0,train,One year,Bank transfer (automatic),No,35,20.6
3125-RAHBV,0.029366,0,0,test,One year,Credit card (automatic),No,22,20.3
6633-MPWBS,0.374513,1,1,train,Month-to-month,Electronic check,DSL,5,49.2
0373-AIVNJ,0.157193,0,0,test,One year,Mailed check,DSL,9,39.55
8785-EPNCG,0.159558,0,1,train,Month-to-month,Credit card (automatic),No,11,23.15
1682-VCOIO,0.032545,0,0,train,One year,Mailed check,No,23,20.45
5729-KLZAR,0.635594,1,1,train,Month-to-month,Electronic check,Fiber optic,4,80.85
2072-ZVJJX,0.006391,0,0,train,Two year,Bank transfer (automatic),No,68,25.25
8849-AYPTR,0.447018,1,0,test,Month-to-month,Electronic check,Fiber optic,33,91.25
9518-IMLHK,0.086238,0,0,train,Month-to-month,Bank transfer (automatic),DSL,31,72.45
1582-RAFML,0.340663,1,1,train,Month-to-month,Mailed check,DSL,1,60.1
3646-ITDGM,0.008912,0,0,test,Two year,Bank transfer (automatic),No,56,19.7
8740-CRYFY,0.765895,1,1,train,Month-to-month,Electronic check,Fiber optic,1,78.95
3569-VLDHH,0.028862,0,0,train,One year,Electronic check,DSL,66,75.1
8224-KDLKN,0.005608,0,0,test,Two year,Bank transfer (automatic),No,72,25.0
7594-LZNWR,0.234803,0,0,train,Month-to-month,Credit card (automatic),Fiber optic,34,69.15
4001-TSBTV,0.300555,1,0,train,Month-to-month,Electronic check,Fiber optic,58,91.55
2962-XPMCQ,0.490128,1,1,train,Month-to-month,Electronic check,DSL,2,45.15
8727-XDPUD,0.047164,0,0,test,Two year,Credit card (automatic),DSL,37,35.8
1043-UXOVO,0.045382,0,0,train,Two year,Credit card (automatic),Fiber optic,71,113.15
1064-FBXNK,0.082584,0,0,train,One year,Credit card (automatic),No,1,19.85
3996-ZNWYK,0.003981,0,0,train,Two year,Credit card (automatic),No,71,19.8
2878-DHMIN,0.028727,0,0,train,One year,Electronic check,No,35,19.9
7762-ONLJY,0.074649,0,0,test,One year,Mailed check,No,6,19.7
1678-FYZOW,0.772981,1,1,train,Month-to-month,Electronic check,Fiber optic,3,79.4
5795-BKOYE,0.013473,0,0,train,One year,Bank transfer (automatic),DSL,69,59.1
8627-EHGIP,0.137888,0,1,train,One year,Mailed check,DSL,44,53.95
7402-PWYJJ,0.269342,1,0,train,One year,Electronic check,Fiber optic,53,91.15
5480-TBGPH,0.482051,1,1,train,Month-to-month,Credit card (automatic),Fiber optic,24,99.3
0018-NYROU,0.723802,1,0,train,Month-to-month,Electronic check,Fiber optic,5,68.95
7501-VTYLJ,0.251099,1,0,train,Month-to-month,Mailed check,DSL,2,51.55
7608-RGIRO,0.011358,0,0,train,Two year,Mailed check,No,62,24.4
0480-BIXDE,0.622978,1,0,train,Month-to-month,Electronic check,Fiber optic,19,96.8
5895-QSXOD,0.50562,1,0,train,Month-to-month,Mailed check,Fiber optic,9,70.05
9814-AOUDH,0.010096,0,0,test,Two year,Credit card (automatic),No,53,19.5
6175-IRFIT,0.617306,1,0,test,Month-to-month,Mailed check,Fiber optic,5,78.75
8760-ZRHKE,0.039651,0,0,train,One year,Electronic check,DSL,71,69.2
1622-HSHSF,0.256069,1,0,test,Month-to-month,Mailed check,No,1,19.55
8854-CCVSQ,0.532027,1,1,train,Month-to-month,Electronic check,Fiber optic,18,80.65
6749-UTDVX,0.132021,0,0,train,Two year,Electronic check,Fiber optic,72,103.65
5542-DHSXL,0.198072,0,0,train,Month-to-month,Mailed check,DSL,4,54.7
9102-OXKFY,0.021002,0,0,train,Two year,Credit card (automatic),DSL,59,54.15
0511-JTEOY,0.566059,1,1,train,Month-to-month,Mailed check,Fiber optic,1,71.1
5216-WASFJ,0.657162,1,0,train,Month-to-month,Electronic check,Fiber optic,31,84.85
7808-DVWEP,0.168314,0,0,train,Month-to-month,Bank transfer (automatic),No,3,20.0
7067-KSAZT,0.300637,1,1,test,One year,Electronic check,Fiber optic,65,106.25
2284-VFLKH,0.184094,0,0,train,One year,Credit card (automatic),Fiber optic,49,99.25
0366-NQSHS,0.204258,0,0,train,Month-to-month,Mailed check,No,2,19.35
6532-YLWSI,0.023523,0,1,train,One year,Bank transfer (automatic),No,53,20.8
3807-BPOMJ,0.260437,1,0,train,One year,Electronic check,Fiber optic,55,94.75
3892-NXAZG,0.034235,0,0,train,Two year,Credit card (automatic),Fiber optic,72,114.05
4948-WBBKL,0.38724,1,0,train,Month-to-month,Bank transfer (automatic),Fiber optic,36,74.9
4182-BGSIQ,0.179325,0,0,train,Month-to-month,Bank transfer (automatic),No,10,19.8
9300-AGZNL,0.881069,1,1,train,Month-to-month,Electronic check,Fiber optic,1,94.0
0988-AADSA,0.008151,0,0,train,Two year,Bank transfer (automatic),DSL,72,80.85
9972-NKTFD,0.085326,0,0,test,Month-to-month,Bank transfer (automatic),DSL,28,54.65
3717-LNXKW,0.237316,0,0,train,Month-to-month,Bank transfer (automatic),Fiber optic,38,91.7
5734-EJKXG,0.180353,0,0,train,One year,Electronic check,Fiber optic,61,118.6
2207-RYYRL,0.015428,0,0,train,Two year,Mailed check,No,52,24.55
6729-FZWSY,0.018964,0,0,train,One year,Mailed check,No,67,19.45
9695-IDRZR,0.06846,0,0,train,Two year,Credit card (automatic),Fiber optic,34,116.15
8144-DGHXP,0.023834,0,0,train,Two year,Electronic check,DSL,54,80.6
7814-LEEVE,0.242043,1,0,train,Month-to-month,Bank transfer (automatic),No,1,20.3
1112-CUNAO,0.578603,1,1,test,Month-to-month,Electronic check,Fiber optic,15,89.85
5175-AOBHI,0.404309,1,1,train,Month-to-month,Mailed check,DSL,4,46.0
5174-RNGBH,0.223335,0,1,train,Month-to-month,Mailed check,DSL,9,66.25
8631-WUXGY,0.34301,1,0,train,Month-to-month,Electronic check,Fiber optic,46,99.8
7270-BDIOA,0.50978,1,1,train,Month-to-month,Electronic check,Fiber optic,22,90.0
9565-JSNFM,0.149677,0,1,test,One year,Bank transfer (automatic),Fiber optic,38,70.45
5906-DVAPM,0.051108,0,0,train,One year,Credit card (automatic),DSL,55,75.0
6654-QGBZZ,0.18947,0,0,test,Month-to-month,Mailed check,No,1,19.9
8348-JLBUG,0.062996,0,0,train,One year,Credit card (automatic),Fiber optic,64,80.3
0607-DAAHE,0.009414,0,1,train,Two year,Bank transfer (automatic),No,53,19.75
5641-DMBFJ,0.054477,0,0,train,Two year,Electronic check,DSL,58,84.3
9200-NLNPD,0.143558,0,0,train,One year,Bank transfer (automatic),DSL,56,54.05
2664-XJZNO,0.024093,0,0,train,Two year,Credit card (automatic),Fiber optic,72,104.9
9732-KPKBW,0.350972,1,1,test,Month-to-month,Electronic check,DSL,1,53.95
3339-EAQNV,0.193102,0,0,test,One year,Credit card (automatic),Fiber optic,72,97.25
0921-OHLVP,0.438447,1,0,train,Month-to-month,Electronic check,Fiber optic,22,83.05
3389-YGYAI,0.836246,1,1,train,Month-to-month,Electronic check,Fiber optic,8,105.5
9560-ARGQJ,0.50693,1,1,train,Month-to-month,Electronic check,Fiber optic,16,81.0
8350-NYMVI,0.07014,0,0,train,Month-to-month,Bank transfer (automatic),DSL,39,41.1
1600-DILPE,0.313133,1,0,train,Month-to-month,Bank transfer (automatic),DSL,12,45.0
0536-ESJEP,0.042044,0,0,train,Two year,Bank transfer (automatic),DSL,54,74.55
4654-GGUII,0.083747,0,0,train,One year,Mailed check,DSL,18,40.2
6478-HRRCZ,0.03734,0,0,train,One year,Mailed check,DSL,32,70.5
8510-BBWMU,0.030038,0,0,train,One year,Mailed check,No,41,19.75
6857-TKDJV,0.00749,0,0,train,Two year,Bank transfer (automatic),No,67,24.65
2360-RDGRO,0.42141,1,0,train,Month-to-month,Electronic check,Fiber optic,65,104.25
0584-BJQGZ,0.157048,0,0,train,Month-to-month,Bank transfer (automatic),DSL,25,78.35
5134-IKDAY,0.699355,1,1,train,Month-to-month,Electronic check,Fiber optic,1,69.8
1360-XFJMR,0.147309,0,0,test,One year,Credit card (automatic),Fiber optic,67,109.7
3070-DVEYC,0.648719,1,1,train,Month-to-month,Mailed check,Fiber optic,7,73.75
5730-RIITO,0.134728,0,0,train,Month-to-month,Credit card (automatic),DSL,43,33.45
9058-MJLZC,0.46708,1,0,train,Month-to-month,Electronic check,Fiber optic,24,94.6
5707-ORNDZ,0.39548,1,1,train,Month-to-month,Electronic check,DSL,9,54.55
0902-XKXPN,0.00511,0,0,train,Two year,Bank transfer (automatic),No,69,20.2
5177-RVZNU,0.019231,0,0,train,One year,Bank transfer (automatic),No,37,20.3
0056-EPFBG,0.034541,0,0,test,Two year,Credit card (automatic),DSL,20,39.4
8993-IZEUX,0.509236,1,0,train,Month-to-month,Bank transfer (automatic),Fiber optic,7,69.15
8696-JKZNU,0.470297,1,1,test,Month-to-month,Electronic check,Fiber optic,37,76.25
5380-AFSSK,0.796776,1,1,train,Month-to-month,Mailed check,Fiber optic,5,93.9
8190-ZTQFB,0.206881,0,0,test,One year,Electronic check,DSL,41,51.35
0931-MHTEM,0.174474,0,0,train,One year,Credit card (automatic),Fiber optic,54,100.05
2055-PDADH,0.742528,1,1,train,Month-to-month,Electronic check,Fiber optic,3,70.4
7515-LODFU,0.006082,0,0,test,Two year,Credit card (automatic),No,69,20.3
0440-UEDAI,0.134647,0,0,test,One year,Credit card (automatic),Fiber optic,53,94.45
1337-BOZWO,0.101505,0,0,train,One year,Credit card (automatic),DSL,18,46.4
0868-VJRDR,0.042157,0,0,test,Two year,Credit card (automatic),Fiber optic,64,104.05
8714-EUHJO,0.488445,1,1,test,Month-to-month,Electronic check,Fiber optic,31,91.15
6344-SFJVH,0.193231,0,0,train,Month-to-month,Credit card (automatic),DSL,20,24.9
3950-VPYJB,0.017576,0,0,train,One year,Mailed check,DSL,57,59.6
8041-TMEID,0.062687,0,0,train,Two year,Credit card (automatic),Fiber optic,63,108.5
7321-ZNSLA,0.023722,0,0,train,Two year,Mailed check,DSL,13,40.55
6941-KXRRV,0.061537,0,0,train,One year,Bank transfer (automatic),DSL,48,58.95
3721-CNEYS,0.711936,1,1,test,Month-to-month,Electronic check,Fiber optic,2,70.95
8727-JQFHV,0.008114,0,0,train,Two year,Mailed check,No,57,20.75
9475-NNDGC,0.116906,0,0,train,One year,Bank transfer (automatic),Fiber optic,71,113.15
1355-KUSBG,0.396276,1,0,train,Month-to-month,Electronic check,DSL,7,48.8
3688-FTHLT,0.296517,1,0,train,Month-to-month,Bank transfer (automatic),DSL,16,63.05
0899-LIIBW,0.536257,1,0,test,Month-to-month,Electronic check,Fiber optic,34,100.85
2568-OIADY,0.593777,1,1,train,Month-to-month,Electronic check,Fiber optic,37,99.5
1384-RCUXW,0.478154,1,0,train,Month-to-month,Mailed check,Fiber optic,16,80.55
5825-XJOCM,0.032153,0,0,test,One year,Bank transfer (automatic),DSL,48,64.4
6848-YLDFR,0.052271,0,0,test,One year,Credit card (automatic),DSL,58,75.2
8125-QPFJD,0.023891,0,0,train,Two year,Bank transfer (automatic),DSL,72,84.9
2320-YKQBO,0.150452,0,0,train,Month-to-month,Mailed check,No,7,19.3
1193-RTSLK,0.202197,0,1,train,Month-to-month,Credit card (automatic),Fiber optic,38,83.9
2302-ANTDP,0.243047,1,1,train,Month-to-month,Electronic check,Fiber optic,48,117.45
5923-GXUOC,0.644425,1,1,train,Month-to-month,Electronic check,Fiber optic,10,104.4
4973-RLZVI,0.03729,0,0,test,One year,Credit card (automatic),DSL,30,74.65
7869-ZYDST,0.305058,1,0,train,Month-to-month,Credit card (automatic),DSL,31,59.05
4501-UYKBC,0.076976,0,0,test,One year,Credit card (automatic),DSL,46,69.1
1215-EXRMO,0.011637,0,0,train,Two year,Mailed check,No,50,20.55
2305-MRGLV,0.201087,0,0,train,Month-to-month,Bank transfer (automatic),Fiber optic,28,76.55
8404-VIOMB,0.030737,0,0,train,Two year,Bank transfer (automatic),DSL,66,62.5
5233-GEEAX,0.639352,1,1,train,Month-to-month,Electronic check,DSL,8,29.4
2359-KLTEK,0.338221,1,0,train,Month-to-month,Bank transfer (automatic),Fiber optic,41,94.9
5304-EFJLP,0.063454,0,0,train,Two year,Bank transfer (automatic),Fiber optic,72,111.65
2673-ZALNP,0.082544,0,0,train,One year,Mailed check,No,7,19.9
9184-GALIL,0.038785,0,0,train,Month-to-month,Mailed check,No,38,20.45
4393-RYCRE,0.177785,0,0,train,One year,Electronic check,Fiber optic,44,106.05
9746-MDMBK,0.112315,0,0,train,One year,Bank transfer (automatic),Fiber optic,47,113.45
3162-ZJZFU,0.292044,1,0,train,Month-to-month,Electronic check,Fiber optic,53,92.55
8404-GFGCZ,0.581187,1,0,train,Month-to-month,Electronic check,DSL,4,65.6
8875-AKBYH,0.671586,1,0,train,Month-to-month,Electronic check,Fiber optic,20,84.35
4432-ADRLB,0.369317,1,1,train,Month-to-month,Mailed check,DSL,2,44.65
0533-UCAAU,0.113466,0,0,train,One year,Credit card (automatic),DSL,57,71.1
1394-SUIUH,0.205503,0,0,train,Month-to-month,Electronic check,Fiber optic,44,85.15
3521-MNKLV,0.163894,0,0,train,Month-to-month,Mailed check,DSL,24,49.7
2533-TIBIX,0.20927,0,0,train,Month-to-month,Bank transfer (automatic),DSL,15,30.2
8993-PHFWD,0.52333,1,1,test,Month-to-month,Electronic check,DSL,3,25.25
1565-RHDJD,0.57343,1,1,train,Month-to-month,Bank transfer (automatic),Fiber optic,4,84.05
7137-RYLPP,0.591198,1,1,train,Month-to-month,Electronic check,Fiber optic,37,85.7
3765-JXVKY,0.717001,1,1,train,Month-to-month,Electronic check,Fiber optic,1,74.7
5092-STPKP,0.054971,0,0,train,Month-to-month,Credit card (automatic),DSL,24,56.35
7330-WZLNC,0.779362,1,1,train,Month-to-month,Electronic check,Fiber optic,5,90.8
0114-PEGZZ,0.546193,1,0,train,Month-to-month,Electronic check,Fiber optic,33,107.55
3359-DSRKA,0.009924,0,0,train,Two year,Mailed check,No,58,19.85
8639-NHQEI,0.036939,0,0,train,Two year,Bank transfer (automatic),Fiber optic,72,95.9
7161-DFHUF,0.00843,0,0,train,Two year,Mailed check,No,71,23.85
3957-LXOLK,0.713243,1,1,train,Month-to-month,Electronic check,Fiber optic,28,106.15
3720-DBRWL,0.024339,0,0,train,Two year,Credit card (automatic),DSL,51,83.85
6635-MYYYZ,0.043772,0,1,train,One year,Bank transfer (automatic),DSL,30,85.35
8565-WUXZU,0.02039,0,0,train,Two year,Credit card (automatic),Fiber optic,72,84.8
5281-BUZGT,0.464532,1,1,test,Month-to-month,Electronic check,Fiber optic,36,90.85
4994-OBRSZ,0.018727,0,0,train,Two year,Bank transfer (automatic),DSL,14,76.1
0562-FGDCR,0.007861,0,0,test,Two year,Mailed check,DSL,72,74.55
2436-QBZFP,0.230267,0,0,train,Month-to-month,Electronic check,DSL,22,39.2
3420-YJLQT,0.705186,1,0,train,Month-to-month,Electronic check,Fiber optic,2,79.55
6040-CGACY,0.085982,0,0,train,Month-to-month,Mailed check,No,15,19.6
6582-PLFUU,0.009795,0,0,train,Two year,Credit card (automatic),No,51,19.55
8242-PDSGJ,0.014148,0,0,train,Two year,Credit card (automatic),DSL,70,39.15
0264-CNITK,0.00427,0,0,train,Two year,Bank transfer (automatic),No,71,20.1
0089-IIQKO,0.35129,1,0,train,Month-to-month,Credit card (automatic),Fiber optic,39,99.95
7839-NUIAA,0.075004,0,0,train,Month-to-month,Electronic check,DSL,61,59.8
6075-QMNRR,0.095725,0,0,test,Month-to-month,Bank transfer (automatic),DSL,52,49.75
5378-IKEEG,0.716964,1,1,train,Month-to-month,Electronic check,DSL,1,35.75
5966-EMAZU,0.149934,0,0,test,One year,Mailed check,Fiber optic,64,108.5
0440-EKDCF,0.018326,0,0,train,Two year,Credit card (automatic),DSL,62,60.15
4774-HHGGS,0.012028,0,0,train,Two year,Mailed check,No,30,19.05
2718-GAXQD,0.364585,1,1,train,Month-to-month,Electronic check,DSL,4,46.0
2055-BFOCC,0.037206,0,0,train,One year,Bank transfer (automatic),DSL,63,84.0
8180-AKMJV,0.403651,1,0,train,Month-to-month,Credit card (automatic),DSL,1,44.55
4298-OYIFC,0.661634,1,0,train,Month-to-month,Electronic check,Fiber optic,15,103.45
5566-SOEZD,0.11938,0,0,test,One year,Credit card (automatic),Fiber optic,27,80.65
9842-EFSYY,0.508003,1,0,test,Month-to-month,Mailed check,DSL,4,57.2
2272-WUSPA,0.081107,0,0,test,Two year,Electronic check,Fiber optic,72,110.75
4584-LBNMK,0.024044,0,0,train,One year,Credit card (automatic),No,45,24.7
3898-GUYTS,0.27167,1,0,train,Month-to-month,Electronic check,Fiber optic,45,97.05
0930-EHUZA,0.050721,0,0,train,One year,Mailed check,DSL,36,76.35
6413-XKKPU,0.417527,1,1,train,Month-to-month,Electronic check,Fiber optic,17,89.4
9975-SKRNR,0.194566,0,0,train,Month-to-month,Mailed check,No,1,18.9
3703-KBKZP,0.545637,1,0,train,Month-to-month,Bank transfer (automatic),Fiber optic,16,74.45
1449-XQEMT,0.258053,1,1,train,Month-to-month,Mailed check,No,3,19.8
2626-URJFX,0.534435,1,1,train,Month-to-month,Electronic check,DSL,4,50.9
4973-MGTON,0.011242,0,0,train,Two year,Credit card (automatic),DSL,71,84.4
3682-YEUWS,0.212606,0,0,train,Month-to-month,Mailed check,No,10,24.4
1223-UNPKS,0.013674,0,0,train,Two year,Mailed check,No,20,20.05
2612-RRIDN,0.749385,1,1,train,Month-to-month,Electronic check,Fiber optic,4,81.0
4735-ASGMA,0.703083,1,1,test,Month-to-month,Electronic check,Fiber optic,26,98.35
3446-QDSZF,0.381964,1,0,train,Month-to-month,Credit card (automatic),DSL,4,55.5
3669-LVWZB,0.606937,1,1,train,Month-to-month,Mailed check,DSL,5,51.0
6892-EZDTG,0.805891,1,1,train,Month-to-month,Electronic check,Fiber optic,4,91.65
5117-IFGPS,0.66241,1,0,train,Month-to-month,Electronic check,Fiber optic,29,84.3
7379-FNIUJ,0.642603,1,0,train,Month-to-month,Electronic check,Fiber optic,2,100.2
1627-AFWVJ,0.011931,0,0,train,Two year,Mailed check,No,29,19.4
9725-SCPZG,0.811683,1,1,train,Month-to-month,Electronic check,Fiber optic,1,90.85
5884-GCYMI,0.569755,1,1,train,Month-to-month,Mailed check,Fiber optic,1,69.4
3217-FZDMN,0.755,1,1,train,Month-to-month,Credit card (automatic),Fiber optic,8,94.45
4486-EFAEB,0.167653,0,0,train,Month-to-month,Electronic check,No,13,20.4
0060-FUALY,0.354549,1,0,train,Month-to-month,Electronic check,Fiber optic,59,94.75
7853-GVUDZ,0.187063,0,1,train,Month-to-month,Credit card (automatic),No,1,20.15
7480-QNVZJ,0.626223,1,1,train,Month-to-month,Electronic check,Fiber optic,50,95.7
6954-OOYZZ,0.220669,0,0,train,Month-to-month,Bank transfer (automatic),DSL,18,44.35
7088-FBAWU,0.148858,0,0,train,Month-to-month,Mailed check,DSL,17,74.55
8313-AFGBW,0.04198,0,0,train,Two year,Electronic check,DSL,47,73.6
3943-KDREE,0.461447,1,1,train,Month-to-month,Bank transfer (automatic),Fiber optic,26,74.95
9239-ZBZZV,0.733968,1,1,train,Month-to-month,Electronic check,DSL,6,47.95
3097-IDVPU,0.172398,0,0,train,Month-to-month,Credit card (automatic),DSL,19,50.1
4398-HSCJH,0.591612,1,1,train,Month-to-month,Electronic check,DSL,3,63.6
2197-OMWGI,0.070471,0,0,train,Two year,Electronic check,DSL,68,53.0
2303-PJYHN,0.216843,0,0,train,Month-to-month,Bank transfer (automatic),No,2,19.85
9795-VOWON,0.287266,1,0,train,One year,Credit card (automatic),DSL,7,24.35
1237-WIYYZ,0.096806,0,0,train,Month-to-month,Mailed check,No,18,19.55
1987-AUELQ,0.00608,0,0,train,Two year,Credit card (automatic),No,71,25.05
7852-LECYP,0.394143,1,0,train,Month-to-month,Credit card (automatic),Fiber optic,13,93.8
4430-UZIPO,0.418382,1,1,train,Month-to-month,Mailed check,DSL,3,36.85
4822-LPTYJ,0.082537,0,0,train,Two year,Bank transfer (automatic),Fiber optic,72,103.75
8165-CBKXO,0.040959,0,0,train,Two year,Credit card (automatic),DSL,66,56.75
6527-PZFPV,0.033227,0,0,test,One year,Credit card (automatic),No,24,20.8
4855-SNKMY,0.493329,1,1,train,Month-to-month,Electronic check,DSL,1,44.1
9593-CVZKR,0.01747,0,0,train,Two year,Mailed check,No,56,24.45
8595-SIZNC,0.046555,0,0,train,One year,Bank transfer (automatic),No,22,25.6
8008-HAWED,0.535733,1,1,train,Month-to-month,Electronic check,DSL,14,50.75
7124-UGSUR,0.26377,1,1,test,One year,Credit card (automatic),Fiber optic,61,104.4
1862-SKORY,0.282668,1,1,train,Month-to-month,Electronic check,DSL,40,39.3
5236-XMZJY,0.048167,0,0,test,Month-to-month,Bank transfer (automatic),DSL,42,59.65
4827-DPADN,0.014727,0,0,train,Two year,Bank transfer (automatic),DSL,72,83.3
2694-CIUMO,0.544826,1,0,test,Month-to-month,Credit card (automatic),Fiber optic,12,79.55
5846-ABOBJ,0.008501,0,0,train,Two year,Bank transfer (automatic),No,71,24.45
1439-LCGVL,0.042157,0,0,train,One year,Mailed check,No,26,19.2
0909-SDHNU,0.30527,1,0,train,Month-to-month,Mailed check,DSL,7,29.8
4647-XXZAM,0.264817,1,0,train,Month-to-month,Mailed check,DSL,6,45.5
1502-XFCVR,0.181952,0,1,train,One year,Electronic check,Fiber optic,58,106.45
7740-KKCXF,0.176938,0,0,train,Month-to-month,Credit card (automatic),DSL,51,30.05
5360-XGYAZ,0.01727,0,0,train,Two year,Bank transfer (automatic),DSL,72,65.65
9692-TUSXH,0.520205,1,1,test,Month-to-month,Electronic check,Fiber optic,18,96.05
7912-SYRQT,0.670064,1,1,test,Month-to-month,Bank transfer (automatic),Fiber optic,7,75.1
3557-HTYWR,0.012011,0,0,train,Two year,Mailed check,DSL,47,74.05
4816-JBHOV,0.548061,1,1,train,Month-to-month,Electronic check,DSL,2,44.7
8920-NAVAY,0.222889,0,0,train,One year,Bank transfer (automatic),Fiber optic,62,110.75
1699-TLDLZ,0.016096,0,0,train,Two year,Mailed check,No,16,19.7
5600-PDUJF,0.301816,1,0,test,Month-to-month,Credit card (automatic),DSL,6,49.5
8292-TYSPY,0.151662,0,1,train,Month-to-month,Credit card (automatic),DSL,19,55.0
0567-XRHCU,0.021852,0,0,train,Two year,Credit card (automatic),DSL,69,43.95
1867-BDVFH,0.684363,1,1,test,Month-to-month,Electronic check,Fiber optic,11,74.35
2067-QYTCF,0.321568,1,0,train,Month-to-month,Electronic check,Fiber optic,64,111.15
2359-QWQUL,0.14416,0,1,train,One year,Credit card (automatic),Fiber optic,39,104.7
9103-TCIHJ,0.225809,0,1,test,Month-to-month,Mailed check,DSL,15,55.7
7407-SUJIZ,0.072276,0,0,train,Month-to-month,Mailed check,No,25,20.6
9150-KPBJQ,0.040639,0,0,train,Two year,Credit card (automatic),No,6,19.65
0052-DCKON,0.091995,0,0,train,One year,Bank transfer (automatic),Fiber optic,66,115.8
3654-ARMGP,0.021127,0,0,train,Two year,Credit card (automatic),DSL,61,88.65
9699-UBQFS,0.38297,1,0,train,Month-to-month,Electronic check,Fiber optic,43,94.5
9367-TCUYN,0.13072,0,0,test,Month-to-month,Mailed check,No,12,20.1
1261-FWTTE,0.342723,1,0,test,Month-to-month,Bank transfer (automatic),DSL,23,34.65
3528-HFRIQ,0.185798,0,0,train,Month-to-month,Bank transfer (automatic),DSL,71,52.3
0708-SJDIS,0.158962,0,0,train,Month-to-month,Mailed check,DSL,34,65.0
4140-WJAWW,0.146734,0,1,train,Month-to-month,Credit card (automatic),No,5,19.85
2073-QBVBI,0.036757,0,0,train,One year,Mailed check,DSL,41,35.45
6928-ONTRW,0.003184,0,0,train,Two year,Credit card (automatic),No,72,19.7
3320-VEOYC,0.760775,1,0,test,Month-to-month,Electronic check,Fiber optic,14,95.6
5231-FIQPA,0.015335,0,0,train,Two year,Mailed check,No,41,19.85
6617-WLBQC,0.112402,0,0,train,One year,Credit card (automatic),Fiber optic,23,81.85
2599-CIPQE,0.021042,0,0,train,Two year,Credit card (automatic),Fiber optic,71,109.3
6653-CBBOM,0.735849,1,1,train,Month-to-month,Electronic check,Fiber optic,1,70.3
8774-GSBUN,0.008629,0,0,train,Two year,Mailed check,No,72,25.4
7326-RIGQZ,0.650163,1,0,train,Month-to-month,Electronic check,Fiber optic,6,69.8
1401-FTHFQ,0.03554,0,0,train,One year,Credit card (automatic),No,23,20.0
3247-ZVOUO,0.718611,1,1,train,Month-to-month,Electronic check,Fiber optic,10,85.55
0254-FNMCI,0.046081,0,0,train,Two year,Electronic check,Fiber optic,72,109.9
1848-LBZHY,0.282837,1,0,test,Month-to-month,Bank transfer (automatic),DSL,7,50.3
6101-IMRMM,0.647821,1,1,train,Month-to-month,Mailed check,Fiber optic,6,94.5
8118-TJAFG,0.658711,1,0,train,Month-to-month,Electronic check,Fiber optic,9,101.5
5429-LWCMV,0.777344,1,0,train,Month-to-month,Electronic check,Fiber optic,12,89.15
7298-IZWLY,0.258396,1,0,train,Month-to-month,Mailed check,No,1,19.4
9758-MFWGD,0.04132,0,0,test,One year,Bank transfer (automatic),DSL,48,29.9
3955-JBZZM,0.437671,1,0,train,Month-to-month,Electronic check,Fiber optic,20,78.8
1268-ASBGA,0.598956,1,1,train,Month-to-month,Credit card (automatic),Fiber optic,16,85.35
8943-URTMR,0.693931,1,1,train,Month-to-month,Mailed check,Fiber optic,2,79.65
4815-TUMEQ,0.096263,0,0,train,One year,Mailed check,No,10,19.3
4713-LZDRV,0.803197,1,1,test,Month-to-month,Electronic check,Fiber optic,2,79.6
9909-IDLEK,0.320103,1,0,train,Month-to-month,Mailed check,Fiber optic,20,96.8
4092-OFQZS,0.034972,0,0,train,One year,Mailed check,No,20,20.65
1561-BWHIN,0.031982,0,0,train,One year,Mailed check,No,19,19.8
4325-NFSKC,0.596006,1,1,train,Month-to-month,Electronic check,Fiber optic,19,90.6
9927-DSWDF,0.383263,1,0,test,Month-to-month,Electronic check,Fiber optic,22,104.6
9500-LTVBP,0.235978,0,0,train,Month-to-month,Credit card (automatic),Fiber optic,35,80.05
7252-NTGSS,0.344306,1,0,train,Month-to-month,Mailed check,DSL,1,45.15
8149-AIQCG,0.322403,1,0,train,Month-to-month,Credit card (automatic),Fiber optic,39,73.15
1360-JYXKQ,0.292422,1,0,test,One year,Electronic check,Fiber optic,54,99.1
2955-PSXOE,0.238247,0,1,test,Month-to-month,Bank transfer (automatic),No,1,20.2
7762-URZQH,0.086523,0,1,train,Two year,Credit card (automatic),Fiber optic,66,106.05
0899-WZRSD,0.356639,1,0,train,Month-to-month,Mailed check,Fiber optic,56,105.35
3255-GRXMG,0.146004,0,0,train,Month-to-month,Credit card (automatic),DSL,18,45.65
4828-FAZPK,0.420695,1,0,train,Month-to-month,Credit card (automatic),Fiber optic,16,79.95
6094-ZIVKX,0.028248,0,0,train,One year,Credit card (automatic),DSL,68,54.45
6925-BAYGL,0.014206,0,0,train,Two year,Credit card (automatic),No,53,25.1
3262-EIDHV,0.011718,0,0,train,Two year,Credit card (automatic),DSL,72,84.7
7354-OIJLX,0.732546,1,0,test,Month-to-month,Electronic check,Fiber optic,9,75.85
1376-HHBDV,0.121738,0,0,train,Month-to-month,Mailed check,DSL,30,48.8
6907-NZZIJ,0.562128,1,1,train,Month-to-month,Electronic check,Fiber optic,36,99.15
6133-OZILE,0.331923,1,0,train,Month-to-month,Electronic check,DSL,18,35.2
4135-FRWKJ,0.063844,0,0,train,One year,Electronic check,DSL,55,76.25
2911-UREFD,0.212838,0,1,train,Month-to-month,Electronic check,DSL,39,55.9
3744-ZRRDZ,0.500693,1,1,train,Month-to-month,Electronic check,Fiber optic,21,82.35
5673-TIYIB,0.418484,1,1,train,Month-to-month,Credit card (automatic),DSL,2,40.4
6551-ZCOTS,0.050576,0,0,train,One year,Bank transfer (automatic),No,33,24.9
7191-ADRGF,0.045292,0,0,test,Two year,Bank transfer (automatic),DSL,44,54.3
5018-LXQQG,0.067936,0,0,test,Month-to-month,Bank transfer (automatic),DSL,30,66.3
6892-BOGQE,0.006155,0,0,train,Two year,Bank transfer (automatic),No,71,20.9
1602-IJQQE,0.689927,1,1,train,Month-to-month,Electronic check,Fiber optic,4,75.35
4628-WQCQQ,0.250284,1,1,train,One year,Electronic check,Fiber optic,35,85.15
1746-TGTWV,0.571995,1,0,train,Month-to-month,Credit card (automatic),Fiber optic,1,75.35
5995-SNNEW,0.693517,1,0,train,Month-to-month,Electronic check,Fiber optic,23,104.45
8050-WYBND,0.176522,0,0,train,One year,Credit card (automatic),DSL,22,49.45
2821-WARNZ,0.019538,0,0,train,One year,Credit card (automatic),No,49,19.45
4879-GZLFH,0.430716,1,0,train,Month-to-month,Electronic check,Fiber optic,42,92.15
1644-IRKSF,0.305645,1,1,train,One year,Electronic check,Fiber optic,33,93.8
8314-HTWVE,0.033188,0,0,test,Two year,Mailed check,No,7,19.85
9402-ROUMJ,0.075606,0,0,test,One year,Bank transfer (automatic),Fiber optic,67,100.25
2507-QZPQS,0.427708,1,0,train,Month-to-month,Electronic check,Fiber optic,15,95.7
7159-NOKYQ,0.114506,0,0,test,Two year,Electronic check,Fiber optic,67,93.15
5707-ZMDJP,0.015587,0,0,train,Two year,Mailed check,DSL,53,69.7
8779-YIQQA,0.029485,0,0,test,One year,Mailed check,No,21,19.8
7136-IHZJA,0.06383,0,0,train,Month-to-month,Mailed check,DSL,40,71.35
8966-OIQHG,0.02516,0,0,train,One year,Bank transfer (automatic),No,22,20.75
7074-STDCN,0.250335,1,0,train,Month-to-month,Electronic check,DSL,39,40.6
3705-PSNGL,0.032327,0,1,test,One year,Electronic check,No,45,20.4
8739-QOTTN,0.181047,0,0,train,Month-to-month,Mailed check,No,2,20.35
1399-OUPJN,0.005948,0,0,train,Two year,Bank transfer (automatic),No,57,19.75
0277-BKSQP,0.519752,1,0,train,Month-to-month,Electronic check,DSL,8,54.4
6502-HCJTI,0.654107,1,1,train,Month-to-month,Credit card (automatic),Fiber optic,7,94.7
2606-RMDHZ,0.444868,1,1,test,Month-to-month,Credit card (automatic),DSL,6,30.5
5774-XZTQC,0.126208,0,0,train,Month-to-month,Mailed check,No,7,20.45
2676-SSLTO,0.051697,0,0,test,Two year,Bank transfer (automatic),DSL,49,66.15
6266-QHOJZ,0.081417,0,0,train,One year,Electronic check,Fiber optic,65,89.85
7269-JISCY,0.04241,0,0,train,One year,Bank transfer (automatic),DSL,55,45.05
0363-SVHYR,0.009859,0,0,train,Two year,Bank transfer (automatic),DSL,71,86.85
8547-NSBBO,0.216751,0,0,train,Month-to-month,Mailed check,Fiber optic,35,96.75
8258-GSTJK,0.79889,1,1,test,Month-to-month,Electronic check,Fiber optic,3,77.0
6861-OKBCE,0.09524,0,1,train,Month-to-month,Credit card (automatic),No,11,20.1
9940-RHLFB,0.646616,1,1,test,Month-to-month,Electronic check,Fiber optic,1,75.3
6591-QGOYB,0.387901,1,0,train,Month-to-month,Bank transfer (automatic),Fiber optic,17,106.65
9070-BCKQP,0.048704,0,0,test,Two year,Credit card (automatic),Fiber optic,72,110.15
6421-SZVEM,0.173785,0,0,test,One year,Bank transfer (automatic),Fiber optic,28,82.85
1328-EUZHC,0.017993,0,0,train,Two year,Mailed check,No,18,20.1
2995-UPRYS,0.181172,0,1,test,One year,Credit card (automatic),Fiber optic,40,99.2
8878-RYUKI,0.258486,1,0,train,Month-to-month,Electronic check,DSL,52,59.45
9633-DENPU,0.10897,0,0,test,Month-to-month,Bank transfer (automatic),DSL,47,58.6
7811-JIVPF,0.109268,0,0,train,Month-to-month,Credit card (automatic),DSL,23,49.7
7113-HIPFI,0.005021,0,0,train,Two year,Mailed check,DSL,66,65.85
8541-QVFKM,0.746352,1,0,test,Month-to-month,Electronic check,Fiber optic,8,73.5
6686-YPGHK,0.147479,0,1,train,Month-to-month,Mailed check,Fiber optic,47,85.5
1383-EZRWL,0.132612,0,1,train,Month-to-month,Mailed check,No,7,20.05
9258-CNWAC,0.027889,0,0,train,Two year,Credit card (automatic),Fiber optic,71,113.65
5371-VYLSX,0.412283,1,0,train,Month-to-month,Electronic check,Fiber optic,50,83.4
6374-AFWOX,0.007847,0,0,test,Two year,Mailed check,DSL,46,65.65
4759-TRPLW,0.636827,1,1,train,Month-to-month,Electronic check,Fiber optic,1,70.4
5317-FLPJF,0.026376,0,0,train,Two year,Bank transfer (automatic),DSL,66,61.35
7621-VPNET,0.235337,0,0,train,Month-to-month,Credit card (automatic),Fiber optic,42,85.9
6034-YMTOB,0.544933,1,0,test,Month-to-month,Mailed check,Fiber optic,5,75.65
8563-IIOXK,0.210276,0,1,train,One year,Electronic check,DSL,7,49.75
4903-CNOZC,0.093573,0,0,train,One year,Credit card (automatic),DSL,29,70.9
4353-HYOJD,0.107975,0,0,test,Month-to-month,Mailed check,DSL,27,49.85
8020-BWHYL,0.406336,1,1,train,Month-to-month,Credit card (automatic),Fiber optic,15,75.3
7267-FRMJW,0.015432,0,0,train,Two year,Mailed check,No,25,20.1
2982-VPSGI,0.836333,1,1,train,Month-to-month,Electronic check,Fiber optic,11,94.0
4188-FRABG,0.292069,1,0,train,Month-to-month,Electronic check,Fiber optic,57,103.05
8199-ZLLSA,0.103612,0,1,train,One year,Bank transfer (automatic),Fiber optic,67,118.35
4128-ETESU,0.42163,1,0,train,Month-to-month,Electronic check,Fiber optic,47,99.7
0620-DLSLK,0.531995,1,0,train,Month-to-month,Mailed check,Fiber optic,13,81.9
4625-EWPTF,0.48176,1,1,train,Month-to-month,Electronic check,DSL,8,30.45
5980-NOPLP,0.541626,1,1,train,Month-to-month,Electronic check,Fiber optic,44,96.1
3850-OKINF,0.055568,0,0,train,One year,Electronic check,DSL,71,66.2
6892-XPFPU,0.666521,1,1,test,Month-to-month,Electronic check,Fiber optic,24,104.25
8010-EZLOU,0.598273,1,1,train,Month-to-month,Electronic check,Fiber optic,15,80.2
1156-ZFYDO,0.246575,1,0,train,Month-to-month,Electronic check,No,1,19.75
3295-YVUSR,0.778622,1,0,train,Month-to-month,Mailed check,Fiber optic,2,72.6
8016-NCFVO,0.415148,1,0,train,Month-to-month,Electronic check,Fiber optic,55,116.5
4119-ZYPZY,0.082315,0,0,train,Two year,Electronic check,Fiber optic,71,106.8
5549-ZGHFB,0.014549,0,0,train,Two year,Mailed check,No,50,24.95
7577-SWIFR,0.829385,1,0,train,Month-to-month,Electronic check,Fiber optic,1,89.25
0303-WMMRN,0.222591,0,0,train,Month-to-month,Mailed check,No,5,19.25
6408-OTUBZ,0.075965,0,0,train,One year,Bank transfer (automatic),Fiber optic,66,104.55
5204-HMGYF,0.054389,0,0,test,One year,Mailed check,DSL,49,87.2
1078-TDCRN,0.605285,1,0,train,Month-to-month,Electronic check,DSL,3,30.75
3727-OVPRY,0.023106,0,0,train,One year,Credit card (automatic),No,66,25.7
3797-FKOGQ,0.588334,1,0,train,Month-to-month,Electronic check,Fiber optic,11,86.2
7622-NXQZR,0.223529,0,0,train,Month-to-month,Credit card (automatic),DSL,28,30.1
6196-HBOBZ,0.070972,0,0,train,Two year,Electronic check,Fiber optic,65,99.35
3970-XGJDU,0.010205,0,0,test,Two year,Credit card (automatic),No,62,19.2
7017-VFULY,0.173567,0,0,test,Month-to-month,Bank transfer (automatic),No,2,20.1
5562-YJQGT,0.166171,0,0,train,Month-to-month,Credit card (automatic),No,2,20.35
8807-OPMBM,0.01317,0,0,train,Two year,Credit card (automatic),No,55,25.65
5439-WIKXB,0.472123,1,0,train,Month-to-month,Electronic check,Fiber optic,41,94.55
9874-QLCLH,0.541563,1,1,train,Month-to-month,Electronic check,Fiber optic,17,104.2
8294-UIMBA,0.23681,0,0,train,One year,Bank transfer (automatic),Fiber optic,30,94.4
8109-YUOHE,0.054892,0,0,train,One year,Mailed check,DSL,17,56.1
5840-NVDCG,0.022703,0,0,train,Two year,Bank transfer (automatic),DSL,16,68.25
8092-NLTGF,0.00582,0,0,train,Two year,Bank transfer (automatic),No,72,24.75
5928-QLDHB,0.7428,1,0,train,Month-to-month,Electronic check,Fiber optic,9,76.25
9840-EFJQB,0.605553,1,0,train,Month-to-month,Electronic check,Fiber optic,1,74.35
0696-UKTOX,0.107238,0,0,train,Month-to-month,Electronic check,DSL,23,54.15
4801-KFYKL,0.128039,0,0,train,Month-to-month,Bank transfer (automatic),No,8,19.45
3472-OAOOR,0.161548,0,0,train,Month-to-month,Mailed check,DSL,19,34.95
6135-OZQVA,0.449961,1,0,train,Month-to-month,Electronic check,DSL,7,53.65
8062-YBDOE,0.752169,1,1,train,Month-to-month,Electronic check,Fiber optic,1,69.65
2252-JHJGE,0.194952,0,0,test,One year,Electronic check,Fiber optic,61,104.0
4188-PCPIG,0.022474,0,0,train,Two year,Credit card (automatic),DSL,57,70.35
6000-APYLU,0.717284,1,1,test,Month-to-month,Electronic check,Fiber optic,9,80.8
7105-BENQF,0.052578,0,0,train,One year,Mailed check,DSL,15,64.85
7721-DVEKZ,0.184093,0,0,train,Month-to-month,Mailed check,No,1,19.65
3566-VVORZ,0.240842,1,0,train,Month-to-month,Bank transfer (automatic),DSL,12,45.9
9507-HSMMZ,0.011212,0,0,train,Two year,Mailed check,No,54,20.0
2480-SQIOB,0.352101,1,0,test,Month-to-month,Electronic check,DSL,4,44.8
0947-IDHRQ,0.672161,1,1,train,Month-to-month,Mailed check,Fiber optic,7,80.3
7813-TKCVO,0.032899,0,0,train,One year,Mailed check,No,20,20.35
0128-MKWSG,0.122972,0,0,train,Month-to-month,Mailed check,DSL,26,45.8
3672-YITQD,0.577588,1,1,test,Month-to-month,Electronic check,Fiber optic,36,84.1
4350-ZTLPI,0.256695,1,0,train,One year,Bank transfer (automatic),Fiber optic,53,108.95
9048-JVYVF,0.562712,1,1,test,Month-to-month,Electronic check,DSL,3,69.35
0361-HJRDX,0.012922,0,0,train,Two year,Credit card (automatic),DSL,68,64.35
5727-MYATE,0.014074,0,0,test,Two year,Credit card (automatic),DSL,72,90.8
3823-KYNQY,0.104312,0,0,train,One year,Credit card (automatic),No,12,24.95
8988-ECPJR,0.359678,1,1,test,Month-to-month,Mailed check,Fiber optic,34,79.6
7570-WELNY,0.037954,0,0,train,Two year,Bank transfer (automatic),Fiber optic,68,84.7
3021-VLNRJ,0.050094,0,0,train,One year,Credit card (automatic),DSL,50,70.8
3776-EKTKM,0.67516,1,1,train,Month-to-month,Electronic check,DSL,1,36.45
2080-CAZNM,0.557553,1,0,train,Month-to-month,Electronic check,Fiber optic,41,104.4
1028-FFNJK,0.593799,1,0,train,Month-to-month,Electronic check,Fiber optic,30,101.5
6907-FLBER,0.509407,1,0,train,Month-to-month,Electronic check,DSL,1,54.3
3001-UNBTL,0.623013,1,0,train,Month-to-month,Electronic check,Fiber optic,29,103.95
5982-PSMKW,0.035991,0,0,train,Two year,Credit card (automatic),DSL,23,91.1
3507-GASNP,0.007896,0,0,train,Two year,Mailed check,No,60,19.95
7096-ZNBZI,0.007584,0,0,train,Two year,Credit card (automatic),No,72,26.45
1902-XBTFB,0.432744,1,1,test,Month-to-month,Electronic check,Fiber optic,22,89.4
1676-MQAOA,0.009705,0,0,train,Two year,Bank transfer (automatic),DSL,72,75.1
0786-IVLAW,0.145108,0,0,train,One year,Bank transfer (automatic),Fiber optic,66,108.1
7566-DSRLQ,0.085671,0,0,train,Two year,Electronic check,Fiber optic,72,110.15
0643-OKLRP,0.217469,0,1,train,Month-to-month,Electronic check,Fiber optic,47,80.35
7245-JMTTQ,0.311629,1,0,train,One year,Electronic check,Fiber optic,51,111.5
6050-IJRHS,0.192574,0,0,train,One year,Electronic check,Fiber optic,70,106.5
6202-JVYEU,0.144717,0,0,train,One year,Electronic check,No,9,19.9
8591-TKMZH,0.061542,0,0,test,Two year,Mailed check,Fiber optic,59,111.1
0734-OXWBT,0.352106,1,0,train,Month-to-month,Mailed check,DSL,3,70.7
4282-ACRXS,0.291999,1,0,train,Month-to-month,Electronic check,DSL,38,24.85
0365-TRTPY,0.178268,0,0,test,Month-to-month,Bank transfer (automatic),Fiber optic,37,91.2
7349-ALMUX,0.009249,0,0,train,Two year,Bank transfer (automatic),DSL,37,65.6
9381-NDKME,0.334519,1,1,test,Month-to-month,Credit card (automatic),DSL,24,40.65
6502-KUGLL,0.075484,0,0,train,Month-to-month,Bank transfer (automatic),DSL,14,59.45
1841-YSJGV,0.050259,0,0,train,Two year,Credit card (automatic),Fiber optic,72,109.95
2794-XIMMO,0.142393,0,1,train,One year,Electronic check,DSL,53,60.45
8382-SHQEH,0.79879,1,1,train,Month-to-month,Electronic check,Fiber optic,8,84.9
3511-BFTJW,0.008865,0,0,test,Two year,Credit card (automatic),DSL,72,38.5
7668-XCFYV,0.769068,1,0,train,Month-to-month,Electronic check,Fiber optic,17,92.55
2983-ZANRP,0.535818,1,1,train,Month-to-month,Bank transfer (automatic),Fiber optic,2,73.55
7845-URHJN,0.141367,0,1,train,Month-to-month,Bank transfer (automatic),No,8,20.15
3034-ZBEQN,0.037018,0,1,train,One year,Mailed check,DSL,48,34.7
5018-HEKFO,0.232116,0,0,train,Month-to-month,Mailed check,No,10,24.5
2923-ARZLG,0.128781,0,0,test,One year,Mailed check,No,0,19.7
3976-NLDEZ,0.190305,0,0,test,Month-to-month,Mailed check,No,1,20.6
2282-YGNOR,0.03665,0,0,train,One year,Credit card (automatic),DSL,29,58.0
5336-UFNZP,0.248033,1,0,train,One year,Electronic check,Fiber optic,65,107.45
6854-EXGSF,0.316926,1,0,test,Month-to-month,Bank transfer (automatic),DSL,8,65.5
1241-EZFMJ,0.012053,0,0,train,Two year,Bank transfer (automatic),No,61,25.45
9233-PSYHO,0.312681,1,0,train,One year,Bank transfer (automatic),Fiber optic,45,100.15
5376-PCKNB,0.151042,0,0,train,One year,Credit card (automatic),Fiber optic,72,104.45
8044-BGWPI,0.184712,0,0,train,Month-to-month,Electronic check,No,12,21.15
4060-LDNLU,0.804501,1,0,train,Month-to-month,Electronic check,Fiber optic,7,96.2
3589-PPVKW,0.348949,1,0,train,Month-to-month,Mailed check,DSL,9,44.4
8327-LZKAS,0.281316,1,1,train,One year,Electronic check,Fiber optic,43,107.55
5887-IKKYO,0.060597,0,0,train,Two year,Bank transfer (automatic),Fiber optic,58,94.35
1075-BGWOH,0.74412,1,1,train,Month-to-month,Electronic check,Fiber optic,16,98.75
1755-RMCXH,0.167677,0,0,train,Month-to-month,Mailed check,No,2,20.3
0302-JOIVN,0.644137,1,1,train,Month-to-month,Electronic check,Fiber optic,8,101.15
3858-XHYJO,0.167137,0,0,test,One year,Bank transfer (automatic),Fiber optic,40,105.75
4299-SIMNS,0.647502,1,0,train,Month-to-month,Electronic check,Fiber optic,9,81.15
7025-IWFHT,0.154057,0,0,train,One year,Electronic check,Fiber optic,41,89.55
6261-LHRTG,0.184612,0,0,train,Month-to-month,Credit card (automatic),DSL,26,54.75
7841-FCRQD,0.05471,0,0,train,One year,Credit card (automatic),DSL,33,53.75
2056-EVGZL,0.056583,0,0,train,One year,Credit card (automatic),Fiber optic,68,105.75
8777-MBMTS,0.061813,0,0,train,Two year,Credit card (automatic),Fiber optic,65,105.85
7753-USQYQ,0.076685,0,0,train,One year,Electronic check,DSL,55,64.2
5366-IJEQJ,0.653833,1,1,train,Month-to-month,Electronic check,Fiber optic,20,88.7
7661-CPURM,0.213989,0,0,train,One year,Credit card (automatic),Fiber optic,19,87.7
6233-HXJMX,0.371023,1,0,train,Month-to-month,Credit card (automatic),Fiber optic,45,89.3
5902-WBLSE,0.004827,0,0,train,Two year,Credit card (automatic),No,70,20.15
1981-INRFU,0.781862,1,1,train,Month-to-month,Electronic check,Fiber optic,2,79.75
4971-PUYQO,0.562937,1,1,train,Month-to-month,Mailed check,Fiber optic,27,94.55
3239-TPHPZ,0.063106,0,0,train,Two year,Electronic check,No,12,20.05
5115-GZDEL,0.011779,0,0,train,Two year,Credit card (automatic),DSL,72,67.2
3338-CVVEH,0.753311,1,0,test,Month-to-month,Electronic check,Fiber optic,12,94.55
8485-GJCDN,0.655907,1,1,train,Month-to-month,Mailed check,Fiber optic,5,69.05
2615-YVMYX,0.350123,1,0,train,Month-to-month,Electronic check,Fiber optic,71,107.5
2851-STERV,0.160537,0,0,train,One year,Electronic check,DSL,35,73.0
4393-GEADV,0.027875,0,0,train,Two year,Credit card (automatic),Fiber optic,70,114.75
8486-AYEQH,0.467359,1,0,train,Month-to-month,Electronic check,Fiber optic,31,76.05
1527-SXDPN,0.093183,0,1,train,Two year,Bank transfer (automatic),Fiber optic,52,96.25
6029-WTIPC,0.629618,1,1,train,Month-to-month,Electronic check,Fiber optic,37,101.1
8634-CILSZ,0.134746,0,1,train,One year,Bank transfer (automatic),Fiber optic,69,104.7
5419-JKZNQ,0.409152,1,0,train,Month-to-month,Mailed check,Fiber optic,30,77.9
2495-KZNFB,0.489984,1,0,train,Month-to-month,Electronic check,Fiber optic,33,90.65
1409-PHXTF,0.174311,0,0,train,Two year,Electronic check,Fiber optic,54,110.45
4560-WQAQW,0.036043,0,0,test,One year,Bank transfer (automatic),DSL,59,68.7
9591-YVTEB,0.266389,1,0,train,Month-to-month,Electronic check,DSL,55,44.85
9309-BZGNT,0.067789,0,0,train,One year,Credit card (automatic),DSL,69,29.8
4274-DRSQT,0.170782,0,0,train,One year,Bank transfer (automatic),Fiber optic,66,88.9
2027-DNKIV,0.033426,0,0,train,One year,Mailed check,DSL,37,58.75
8075-GXIUB,0.096847,0,0,train,One year,Credit card (automatic),No,9,19.85
2885-HIJDH,0.012516,0,0,test,Two year,Bank transfer (automatic),DSL,69,86.9
5424-RLQLC,0.395576,1,0,train,Month-to-month,Mailed check,DSL,10,59.65
6682-QJDGB,0.06484,0,1,test,Month-to-month,Mailed check,DSL,40,55.25
6507-DTJZV,0.261654,1,0,train,Month-to-month,Credit card (automatic),DSL,13,66.4
8780-IXSTS,0.783786,1,1,train,Month-to-month,Electronic check,Fiber optic,6,90.1
7673-BQGKU,0.003726,0,0,train,Two year,Bank transfer (automatic),No,69,20.15
6723-WSNTY,0.161255,0,0,train,One year,Credit card (automatic),Fiber optic,66,108.1
9530-EHPOH,0.414945,1,1,train,Month-to-month,Electronic check,DSL,11,53.75
2725-IWWBA,0.018923,0,0,train,One year,Mailed check,DSL,46,56.9
0345-HKJVM,0.706013,1,1,train,Month-to-month,Electronic check,Fiber optic,6,89.3
1061-PNTHC,0.304615,1,0,train,Month-to-month,Mailed check,Fiber optic,56,109.6
0394-YONDK,0.006509,0,0,train,Two year,Credit card (automatic),No,70,25.15
6574-MCOEH,0.161044,0,0,train,One year,Electronic check,DSL,33,79.15
7399-QHBJS,0.004468,0,0,train,Two year,Credit card (automatic),DSL,72,66.75
3049-SOLAY,0.86036,1,1,train,Month-to-month,Electronic check,Fiber optic,3,95.2
0997-YTLNY,0.095344,0,0,test,Month-to-month,Mailed check,DSL,19,48.8
3317-HRTNN,0.660671,1,1,train,Month-to-month,Electronic check,DSL,5,45.7
9479-HYNYL,0.015993,0,0,train,Two year,Credit card (automatic),DSL,71,80.7
3235-ETOOB,0.550487,1,1,train,Month-to-month,Electronic check,Fiber optic,8,74.5
9708-KFDBY,0.178934,0,0,train,Month-to-month,Credit card (automatic),No,1,20.55
8058-INTPH,0.768782,1,1,train,Month-to-month,Electronic check,Fiber optic,1,79.65
3642-GKTCT,0.151458,0,0,train,One year,Mailed check,Fiber optic,61,115.1
0774-RMNUW,0.009544,0,0,train,Two year,Bank transfer (automatic),DSL,71,59.7
1334-PDUKM,0.085884,0,0,train,One year,Credit card (automatic),Fiber optic,68,86.45
0756-MPZRL,0.039152,0,0,train,One year,Credit card (automatic),DSL,46,33.7
2242-MFOTG,0.132503,0,0,train,One year,Bank transfer (automatic),Fiber optic,33,80.1
2927-CVULT,0.057432,0,0,train,Two year,Bank transfer (automatic),Fiber optic,53,104.05
2144-BFDSO,0.32857,1,0,train,Month-to-month,Bank transfer (automatic),Fiber optic,50,108.75
8745-PVESG,0.050399,0,0,train,One year,Credit card (automatic),DSL,57,41.1
7647-GYYKX,0.010578,0,0,train,Two year,Bank transfer (automatic),No,54,20.35
5647-FXOTP,0.520402,1,0,train,Month-to-month,Electronic check,Fiber optic,60,105.9
5569-OUICF,0.545919,1,1,train,Month-to-month,Credit card (automatic),Fiber optic,28,101.3
8821-XNHVZ,0.686974,1,1,test,Month-to-month,Mailed check,Fiber optic,1,80.05
2082-OJVTK,0.531277,1,1,train,Month-to-month,Electronic check,Fiber optic,29,89.2
9700-ISPUP,0.333436,1,0,test,Month-to-month,Electronic check,DSL,10,65.5
9839-ETQOE,0.138971,0,0,train,Month-to-month,Electronic check,DSL,43,40.45
6078-VESFR,0.368755,1,0,train,Month-to-month,Bank transfer (automatic),Fiber optic,13,70.45
9027-TMATR,0.035166,0,0,train,Two year,Electronic check,DSL,43,78.8
5940-NFXKV,0.597748,1,1,train,Month-to-month,Electronic check,Fiber optic,19,83.65
1941-HOSAM,0.797903,1,0,train,Month-to-month,Electronic check,Fiber optic,1,90.1
9110-HSGTV,0.014036,0,0,train,Two year,Credit card (automatic),DSL,69,82.45
0704-VCUMB,0.006969,0,0,train,Two year,Credit card (automatic),No,61,20.25
6171-ZTVYB,0.044093,0,0,train,Month-to-month,Bank transfer (automatic),DSL,43,66.25
8053-WWDRO,0.14831,0,1,test,Month-to-month,Bank transfer (automatic),No,6,19.5
9564-KCLHR,0.292429,1,1,train,Month-to-month,Mailed check,DSL,1,51.25
1935-IMVBB,0.315697,1,0,train,Month-to-month,Mailed check,Fiber optic,56,89.7
2535-PBCGC,0.013746,0,0,train,Two year,Bank transfer (automatic),DSL,70,64.55
2082-CEFLT,0.520397,1,1,train,Month-to-month,Electronic check,DSL,1,45.6
1470-PSXNM,0.315483,1,0,test,One year,Electronic check,Fiber optic,49,93.65
1213-NGCUN,0.303384,1,1,train,Month-to-month,Bank transfer (automatic),DSL,6,49.65
2498-XLDZR,0.014019,0,0,train,Two year,Mailed check,DSL,32,73.6
9866-OCCKE,0.06233,0,0,test,Two year,Mailed check,Fiber optic,72,109.75
5338-YHWYT,0.006362,0,0,train,Two year,Credit card (automatic),DSL,37,61.45
7718-UPSKJ,0.069991,0,0,train,One year,Credit card (automatic),Fiber optic,69,106.4
8731-WBBMB,0.133514,0,0,train,Month-to-month,Bank transfer (automatic),DSL,26,81.9
1448-CYWKC,0.212511,0,0,train,One year,Credit card (automatic),Fiber optic,58,105.2
7901-IIDQV,0.059533,0,0,train,One year,Bank transfer (automatic),DSL,24,54.6
2690-DVRVK,0.099347,0,0,train,One year,Electronic check,No,5,20.55
5688-KZTSN,0.127628,0,1,train,Month-to-month,Electronic check,No,15,20.0
1270-XKUCC,0.013044,0,0,train,Two year,Mailed check,No,30,19.7
0334-ZFJSR,0.045982,0,0,train,One year,Credit card (automatic),DSL,55,66.05
2894-QOJRX,0.404012,1,1,train,Month-to-month,Bank transfer (automatic),DSL,25,34.0
5747-PMBSQ,0.6638,1,1,train,Month-to-month,Mailed check,Fiber optic,10,92.5
5583-EJXRD,0.018431,0,0,train,Two year,Credit card (automatic),DSL,44,54.05
4565-EVZMJ,0.018733,0,0,train,One year,Mailed check,DSL,47,58.9
3143-JQEGI,0.551608,1,1,train,Month-to-month,Electronic check,Fiber optic,13,88.35
6386-SZZKH,0.115161,0,1,train,Two year,Bank transfer (automatic),Fiber optic,49,107.95
3327-YBAKM,0.107603,0,0,train,One year,Mailed check,Fiber optic,64,96.9
9441-QHEVC,0.200403,0,0,train,Month-to-month,Mailed check,No,1,19.1
6705-LNMDD,0.110555,0,0,train,Month-to-month,Mailed check,DSL,20,50.0
2580-ASVVY,0.031375,0,0,train,Two year,Electronic check,DSL,37,45.4
3370-GQEAL,0.451685,1,0,train,Month-to-month,Electronic check,Fiber optic,30,85.45
5032-USPKF,0.066686,0,0,train,One year,Bank transfer (automatic),DSL,38,84.1
2982-IHMFT,0.761333,1,1,train,Month-to-month,Mailed check,Fiber optic,1,74.45
3521-SYVOR,0.276263,1,1,train,Month-to-month,Electronic check,DSL,37,64.75
4254-QPEDE,0.029433,0,0,train,Two year,Credit card (automatic),DSL,52,66.25
6283-GITPX,0.007312,0,0,test,Two year,Credit card (automatic),DSL,71,76.9
9526-JAWYF,0.421621,1,1,train,Month-to-month,Electronic check,Fiber optic,26,89.8
0771-CHWSK,0.026792,0,0,train,Two year,Credit card (automatic),DSL,66,74.6
9788-HNGUT,0.052219,0,0,train,Two year,Credit card (automatic),Fiber optic,72,116.95
9495-REDIY,0.12791,0,0,train,One year,Credit card (automatic),DSL,25,40.65
5375-XLDOF,0.043273,0,0,train,Two year,Bank transfer (automatic),Fiber optic,69,114.35
1172-VIYBP,0.01933,0,0,train,Two year,Bank transfer (automatic),DSL,53,69.7
5649-VUKMC,0.401444,1,1,train,One year,Mailed check,Fiber optic,12,95.5
6559-PDZLR,0.548401,1,0,train,Month-to-month,Electronic check,Fiber optic,26,98.65
8992-OBVDG,0.162294,0,0,train,Month-to-month,Mailed check,DSL,21,61.65
4273-MBHYA,0.798296,1,0,train,Month-to-month,Electronic check,Fiber optic,1,89.35
4724-WXVWF,0.249093,1,0,test,Month-to-month,Electronic check,Fiber optic,48,95.4
5701-GUXDC,0.081009,0,0,test,One year,Credit card (automatic),DSL,26,35.4
1460-UZPRJ,0.009089,0,0,train,Two year,Mailed check,No,60,19.95
6082-GLJIX,0.07333,0,0,train,Month-to-month,Mailed check,No,18,19.25
5143-EGQFK,0.498699,1,1,train,Month-to-month,Electronic check,DSL,10,29.65
4919-IKATY,0.660853,1,1,test,Month-to-month,Electronic check,Fiber optic,5,84.5
2495-TTHBQ,0.104356,0,0,train,One year,Mailed check,No,4,20.4
0485-ZBSLN,0.009167,0,0,train,Two year,Credit card (automatic),No,65,24.75
3810-PJUHR,0.008239,0,0,train,Two year,Mailed check,No,70,25.35
9050-QLROH,0.546771,1,1,test,Month-to-month,Credit card (automatic),Fiber optic,18,90.7
0847-HGRML,0.006208,0,0,train,Two year,Bank transfer (automatic),No,62,20.0
8232-CTLKO,0.022284,0,0,train,Two year,Electronic check,DSL,66,59.75
9227-YBAXE,0.019651,0,0,train,Two year,Bank transfer (automatic),DSL,65,82.5
6168-WFVVF,0.754689,1,1,train,Month-to-month,Electronic check,Fiber optic,3,70.3
9860-LISIZ,0.05174,0,0,test,Month-to-month,Mailed check,No,34,20.35
0112-QAWRZ,0.54609,1,0,train,Month-to-month,Bank transfer (automatic),Fiber optic,16,90.8
0877-SDMBN,0.222388,0,1,train,One year,Bank transfer (automatic),Fiber optic,54,103.95
2786-GCDPI,0.560055,1,0,train,Month-to-month,Electronic check,Fiber optic,50,104.95
4043-MKDTV,0.062873,0,0,train,Two year,Electronic check,Fiber optic,71,105.25
8065-YKXKD,0.714951,1,1,train,Month-to-month,Electronic check,Fiber optic,10,74.75
9637-EIHEQ,0.424515,1,1,train,Month-to-month,Electronic check,DSL,1,50.8
9229-RQABD,0.059587,0,0,train,One year,Mailed check,No,18,23.75
8313-KTIHG,0.436217,1,0,train,Month-to-month,Electronic check,DSL,4,61.3
5320-BRKGK,0.017764,0,0,train,Two year,Mailed check,DSL,58,75.8
6284-KMNUF,0.303879,1,0,test,One year,Electronic check,Fiber optic,56,98.0
9689-PTNPG,0.769433,1,1,train,Month-to-month,Electronic check,Fiber optic,2,80.25
9465-RWMXL,0.514059,1,1,test,Month-to-month,Electronic check,Fiber optic,32,78.9
6229-UOLQL,0.05154,0,0,train,One year,Mailed check,DSL,56,52.0
2362-IBOOY,0.492197,1,1,train,Month-to-month,Electronic check,Fiber optic,36,84.75
3137-LUPIX,0.477125,1,0,train,Month-to-month,Mailed check,DSL,4,64.4
0843-WTBXE,0.34009,1,1,train,Month-to-month,Bank transfer (automatic),Fiber optic,53,85.45
6143-JQKEA,0.337593,1,0,train,Month-to-month,Credit card (automatic),DSL,10,45.8
8676-OOQEJ,0.445126,1,0,train,Month-to-month,Electronic check,DSL,4,30.5
5515-IDEJJ,0.173737,0,1,train,Month-to-month,Mailed check,No,1,19.9
9701-CDXHR,0.24079,1,0,test,Month-to-month,Mailed check,Fiber optic,51,69.15
7450-NWRTR,0.837113,1,1,train,Month-to-month,Electronic check,Fiber optic,12,99.45
8124-NZVGJ,0.387575,1,0,train,One year,Mailed check,DSL,6,49.25
2162-FRZAA,0.015329,0,0,train,Two year,Bank transfer (automatic),DSL,63,39.35
5376-DEQCP,0.722207,1,1,test,Month-to-month,Electronic check,Fiber optic,1,70.6
5118-MUEYH,0.270831,1,0,train,Month-to-month,Credit card (automatic),Fiber optic,48,105.1
9095-HFAFX,0.649406,1,1,train,Month-to-month,Credit card (automatic),Fiber optic,5,81.0
5627-TVBPP,0.028039,0,0,train,One year,Credit card (automatic),No,35,20.1
2379-ENZGV,0.717197,1,1,train,Month-to-month,Electronic check,Fiber optic,6,84.85
3936-QQFLL,0.193598,0,0,train,Month-to-month,Mailed check,No,2,19.75
2589-AYCRP,0.025154,0,0,train,One year,Bank transfer (automatic),No,50,19.75
4067-HLYQI,0.305135,1,0,test,Month-to-month,Bank transfer (automatic),Fiber optic,33,70.4
5124-EOGYE,0.015668,0,0,train,Two year,Mailed check,No,31,20.45
5057-RKGLH,0.030301,0,0,test,Two year,Mailed check,No,9,20.35
0292-WEGCH,0.236028,0,0,train,Month-to-month,Electronic check,DSL,54,86.2
8910-ICHIU,0.079757,0,0,train,One year,Credit card (automatic),Fiber optic,46,95.65
4097-YODCF,0.249106,1,0,train,One year,Electronic check,Fiber optic,34,103.8
9715-WZCLW,0.085161,0,0,test,Two year,Electronic check,Fiber optic,71,97.2
9786-YWNHU,0.006113,0,0,train,Two year,Mailed check,DSL,63,63.55
6407-GSJNL,0.013819,0,0,train,Two year,Bank transfer (automatic),No,51,24.95
6005-OBZPH,0.622516,1,1,train,Month-to-month,Electronic check,Fiber optic,26,89.15
4049-ZPALD,0.073737,0,0,train,Two year,Bank transfer (automatic),Fiber optic,64,99.0
7932-WPTDS,0.692455,1,1,train,Month-to-month,Electronic check,DSL,1,24.8
3733-UOCWF,0.124813,0,0,test,One year,Bank transfer (automatic),Fiber optic,61,85.55
6833-JMZYP,0.571167,1,0,train,Month-to-month,Credit card (automatic),Fiber optic,15,94.0
2722-VOJQL,0.150212,0,1,train,One year,Credit card (automatic),Fiber optic,64,105.65
1310-QRITU,0.338059,1,0,test,Month-to-month,Electronic check,DSL,18,50.3
8961-QDZZJ,0.231402,0,0,train,One year,Electronic check,Fiber optic,57,95.0
9715-SBVSU,0.043763,0,0,train,Two year,Bank transfer (automatic),DSL,14,61.4
8490-BXHEO,0.469477,1,0,train,Month-to-month,Credit card (automatic),Fiber optic,18,80.55
7173-TETGO,0.03322,0,0,train,Two year,Bank transfer (automatic),Fiber optic,72,78.5
7929-SKFGK,0.038965,0,0,train,Two year,Credit card (automatic),Fiber optic,70,114.3
2300-RQGOI,0.011012,0,0,train,Two year,Mailed check,No,38,20.05
3563-SVYLG,0.004804,0,0,test,Two year,Credit card (automatic),DSL,68,62.65
5228-EXCET,0.596884,1,1,test,Month-to-month,Electronic check,Fiber optic,13,80.85
6435-VWCCY,0.073619,0,0,train,Two year,Credit card (automatic),Fiber optic,65,92.7
4998-IKFSE,0.607132,1,0,train,Month-to-month,Electronic check,Fiber optic,30,100.45
8630-QSGXK,0.05931,0,0,train,Two year,Bank transfer (automatic),DSL,51,75.2
2455-USLMV,0.312092,1,0,train,Month-to-month,Credit card (automatic),Fiber optic,31,84.75
7394-FKDNK,0.73284,1,1,train,Month-to-month,Electronic check,Fiber optic,9,89.45
9488-FVZCC,0.010641,0,0,train,Two year,Bank transfer (automatic),DSL,72,79.5
6331-LWDTQ,0.553137,1,1,test,Month-to-month,Credit card (automatic),DSL,10,72.15
5995-WWKKG,0.046427,0,0,train,One year,Electronic check,No,37,19.8
1597-FZREH,0.467089,1,1,train,Month-to-month,Electronic check,DSL,2,76.4
7879-CGSFV,0.160874,0,0,test,One year,Mailed check,Fiber optic,55,100.9
9921-EZKBY,0.29302,1,0,train,Month-to-month,Bank transfer (automatic),Fiber optic,33,95.3
7432-FFVAR,0.06673,0,0,train,One year,Bank transfer (automatic),Fiber optic,46,90.95
7246-ZGQDF,0.214039,0,0,train,Month-to-month,Electronic check,DSL,1,54.5
7000-WCEVQ,0.37449,1,1,train,Month-to-month,Mailed check,DSL,20,61.6
0727-IWKVK,0.605508,1,1,train,Month-to-month,Electronic check,Fiber optic,9,79.9
5959-BELXA,0.606374,1,1,train,Month-to-month,Credit card (automatic),Fiber optic,32,96.15
4456-RHSNB,0.166134,0,0,train,Month-to-month,Bank transfer (automatic),DSL,19,49.6
3512-IZIKN,0.008152,0,1,train,Two year,Credit card (automatic),DSL,70,65.3
2481-SBOYW,0.012498,0,0,train,Two year,Credit card (automatic),No,61,25.0
7109-MFBYV,0.203591,0,0,train,Month-to-month,Electronic check,DSL,26,45.45
1833-TCXKK,0.379661,1,0,test,Month-to-month,Bank transfer (automatic),Fiber optic,45,107.75
1832-PEUTS,0.069904,0,0,train,Two year,Credit card (automatic),Fiber optic,62,89.1
6141-OOXUQ,0.19877,0,1,train,Month-to-month,Mailed check,No,1,19.65
8660-BUETV,0.337752,1,0,train,Month-to-month,Mailed check,DSL,3,44.75
0580-PIQHM,0.10505,0,0,train,One year,Bank transfer (automatic),Fiber optic,41,101.6
5696-CEIQJ,0.032049,0,0,test,Two year,Bank transfer (automatic),Fiber optic,67,103.15
7503-ZGUZJ,0.799264,1,1,train,Month-to-month,Mailed check,Fiber optic,1,84.65
1696-HXOWK,0.076533,0,0,train,One year,Mailed check,Fiber optic,71,95.65
3026-ATZYV,0.041405,0,0,train,One year,Bank transfer (automatic),DSL,37,75.1
4012-YCFAI,0.011867,0,0,test,Two year,Mailed check,DSL,60,61.35
2506-TNFCO,0.77401,1,1,train,Month-to-month,Electronic check,Fiber optic,1,69.55
9970-QBCDA,0.136388,0,0,train,Month-to-month,Credit card (automatic),No,6,19.7
8718-PTMEZ,0.372921,1,1,train,Month-to-month,Electronic check,DSL,13,31.05
9496-IVVRP,0.15579,0,0,train,Month-to-month,Bank transfer (automatic),DSL,11,51.0
2207-OBZNX,0.297337,1,1,train,Month-to-month,Mailed check,DSL,7,51.0
2657-VPXTA,0.754449,1,0,train,Month-to-month,Electronic check,Fiber optic,10,88.85
6551-VLJMV,0.01347,0,0,train,Two year,Credit card (automatic),No,34,20.05
1221-GHZEP,0.015086,0,0,train,Two year,Mailed check,DSL,62,65.1
9289-LBQVU,0.059012,0,0,test,One year,Mailed check,DSL,64,70.15
6142-VSJQO,0.360733,1,1,train,Month-to-month,Bank transfer (automatic),DSL,1,44.35
3458-IDMFK,0.020515,0,0,train,Two year,Mailed check,No,25,20.75
6933-FHBZC,0.096188,0,0,test,One year,Mailed check,DSL,26,56.05
0221-NAUXK,0.075339,0,0,train,One year,Bank transfer (automatic),No,10,19.95
9770-KXGQU,0.150308,0,0,train,One year,Mailed check,Fiber optic,53,98.6
6437-UKHMV,0.707126,1,1,train,Month-to-month,Electronic check,Fiber optic,7,79.7
6538-POCHL,0.288479,1,0,train,Month-to-month,Credit card (automatic),Fiber optic,33,79.0
6726-NNFWD,0.03805,0,0,test,Two year,Credit card (automatic),Fiber optic,71,89.45
3002-WQZWT,0.537043,1,0,train,Month-to-month,Electronic check,Fiber optic,29,74.2
4277-UDIEF,0.12292,0,0,train,Month-to-month,Bank transfer (automatic),DSL,24,81.0
1208-NBVFH,0.237749,0,0,train,Month-to-month,Electronic check,DSL,20,49.6
4912-PIGUY,0.828653,1,0,train,Month-to-month,Electronic check,Fiber optic,1,84.6
1114-CENIM,0.101909,0,1,train,Month-to-month,Credit card (automatic),DSL,54,55.0
6060-DRTNL,0.710976,1,1,train,Month-to-month,Mailed check,Fiber optic,5,84.85
2725-TTRIQ,0.017714,0,0,train,Two year,Bank transfer (automatic),DSL,72,84.2
3374-TTZTK,0.100811,0,0,train,Two year,Electronic check,Fiber optic,52,106.3
8990-ZXLSU,0.565996,1,0,train,Month-to-month,Electronic check,Fiber optic,9,69.05
2275-RBYQS,0.446508,1,0,train,Month-to-month,Mailed check,DSL,1,45.4
8473-VUVJN,0.824416,1,1,train,Month-to-month,Electronic check,Fiber optic,1,73.65
6289-CPNLD,0.092832,0,1,train,One year,Mailed check,DSL,33,73.9
5536-SLHPM,0.440909,1,1,train,Month-to-month,Electronic check,Fiber optic,55,77.75
4419-UJMUS,0.092791,0,0,test,Two year,Electronic check,Fiber optic,69,99.35
7794-JASDG,0.361294,1,0,train,Month-to-month,Mailed check,DSL,1,50.75
7609-YBPXG,0.028941,0,0,train,Two year,Bank transfer (automatic),DSL,54,87.1
5519-TEEUH,0.031924,0,0,test,One year,Mailed check,No,33,20.15
7856-GANIL,0.212895,0,0,train,One year,Bank transfer (automatic),Fiber optic,45,98.7
0804-XBFBV,0.363949,1,0,train,Month-to-month,Electronic check,DSL,11,25.2
2676-OXPPQ,0.249792,1,0,train,Month-to-month,Bank transfer (automatic),DSL,6,55.7
3703-TTEPD,0.129261,0,0,train,Month-to-month,Bank transfer (automatic),DSL,21,65.35
2799-TSLAG,0.011183,0,0,train,Two year,Bank transfer (automatic),No,65,25.3
0196-VULGZ,0.828504,1,1,train,Month-to-month,Electronic check,Fiber optic,6,84.35
8837-VVWLQ,0.566112,1,1,train,Month-to-month,Electronic check,Fiber optic,8,84.95
2696-NARTR,0.557971,1,1,train,Month-to-month,Electronic check,Fiber optic,11,73.85
2208-NKVVH,0.011036,0,0,train,Two year,Mailed check,No,43,24.25
7614-QVWQL,0.129205,0,1,train,One year,Bank transfer (automatic),DSL,49,51.8
1976-CFOCS,0.449645,1,1,train,Month-to-month,Electronic check,DSL,1,46.0
4631-OACRM,0.62171,1,1,test,Month-to-month,Electronic check,Fiber optic,15,79.4
7139-JZFVG,0.008708,0,0,train,Two year,Bank transfer (automatic),DSL,60,60.5
4987-GQWPO,0.249183,1,0,train,Month-to-month,Credit card (automatic),DSL,17,25.1
3755-JBMNH,0.42533,1,1,train,Month-to-month,Bank transfer (automatic),Fiber optic,16,71.8
1757-TCATG,0.017569,0,0,train,One year,Bank transfer (automatic),No,35,20.05
6345-ULYRW,0.152924,0,1,train,One year,Mailed check,Fiber optic,44,88.4
4776-XSKYQ,0.11004,0,0,train,One year,Credit card (automatic),DSL,12,30.25
8048-DSDFQ,0.179081,0,0,train,Month-to-month,Mailed check,No,1,20.2
5753-QQWPW,0.061398,0,0,test,One year,Electronic check,DSL,28,59.9
6010-DDPPW,0.005809,0,0,train,Two year,Bank transfer (automatic),No,70,25.15
1809-DMJHQ,0.263604,1,1,test,Month-to-month,Mailed check,DSL,5,46.0
6693-FRIRW,0.404339,1,0,train,Month-to-month,Credit card (automatic),Fiber optic,18,101.3
6586-MYGKD,0.025208,0,0,train,Two year,Credit card (automatic),DSL,70,76.95
3173-NVMPX,0.366311,1,0,test,Month-to-month,Mailed check,DSL,9,55.3
0248-PGHBZ,0.033279,0,0,train,Two year,Bank transfer (automatic),Fiber optic,67,92.45
0623-GDISB,0.348754,1,0,train,Month-to-month,Bank transfer (automatic),DSL,1,48.45
2892-GESUL,0.015478,0,0,test,Two year,Mailed check,No,18,19.35
6923-EFPNL,0.357987,1,1,train,Month-to-month,Credit card (automatic),DSL,4,51.75
7472-EQOAV,0.047574,0,0,train,One year,Bank transfer (automatic),Fiber optic,71,86.7
9574-RKJIF,0.411444,1,1,train,Month-to-month,Electronic check,Fiber optic,30,94.4
2043-WVTQJ,0.276092,1,0,train,Month-to-month,Mailed check,DSL,1,55.7
8034-RYTVV,0.143313,0,0,test,One year,Credit card (automatic),Fiber optic,55,84.25
3863-QSTYI,0.163219,0,0,train,Month-to-month,Electronic check,DSL,59,64.65
2619-WFQWU,0.632736,1,1,train,Month-to-month,Mailed check,Fiber optic,1,70.15
5044-LRQAQ,0.616633,1,0,train,Month-to-month,Bank transfer (automatic),Fiber optic,7,69.2
1716-LSAMB,0.007011,0,0,test,Two year,Bank transfer (automatic),DSL,45,54.65
1333-PBMXB,0.032724,0,0,train,One year,Bank transfer (automatic),No,54,24.75
6546-OPBBH,0.04255,0,0,train,One year,Mailed check,No,51,23.95
5985-BEHZK,0.140496,0,0,train,One year,Credit card (automatic),Fiber optic,72,105.0
9127-QRZMH,0.021231,0,0,train,One year,Bank transfer (automatic),DSL,44,59.85
5919-VCZYM,0.19694,0,0,train,Month-to-month,Mailed check,No,2,20.05
9644-KVCNC,0.180788,0,0,train,One year,Bank transfer (automatic),Fiber optic,66,92.15
2137-DQMEV,0.034187,0,0,train,One year,Mailed check,DSL,68,44.8
8174-LNWMW,0.014154,0,0,train,Two year,Credit card (automatic),No,31,20.9
9279-CJEOJ,0.620096,1,0,test,Month-to-month,Bank transfer (automatic),Fiber optic,21,95.4
7964-VEXDG,0.354608,1,0,train,Month-to-month,Electronic check,Fiber optic,21,80.35
2404-JIBFC,0.028099,0,0,train,Two year,Bank transfer (automatic),DSL,55,85.1
0778-NELLA,0.533536,1,1,test,Month-to-month,Credit card (automatic),DSL,9,34.7
8029-XYPWT,0.062872,0,0,train,Two year,Bank transfer (automatic),Fiber optic,71,115.05
4614-NUVZD,0.762619,1,1,train,Month-to-month,Electronic check,Fiber optic,1,81.1
4632-PAOYU,0.02967,0,0,train,One year,Mailed check,No,22,19.95
3803-KMQFW,0.172446,0,1,train,Month-to-month,Mailed check,No,1,20.55
6804-GDMOI,0.140731,0,1,train,Two year,Electronic check,Fiber optic,61,106.6
2990-OGYTD,0.02546,0,0,train,Two year,Bank transfer (automatic),DSL,67,86.15
6646-JPPHA,0.327794,1,0,train,Month-to-month,Electronic check,Fiber optic,14,78.85
9572-MTILT,0.300056,1,1,train,Month-to-month,Electronic check,Fiber optic,59,106.75
7658-UYUQS,0.414238,1,0,train,Month-to-month,Bank transfer (automatic),Fiber optic,21,86.55
7880-XSOJX,0.250444,1,0,train,Month-to-month,Mailed check,DSL,4,42.4
9611-CTWIH,0.811954,1,1,test,Month-to-month,Electronic check,Fiber optic,3,89.45
4589-IUAJB,0.006709,0,0,train,Two year,Bank transfer (automatic),No,70,24.25
0329-GTIAJ,0.729831,1,1,train,Month-to-month,Electronic check,Fiber optic,3,97.9
8746-BFOAJ,0.040107,0,0,train,One year,Bank transfer (automatic),No,21,20.5
8457-XIGKN,0.09364,0,0,test,Month-to-month,Credit card (automatic),No,20,19.6
6072-NUQCB,0.027007,0,0,train,One year,Bank transfer (automatic),No,22,20.25
6629-CZTTH,0.541272,1,1,train,Month-to-month,Mailed check,DSL,1,55.7
8838-GPHZP,0.011543,0,0,train,Two year,Mailed check,No,63,20.6
8750-QWZAJ,0.004379,0,0,train,Two year,Bank transfer (automatic),No,70,19.8
5364-EVNIB,0.499056,1,1,train,Month-to-month,Electronic check,Fiber optic,13,79.8
6918-UMQCG,0.680062,1,0,train,Month-to-month,Electronic check,Fiber optic,5,80.2
0675-NCDYU,0.032684,0,0,train,Two year,Credit card (automatic),Fiber optic,72,116.4
6339-DKLMK,0.373657,1,0,train,Month-to-month,Electronic check,DSL,13,31.65
1346-PJWTK,0.143759,0,0,test,Month-to-month,Credit card (automatic),Fiber optic,61,94.15
5088-QZLRL,0.236202,0,0,train,Month-to-month,Electronic check,No,1,20.65
8023-QHAIO,0.31291,1,0,train,Month-to-month,Bank transfer (automatic),Fiber optic,56,76.85
4397-FRLTA,0.163847,0,0,train,Month-to-month,Mailed check,No,4,20.15
3057-VJJQE,0.027211,0,0,train,Two year,Mailed check,DSL,35,55.25
5087-SUURX,0.420934,1,1,train,Month-to-month,Electronic check,DSL,18,39.05
2302-OUZXB,0.025071,0,0,train,Two year,Bank transfer (automatic),DSL,72,82.15
8133-ANHHJ,0.118491,0,0,train,One year,Bank transfer (automatic),Fiber optic,49,103.0
2270-CHBFN,0.124517,0,0,train,Month-to-month,Credit card (automatic),Fiber optic,44,95.1
0013-EXCHZ,0.754699,1,1,train,Month-to-month,Mailed check,Fiber optic,3,83.9
5982-FPVQN,0.395281,1,0,train,Month-to-month,Electronic check,Fiber optic,37,95.15
9107-UKCKY,0.153458,0,0,test,One year,Electronic check,DSL,61,79.8
4654-ULTTN,0.016701,0,0,test,Two year,Credit card (automatic),DSL,70,74.8
5550-VFRLC,0.765301,1,1,train,Month-to-month,Electronic check,Fiber optic,1,69.85
5546-BYZSM,0.055006,0,0,train,Month-to-month,Electronic check,No,41,20.45
1492-KGETH,0.016106,0,0,train,One year,Bank transfer (automatic),DSL,70,78.35
4929-BSTRX,0.528237,1,1,train,Month-to-month,Mailed check,DSL,1,53.55
4163-HFTUK,0.03333,0,0,train,One year,Electronic check,No,51,19.1
8215-NGSPE,0.006776,0,0,train,Two year,Mailed check,No,42,20.0
2225-ZRGSG,0.012514,0,1,train,Two year,Bank transfer (automatic),Fiber optic,70,93.9
8859-YSTWS,0.011969,0,0,train,One year,Bank transfer (automatic),No,48,19.95
5271-YNWVR,0.062488,0,1,test,Two year,Electronic check,Fiber optic,68,113.15
7601-DHFWZ,0.008442,0,0,train,Two year,Credit card (automatic),No,48,24.0
2657-ALMWY,0.438967,1,1,train,Month-to-month,Electronic check,Fiber optic,26,84.95
6330-JKLPC,0.634948,1,1,train,Month-to-month,Bank transfer (automatic),Fiber optic,11,80.5
4667-OHGKG,0.261046,1,1,test,Month-to-month,Mailed check,No,1,19.3
1998-VHJHK,0.033722,0,0,train,One year,Mailed check,No,27,19.15
1707-HABPF,0.144211,0,0,test,One year,Bank transfer (automatic),Fiber optic,46,91.3
1660-HSOOQ,0.438111,1,1,train,Month-to-month,Mailed check,DSL,1,49.65
7253-UVNDW,0.009998,0,1,train,Two year,Credit card (automatic),DSL,46,54.35
0487-VVUVK,0.096232,0,0,train,Month-to-month,Mailed check,No,25,19.15
7228-OMTPN,0.806191,1,1,train,Month-to-month,Electronic check,Fiber optic,4,88.45
5063-IUOKK,0.022187,0,0,test,Two year,Mailed check,No,13,19.75
4508-OEBEY,0.044601,0,0,train,One year,Credit card (automatic),DSL,31,75.5
0027-KWYKW,0.5341,1,0,train,Month-to-month,Electronic check,Fiber optic,23,83.75
2308-STERM,0.167924,0,0,test,Month-to-month,Mailed check,No,2,19.4
5982-XMDEX,0.009521,0,0,train,Two year,Bank transfer (automatic),No,65,26.5
6284-AHOOQ,0.461635,1,1,test,Month-to-month,Bank transfer (automatic),Fiber optic,22,90.5
6051-PTVNS,0.016938,0,0,train,One year,Credit card (automatic),No,55,19.15
2344-JMOGN,0.586968,1,1,train,Month-to-month,Mailed check,Fiber optic,9,94.85
3799-ISUZQ,0.562317,1,1,train,Month-to-month,Bank transfer (automatic),Fiber optic,7,69.95
2877-VDUER,0.069633,0,0,test,One year,Mailed check,DSL,35,40.9
9152-AMKAK,0.115613,0,0,train,Two year,Mailed check,DSL,6,80.25
1794-HBQTJ,0.314602,1,1,train,Month-to-month,Credit card (automatic),DSL,1,48.6
9432-VOFYX,0.504185,1,0,train,Month-to-month,Electronic check,Fiber optic,17,70.8
8049-WJCLQ,0.290757,1,0,train,Month-to-month,Mailed check,DSL,10,60.2
6586-PSJOX,0.047382,0,0,train,One year,Credit card (automatic),DSL,15,55.2
2460-FPSYH,0.284608,1,1,train,Month-to-month,Electronic check,DSL,40,55.8
9705-ZJBCG,0.03856,0,0,train,One year,Bank transfer (automatic),DSL,13,54.15
4818-DRBQT,0.386691,1,1,train,Month-to-month,Bank transfer (automatic),Fiber optic,29,80.15
1320-HTRDR,0.7742,1,1,test,Month-to-month,Electronic check,Fiber optic,3,75.5
6847-KJLTS,0.395219,1,0,train,Month-to-month,Bank transfer (automatic),Fiber optic,58,100.4
9670-BPNXF,0.019164,0,0,train,One year,Credit card (automatic),DSL,45,62.55
3913-FCUUW,0.007922,0,0,test,Two year,Bank transfer (automatic),DSL,72,70.45
3301-VKTGC,0.065101,0,0,test,One year,Bank transfer (automatic),Fiber optic,68,85.5
1493-AMTIE,0.241997,1,1,test,Month-to-month,Bank transfer (automatic),No,1,20.2
9555-SAHUZ,0.063319,0,0,train,Month-to-month,Electronic check,DSL,38,54.5
0816-TSPHQ,0.181669,0,0,test,Month-to-month,Mailed check,No,2,20.75
9932-WBWIK,0.141855,0,0,train,Month-to-month,Mailed check,No,11,20.35
4619-EVPHY,0.370831,1,0,test,One year,Bank transfer (automatic),Fiber optic,20,91.0
5286-YHCVC,0.078496,0,0,train,Two year,Bank transfer (automatic),Fiber optic,72,104.8
6424-ELEYH,0.691357,1,1,train,Month-to-month,Credit card (automatic),Fiber optic,3,74.75
4391-RESHN,0.508668,1,1,train,Month-to-month,Mailed check,Fiber optic,23,104.05
9115-YQHGA,0.121483,0,0,test,Month-to-month,Electronic check,DSL,40,51.1
4462-CYWMH,0.34841,1,0,train,Month-to-month,Bank transfer (automatic),Fiber optic,62,89.8
8963-MQVYN,0.096433,0,0,train,Month-to-month,Electronic check,No,22,20.55
2458-EOMRE,0.237799,0,0,train,Month-to-month,Bank transfer (automatic),DSL,11,64.05
9334-GWGOW,0.783532,1,0,test,Month-to-month,Electronic check,Fiber optic,7,74.85
6821-BUXUX,0.54885,1,1,test,Month-to-month,Electronic check,Fiber optic,13,96.65
5028-HTLJB,0.207902,0,1,train,Month-to-month,Mailed check,No,1,20.05
9801-GDWGV,0.542098,1,1,train,Month-to-month,Electronic check,Fiber optic,39,103.45
6542-LWGXJ,0.453713,1,0,test,Month-to-month,Mailed check,DSL,3,25.0
5567-GZKQY,0.006777,0,0,train,Two year,Credit card (automatic),No,58,20.3
1222-LRYKO,0.161256,0,0,train,Month-to-month,Mailed check,No,6,26.35
2320-JRSDE,0.289072,1,1,train,Month-to-month,Electronic check,No,1,19.9
2087-QAREY,0.173364,0,0,test,Month-to-month,Mailed check,DSL,22,54.7
0601-WZHJF,0.454933,1,1,train,Month-to-month,Electronic check,DSL,14,46.35
4423-JWZJN,0.09587,0,0,train,One year,Credit card (automatic),Fiber optic,64,90.25
5143-WMWOG,0.234484,0,1,train,Month-to-month,Electronic check,No,1,19.95
6490-FGZAT,0.165345,0,0,train,Month-to-month,Mailed check,No,6,20.65
5393-RXQSZ,0.711552,1,1,train,Month-to-month,Electronic check,Fiber optic,1,79.6
7452-FOLON,0.023637,0,0,train,One year,Bank transfer (automatic),No,39,25.45
2320-TZRRH,0.034693,0,0,test,One year,Mailed check,No,20,19.5
0231-LXVAP,0.658606,1,1,train,Month-to-month,Electronic check,Fiber optic,1,75.9
9444-JTXHZ,0.670457,1,1,train,Month-to-month,Electronic check,Fiber optic,1,76.2
4942-VZZOM,0.066115,0,0,train,One year,Credit card (automatic),DSL,64,66.15
5510-BOIUJ,0.159266,0,1,train,Month-to-month,Mailed check,No,1,19.25
7502-BNYGS,0.146043,0,0,train,Month-to-month,Credit card (automatic),DSL,46,69.1
4291-HYEBC,0.233377,0,0,train,One year,Electronic check,DSL,28,39.1
6147-CBCRA,0.058599,0,0,train,Month-to-month,Mailed check,No,33,20.05
6047-SUHPR,0.033131,0,0,train,One year,Electronic check,DSL,39,59.8
4471-KXAUH,0.370371,1,1,train,Month-to-month,Electronic check,Fiber optic,42,84.3
9752-ZNQUT,0.482879,1,0,test,Month-to-month,Electronic check,DSL,1,48.6
7638-QVMVY,0.71315,1,1,train,Month-to-month,Electronic check,Fiber optic,7,79.0
1576-PFZIW,0.038151,0,0,train,Two year,Credit card (automatic),Fiber optic,70,105.35
5666-MBJPT,0.012748,0,0,test,Two year,Bank transfer (automatic),No,65,25.1
7312-XSBAT,0.336838,1,0,train,Month-to-month,Electronic check,DSL,1,49.75
3096-GKWEB,0.728531,1,0,train,Month-to-month,Electronic check,Fiber optic,18,94.75
2371-JQHZZ,0.642253,1,0,train,Month-to-month,Electronic check,Fiber optic,24,93.0
0674-GCDXG,0.020815,0,0,train,Two year,Bank transfer (automatic),DSL,63,71.9
1121-QSIVB,0.079553,0,0,train,One year,Mailed check,DSL,44,77.55
4396-KLSEH,0.301514,1,0,test,Month-to-month,Electronic check,No,4,19.85
3244-DCJWY,0.723722,1,1,test,Month-to-month,Electronic check,Fiber optic,1,70.25
2824-MYYBN,0.523255,1,0,train,Month-to-month,Electronic check,Fiber optic,37,95.25
0875-CABNR,0.672006,1,1,train,Month-to-month,Credit card (automatic),Fiber optic,10,84.6
6345-HOVES,0.199113,0,0,train,Month-to-month,Bank transfer (automatic),DSL,34,25.05
8318-LCNBW,0.095374,0,0,train,One year,Credit card (automatic),DSL,35,53.15
6469-QJKZW,0.220235,0,0,train,Month-to-month,Electronic check,No,4,20.15
0147-ESWWR,0.521644,1,0,train,Month-to-month,Electronic check,Fiber optic,39,101.25
1217-VASWC,0.215184,0,0,test,One year,Bank transfer (automatic),Fiber optic,43,100.55
7812-FZHPE,0.08507,0,1,train,Month-to-month,Mailed check,No,17,24.1
6370-ZVHDV,0.010495,0,0,test,Two year,Bank transfer (automatic),No,61,25.3
5915-DGNVC,0.07613,0,0,train,One year,Electronic check,DSL,49,71.8
6260-XLACS,0.058766,0,0,train,One year,Mailed check,No,4,19.7
3566-CAAYU,0.021426,0,0,train,Two year,Electronic check,DSL,64,49.85
4983-CCWMC,0.650489,1,0,test,Month-to-month,Mailed check,Fiber optic,3,69.6
9103-CXVOK,0.209233,0,0,train,Month-to-month,Electronic check,No,1,19.75
2896-TBNBE,0.131221,0,0,train,One year,Electronic check,Fiber optic,40,80.8
4797-AXPXK,0.24379,1,1,train,Month-to-month,Electronic check,DSL,1,60.0
5229-PRWKT,0.754553,1,1,train,Month-to-month,Electronic check,Fiber optic,8,86.55
6982-UQZLY,0.286529,1,1,train,Month-to-month,Mailed check,No,1,20.85
2522-WLNSF,0.063625,0,0,test,One year,Bank transfer (automatic),DSL,34,64.2
3841-CONLJ,0.62269,1,0,train,Month-to-month,Electronic check,DSL,1,35.0
5057-LCOUI,0.36435,1,1,train,Month-to-month,Electronic check,DSL,39,50.75
0193-ESZXP,0.08862,0,1,train,One year,Credit card (automatic),Fiber optic,58,105.5
4475-NVTLU,0.011056,0,0,train,Two year,Electronic check,No,45,19.2
4369-HTUIF,0.655363,1,1,train,Month-to-month,Bank transfer (automatic),Fiber optic,6,85.15
9386-LDCZR,0.06602,0,0,train,One year,Credit card (automatic),Fiber optic,43,90.65
9585-KKMFD,0.009263,0,0,train,Two year,Mailed check,No,41,20.0
5399-ZIMKF,0.675385,1,0,train,Month-to-month,Electronic check,Fiber optic,5,74.65
0336-KXKFK,0.02647,0,0,train,Two year,Credit card (automatic),DSL,72,61.2
5619-XZZKR,0.095193,0,0,test,One year,Mailed check,No,4,19.95
3948-FVVRP,0.171407,0,0,test,Month-to-month,Mailed check,DSL,9,54.8
5327-XOKKY,0.052435,0,0,train,Two year,Credit card (automatic),DSL,72,73.45
0983-TATYJ,0.062812,0,0,test,One year,Mailed check,DSL,33,51.45
1813-JYWTO,0.028423,0,0,train,Two year,Bank transfer (automatic),Fiber optic,72,80.45
0156-FVPTA,0.13895,0,1,train,Month-to-month,Electronic check,DSL,22,54.2
1984-FCOWB,0.1671,0,1,train,One year,Electronic check,Fiber optic,70,109.5
0654-HMSHN,0.46701,1,1,train,Month-to-month,Electronic check,Fiber optic,21,104.4
6719-OXYBR,0.466857,1,0,train,Month-to-month,Electronic check,Fiber optic,15,85.3
3312-ZWLGF,0.497572,1,0,test,Month-to-month,Electronic check,Fiber optic,29,79.3
6476-YHMGA,0.157786,0,0,train,Month-to-month,Bank transfer (automatic),DSL,15,76.5
5287-QWLKY,0.178075,0,1,train,Month-to-month,Credit card (automatic),Fiber optic,71,105.1
0795-XCCTE,0.008791,0,0,train,Two year,Bank transfer (automatic),No,72,25.4
0168-XZKBB,0.6126,1,0,train,Month-to-month,Electronic check,Fiber optic,19,86.85
3785-NRHYR,0.191672,0,0,train,Month-to-month,Mailed check,No,1,19.65
5196-SGOAK,0.692225,1,1,test,Month-to-month,Electronic check,Fiber optic,1,75.7
4537-DKTAL,0.384611,1,0,train,Month-to-month,Electronic check,DSL,2,45.55
7072-MBHEV,0.652696,1,0,train,Month-to-month,Credit card (automatic),Fiber optic,11,78.1
5602-BVFMK,0.066972,0,0,train,One year,Mailed check,No,12,19.3
6297-NOOPG,0.093426,0,0,test,Two year,Electronic check,Fiber optic,70,110.5
1891-UAWWU,0.569868,1,1,train,Month-to-month,Electronic check,Fiber optic,20,90.8
8204-TIFGJ,0.077859,0,0,train,Month-to-month,Bank transfer (automatic),No,23,20.3
8050-DVOJX,0.021511,0,0,train,Two year,Credit card (automatic),DSL,49,81.35
6108-OQZDQ,0.820882,1,1,train,Month-to-month,Electronic check,Fiber optic,4,97.95
0363-QJVFX,0.347544,1,1,test,Month-to-month,Credit card (automatic),Fiber optic,32,108.15
8903-XEBGX,0.523197,1,0,test,Month-to-month,Electronic check,DSL,2,55.3
8169-SAEJD,0.027116,0,0,train,Two year,Credit card (automatic),DSL,69,56.55
9840-DVNDC,0.662663,1,1,test,Month-to-month,Credit card (automatic),Fiber optic,6,80.5
1089-XZWHH,0.017532,0,0,train,Two year,Mailed check,No,24,19.7
2325-WINES,0.327718,1,0,train,One year,Credit card (automatic),Fiber optic,32,104.05
6064-ZATLR,0.021077,0,0,test,Two year,Bank transfer (automatic),DSL,27,52.85
3096-JRDSO,0.444106,1,1,train,Month-to-month,Bank transfer (automatic),Fiber optic,27,104.3
7824-PANSQ,0.191454,0,0,train,Month-to-month,Bank transfer (automatic),Fiber optic,58,80.65
8042-JVNFH,0.643986,1,1,train,Month-to-month,Mailed check,Fiber optic,1,71.35
9648-BCHKM,0.028045,0,0,test,Two year,Credit card (automatic),No,18,24.65
2888-ADFAO,0.010134,0,0,train,Two year,Bank transfer (automatic),No,47,21.3
8707-HOEDG,0.070013,0,0,train,Two year,Electronic check,Fiber optic,70,110.2
3374-LXDEV,0.413623,1,1,test,Month-to-month,Electronic check,Fiber optic,13,89.4
4072-IPYLT,0.049103,0,0,train,Month-to-month,Credit card (automatic),DSL,36,51.05
7167-PCEYD,0.0091,0,0,test,Two year,Mailed check,No,67,19.8
4936-YPJNK,0.211185,0,0,train,Month-to-month,Mailed check,No,10,19.9
1580-BMCMR,0.479041,1,0,train,Month-to-month,Electronic check,Fiber optic,19,87.3
4817-KEQSP,0.003572,0,0,train,Two year,Bank transfer (automatic),No,71,19.85
6408-WHTEF,0.01738,0,0,train,Two year,Mailed check,DSL,72,89.4
9251-AWQGT,0.005304,0,0,train,Two year,Mailed check,No,48,20.0
8749-CLJXC,0.192144,0,0,test,Month-to-month,Mailed check,No,1,20.05
7989-VCQOH,0.159933,0,0,train,Month-to-month,Electronic check,DSL,18,83.25
5049-GLYVG,0.177526,0,1,train,Month-to-month,Mailed check,No,1,20.6
4199-QHJNM,0.061789,0,0,train,Two year,Bank transfer (automatic),Fiber optic,67,102.9
8882-TLVRW,0.010632,0,0,train,Two year,Mailed check,DSL,69,39.1
5883-GTGVD,0.673583,1,1,train,Month-to-month,Electronic check,Fiber optic,19,99.95
5135-GRQJV,0.053457,0,0,train,Two year,Mailed check,Fiber optic,72,114.5
2384-OVPSA,0.013537,0,0,train,Two year,Mailed check,No,38,20.2
1371-WEPDS,0.101485,0,0,train,One year,Electronic check,DSL,40,55.8
3580-GICBM,0.013778,0,0,test,Two year,Mailed check,No,61,24.2
4817-QRJSX,0.583593,1,1,train,Month-to-month,Credit card (automatic),Fiber optic,10,81.0
9730-DRTMJ,0.081173,0,0,train,One year,Credit card (automatic),DSL,32,72.8
4686-UXDML,0.545574,1,0,test,Month-to-month,Credit card (automatic),Fiber optic,21,99.85
3349-ANQNH,0.404629,1,0,train,One year,Electronic check,Fiber optic,59,99.5
2398-YPMUR,0.57897,1,1,train,Month-to-month,Electronic check,Fiber optic,13,70.15
0932-YIXYU,0.007872,0,0,train,Two year,Credit card (automatic),No,47,20.25
7480-SPLEF,0.007768,0,0,train,Two year,Bank transfer (automatic),No,69,26.0
7636-XUHWW,0.245382,1,0,train,Month-to-month,Credit card (automatic),No,2,19.9
1431-CYWMH,0.051812,0,0,train,Month-to-month,Bank transfer (automatic),No,22,19.05
5937-EORGB,0.658924,1,0,train,Month-to-month,Electronic check,Fiber optic,15,96.5
6349-JDHQP,0.009856,0,0,test,Two year,Credit card (automatic),No,53,19.85
5539-HIVAK,0.103519,0,0,train,Month-to-month,Mailed check,No,28,25.7
5847-MXBEO,0.034522,0,0,train,One year,Mailed check,No,22,20.3
9985-MWVIX,0.632736,1,1,train,Month-to-month,Mailed check,Fiber optic,1,70.15
4583-PARNH,0.55028,1,0,train,Month-to-month,Electronic check,Fiber optic,16,91.55
1116-FRYVH,0.010926,0,0,train,Two year,Mailed check,DSL,48,39.4
1421-HCERK,0.346651,1,0,train,Month-to-month,Bank transfer (automatic),Fiber optic,30,105.7
9633-XQABV,0.672001,1,0,train,Month-to-month,Electronic check,Fiber optic,3,70.25
0716-BQNDX,0.075873,0,0,train,Two year,Electronic check,Fiber optic,57,93.75
1265-XTECC,0.116051,0,1,train,One year,Credit card (automatic),Fiber optic,68,96.55
1183-CANVH,0.058888,0,0,train,One year,Bank transfer (automatic),DSL,23,60.0
1972-XMUWV,0.026357,0,0,train,Two year,Credit card (automatic),DSL,65,59.8
8679-LZBMD,0.214903,0,0,train,One year,Bank transfer (automatic),Fiber optic,44,90.65
3407-JMJQQ,0.054028,0,0,train,Two year,Bank transfer (automatic),Fiber optic,71,109.0
6252-DFGTK,0.030166,0,0,train,One year,Credit card (automatic),DSL,37,68.1
1539-LNKHM,0.144219,0,0,train,Month-to-month,Mailed check,No,12,20.4
8645-KOMJQ,0.023014,0,0,train,Two year,Bank transfer (automatic),DSL,69,81.95
0289-IVARM,0.087744,0,0,test,Month-to-month,Electronic check,DSL,35,60.55
9761-XUJWD,0.371691,1,0,train,Month-to-month,Bank transfer (automatic),DSL,5,65.6
4057-FKCZK,0.0779,0,0,train,Two year,Bank transfer (automatic),Fiber optic,58,82.5
4291-TPNFG,0.012065,0,0,train,Two year,Bank transfer (automatic),DSL,72,82.3
6087-YPWHO,0.006873,0,0,train,Two year,Mailed check,DSL,72,68.15
3090-QFUVD,0.174626,0,0,test,Month-to-month,Credit card (automatic),No,1,20.3
2237-ZFSMY,0.126079,0,1,train,One year,Electronic check,Fiber optic,39,95.55
1722-LDZJS,0.020363,0,0,train,One year,Credit card (automatic),No,53,20.2
1818-ESQMW,0.497102,1,0,train,Month-to-month,Electronic check,Fiber optic,27,89.2
4871-JTKJF,0.753923,1,1,train,Month-to-month,Electronic check,Fiber optic,1,69.65
1415-YFWLT,0.848834,1,1,train,Month-to-month,Electronic check,Fiber optic,1,89.3
7401-RUBNK,0.302943,1,0,train,Month-to-month,Electronic check,Fiber optic,18,74.8
0506-YLVKJ,0.007639,0,0,train,Two year,Mailed check,No,46,20.2
8661-BOYNW,0.023576,0,0,train,Two year,Credit card (automatic),DSL,72,84.4
6711-VTNRE,0.371702,1,1,test,Month-to-month,Electronic check,Fiber optic,36,87.55
4815-GBTCD,0.62372,1,0,train,Month-to-month,Electronic check,DSL,4,25.15
2805-AUFQN,0.016278,0,0,test,Two year,Credit card (automatic),No,25,19.8
0980-PVMRC,0.280111,1,0,train,Month-to-month,Electronic check,DSL,40,50.85
7233-DRTRF,0.477631,1,0,train,Month-to-month,Electronic check,Fiber optic,63,102.4
3500-RMZLT,0.398305,1,1,train,Month-to-month,Mailed check,Fiber optic,15,96.3
3873-NFTGI,0.242757,1,0,train,Month-to-month,Credit card (automatic),DSL,14,55.5
1162-ECVII,0.06616,0,0,train,Two year,Bank transfer (automatic),Fiber optic,72,109.75
7048-GXDAY,0.417401,1,0,train,Month-to-month,Electronic check,Fiber optic,39,106.4
8571-ZCMCX,0.035445,0,0,train,Two year,Credit card (automatic),DSL,47,60.0
1169-WCVAK,0.28257,1,0,test,Month-to-month,Credit card (automatic),Fiber optic,19,88.8
4548-SDBKE,0.827017,1,1,train,Month-to-month,Electronic check,Fiber optic,5,85.2
8066-POXGX,0.488058,1,1,train,Month-to-month,Electronic check,DSL,13,35.1
7129-CAKJW,0.390327,1,0,train,Month-to-month,Bank transfer (automatic),Fiber optic,17,80.05
8695-ARGXZ,0.507107,1,0,train,Month-to-month,Electronic check,Fiber optic,34,75.55
3570-YUEKJ,0.139,0,0,train,Month-to-month,Electronic check,DSL,42,49.55
4143-OOBWZ,0.724226,1,1,train,Month-to-month,Electronic check,Fiber optic,5,81.3
1555-HAPSU,0.005792,0,0,test,Two year,Credit card (automatic),No,71,23.9
1697-NVVGY,0.154921,0,0,train,Month-to-month,Bank transfer (automatic),DSL,19,66.4
7854-EKTJL,0.266617,1,1,test,Month-to-month,Electronic check,No,2,19.6
8464-EETCQ,0.009367,0,0,train,Two year,Credit card (automatic),No,57,18.8
2419-FSORS,0.098974,0,0,train,Two year,Electronic check,Fiber optic,72,108.4
8132-YPVBX,0.644702,1,0,test,Month-to-month,Mailed check,Fiber optic,6,85.95
9102-IAYHT,0.545711,1,1,train,Month-to-month,Electronic check,Fiber optic,17,85.45
6754-LZUKA,0.034672,0,0,train,Two year,Bank transfer (automatic),DSL,61,80.9
3422-LYEPQ,0.687315,1,1,test,Month-to-month,Electronic check,Fiber optic,1,71.0
8099-MZPUJ,0.038465,0,0,train,Two year,Credit card (automatic),Fiber optic,48,111.8
0787-LHDYT,0.10739,0,0,train,Month-to-month,Credit card (automatic),No,16,20.6
2642-DTVCO,0.791453,1,1,train,Month-to-month,Electronic check,Fiber optic,9,85.05
0374-IOEGQ,0.410127,1,0,train,Month-to-month,Electronic check,DSL,3,44.6
4361-JEIVL,0.467865,1,1,train,Month-to-month,Electronic check,DSL,1,44.4
3197-NNYNB,0.066969,0,0,train,Two year,Credit card (automatic),Fiber optic,65,105.1
3396-DKDEL,0.037757,0,0,test,Two year,Credit card (automatic),Fiber optic,70,115.15
1752-OZXFY,0.061973,0,0,train,One year,Mailed check,DSL,60,59.8
9066-QRSDU,0.036837,0,0,train,One year,Electronic check,No,69,26.3
9112-WSNPU,0.318103,1,0,test,Month-to-month,Electronic check,Fiber optic,35,70.55
9867-NNXLC,0.089652,0,0,train,Month-to-month,Mailed check,No,22,20.05
5321-NTRKC,0.022904,0,0,train,Two year,Bank transfer (automatic),DSL,66,79.85
1363-TXLSL,0.769193,1,1,train,Month-to-month,Electronic check,Fiber optic,1,70.3
9507-EXLTT,0.717847,1,1,test,Month-to-month,Bank transfer (automatic),Fiber optic,1,79.35
3161-GETRM,0.441896,1,0,train,Month-to-month,Credit card (automatic),Fiber optic,34,90.05
0402-OAMEN,0.005556,0,0,test,Two year,Bank transfer (automatic),No,72,24.45
6933-VLYFX,0.095744,0,0,train,One year,Electronic check,DSL,31,59.95
6754-WKSHP,0.025657,0,0,train,One year,Bank transfer (automatic),No,30,25.35
9846-GKXAS,0.717953,1,1,train,Month-to-month,Bank transfer (automatic),Fiber optic,9,90.8
6017-PPLPX,0.409455,1,1,train,Month-to-month,Electronic check,Fiber optic,20,70.45
4976-LNFVV,0.28555,1,0,train,Month-to-month,Credit card (automatic),DSL,19,34.3
5055-MGMGF,0.410997,1,0,train,Month-to-month,Electronic check,Fiber optic,65,105.05
4641-FROLU,0.012698,0,0,train,Two year,Mailed check,No,30,19.3
2862-JVEOY,0.081612,0,0,train,One year,Mailed check,No,6,19.15
2969-QWUBZ,0.639682,1,0,train,Month-to-month,Electronic check,DSL,2,51.4
9822-BIIGN,0.10269,0,0,test,Month-to-month,Electronic check,DSL,53,71.85
2077-MPJQO,0.782854,1,0,test,Month-to-month,Electronic check,Fiber optic,7,75.4
1534-OULXE,0.033188,0,0,train,One year,Bank transfer (automatic),DSL,61,49.7
7136-RVDTZ,0.122644,0,1,train,One year,Electronic check,DSL,70,45.25
2971-SGAFL,0.447095,1,0,test,Month-to-month,Electronic check,DSL,13,78.75
1480-IVEVR,0.249129,1,0,train,One year,Bank transfer (automatic),Fiber optic,35,81.6
2905-KFQUV,0.643415,1,0,train,Month-to-month,Credit card (automatic),Fiber optic,2,70.4
4581-SSPWD,0.76205,1,1,train,Month-to-month,Electronic check,Fiber optic,3,75.8
3370-HXOPH,0.748139,1,0,train,Month-to-month,Electronic check,Fiber optic,3,76.1
9391-YZEJW,0.23822,0,0,train,One year,Bank transfer (automatic),Fiber optic,62,94.0
9958-MEKUC,0.019264,0,0,train,Two year,Credit card (automatic),Fiber optic,72,103.95
0281-CNTZX,0.009547,0,0,train,Two year,Bank transfer (automatic),No,63,19.95
6927-WTFIV,0.290785,1,1,train,Month-to-month,Credit card (automatic),Fiber optic,20,71.3
4118-CEVPF,0.229839,0,0,train,One year,Bank transfer (automatic),Fiber optic,35,110.8
3398-ZOUAA,0.503064,1,1,train,Month-to-month,Electronic check,Fiber optic,21,69.1
9114-VEPUF,0.138721,0,0,train,One year,Electronic check,Fiber optic,62,96.1
7876-BEUTG,0.308052,1,0,test,Month-to-month,Mailed check,DSL,15,48.8
2338-BQEZT,0.087529,0,0,train,Month-to-month,Credit card (automatic),DSL,55,50.55
9873-MNDKV,0.344812,1,0,train,Month-to-month,Mailed check,DSL,11,44.65
0378-NHQXU,0.551339,1,1,train,Month-to-month,Electronic check,Fiber optic,17,88.25
8241-JUIQO,0.015006,0,0,test,One year,Bank transfer (automatic),No,61,19.45
2194-IIQOF,0.013017,0,0,train,Two year,Credit card (automatic),DSL,71,89.3
4512-ZUIYL,0.544538,1,1,test,Month-to-month,Bank transfer (automatic),Fiber optic,2,70.0
9631-RXVJM,0.012892,0,0,train,Two year,Mailed check,No,35,19.25
9584-EXCDZ,0.287503,1,0,train,Month-to-month,Bank transfer (automatic),Fiber optic,17,70.5
7969-AULMZ,0.688187,1,1,train,Month-to-month,Electronic check,Fiber optic,21,97.35
5093-FEGLU,0.008542,0,0,train,Two year,Bank transfer (automatic),No,47,19.65
2621-UDNLU,0.206349,0,0,train,Month-to-month,Mailed check,No,3,20.85
7526-IVLYU,0.225335,0,0,train,Month-to-month,Mailed check,No,3,19.65
2428-HYUNX,0.011401,0,0,train,Two year,Credit card (automatic),No,44,19.35
9214-EKVXR,0.455704,1,0,train,Month-to-month,Mailed check,DSL,1,44.0
3410-MHHUM,0.222056,0,0,train,One year,Electronic check,Fiber optic,44,94.4
0568-ONFPC,0.223064,0,1,train,Month-to-month,Bank transfer (automatic),No,5,25.9
0733-VUNUW,0.159579,0,1,test,Month-to-month,Bank transfer (automatic),DSL,24,55.65
4550-EVXNY,0.686824,1,1,train,Month-to-month,Electronic check,Fiber optic,1,69.65
2122-YWVYA,0.355643,1,0,train,Month-to-month,Electronic check,Fiber optic,18,75.4
2968-SSGAA,0.818008,1,1,train,Month-to-month,Electronic check,Fiber optic,10,100.6
2296-DKZFP,0.011614,0,0,train,Two year,Bank transfer (automatic),DSL,65,71.0
4844-JJWUY,0.77869,1,1,train,Month-to-month,Electronic check,Fiber optic,1,86.0
6777-TGHTM,0.235948,0,1,test,One year,Credit card (automatic),Fiber optic,53,106.95
8909-BOLNL,0.096936,0,0,test,One year,Mailed check,No,3,21.2
6603-YRDCJ,0.017479,0,0,train,Two year,Mailed check,DSL,33,61.05
3538-WZPHD,0.595757,1,1,train,Month-to-month,Electronic check,DSL,3,29.6
3229-USWAR,0.068973,0,0,test,One year,Bank transfer (automatic),DSL,34,79.95
2138-VFAPZ,0.026828,0,0,train,Two year,Mailed check,No,14,19.7
6131-JLWZM,0.128388,0,0,train,Month-to-month,Mailed check,No,13,20.3
4785-QRJHC,0.102505,0,1,test,One year,Bank transfer (automatic),DSL,46,59.9
0269-XFESX,0.045301,0,0,train,One year,Mailed check,No,23,24.35
1709-EJDOX,0.006033,0,0,test,Two year,Mailed check,No,47,19.75
4316-XCSLJ,0.14625,0,0,train,Month-to-month,Mailed check,DSL,17,50.3
8610-WFCJF,0.568805,1,1,train,Month-to-month,Electronic check,Fiber optic,49,95.6
9693-XMUOB,0.348435,1,0,train,Month-to-month,Electronic check,DSL,59,50.25
0383-CLDDA,0.024261,0,0,train,Two year,Credit card (automatic),DSL,69,85.35
4905-JEFDW,0.421963,1,1,test,One year,Electronic check,DSL,11,41.6
2709-UQGNP,0.276338,1,0,train,Month-to-month,Mailed check,DSL,10,51.65
3549-ZTMNH,0.053243,0,0,train,Two year,Bank transfer (automatic),No,12,24.0
7881-INRLC,0.379375,1,1,train,Month-to-month,Credit card (automatic),Fiber optic,45,100.85
8033-ATFAS,0.155919,0,0,train,Month-to-month,Mailed check,DSL,39,59.85
1635-NZATJ,0.009254,0,0,train,Two year,Credit card (automatic),No,71,25.45
0562-HKHML,0.004887,0,0,train,Two year,Credit card (automatic),No,71,23.9
8277-RVRSV,0.030091,0,0,train,One year,Credit card (automatic),No,33,24.15
9943-VSZUV,0.298513,1,0,train,Month-to-month,Mailed check,Fiber optic,67,75.7
0117-LFRMW,0.068216,0,1,train,Month-to-month,Bank transfer (automatic),DSL,37,40.2
6172-FECYY,0.422653,1,1,train,Month-to-month,Electronic check,Fiber optic,49,84.5
7054-ENNGU,0.252615,1,0,test,Month-to-month,Mailed check,DSL,9,50.85
1455-HFBXA,0.056214,0,0,train,Two year,Credit card (automatic),Fiber optic,52,91.6
9402-CXWPL,0.157414,0,0,train,One year,Electronic check,Fiber optic,70,98.9
1628-BIZYP,0.757004,1,0,test,Month-to-month,Electronic check,Fiber optic,1,85.0
1965-AKTSX,0.596821,1,1,train,Month-to-month,Electronic check,Fiber optic,14,78.95
0082-LDZUE,0.429258,1,0,train,Month-to-month,Mailed check,DSL,1,44.3
4786-UKSNZ,0.179081,0,1,train,Month-to-month,Mailed check,No,1,20.2
5343-SGUBI,0.203029,0,0,train,One year,Mailed check,Fiber optic,52,80.2
0856-NAOES,0.362728,1,0,train,Month-to-month,Mailed check,DSL,6,60.9
1976-AZZPJ,0.289449,1,0,train,Month-to-month,Mailed check,DSL,7,34.2
7248-VZQLC,0.285262,1,1,train,Month-to-month,Bank transfer (automatic),Fiber optic,47,85.2
6156-UZDLF,0.13152,0,0,train,One year,Credit card (automatic),Fiber optic,26,87.15
3099-OONVS,0.093974,0,0,train,Month-to-month,Electronic check,DSL,25,54.3
9500-WBGRP,0.007205,0,0,train,Two year,Mailed check,No,69,19.1
5183-KLYEM,0.039929,0,0,train,Two year,Credit card (automatic),Fiber optic,72,112.75
5144-PQCDZ,0.243117,1,0,train,Month-to-month,Mailed check,No,4,19.95
8514-VZHEB,0.007807,0,0,train,Two year,Mailed check,No,59,19.5
6625-IUTTT,0.013886,0,0,train,Two year,Bank transfer (automatic),DSL,67,65.55
9355-NPPFS,0.565232,1,0,train,Month-to-month,Electronic check,Fiber optic,26,78.8
0068-FIGTF,0.088054,0,0,train,One year,Mailed check,DSL,27,78.2
5965-GGPRW,0.035835,0,0,train,Two year,Bank transfer (automatic),Fiber optic,72,105.25
8035-PWSEV,0.716605,1,0,train,Month-to-month,Electronic check,Fiber optic,6,89.25
2236-HILPA,0.005786,0,0,test,Two year,Credit card (automatic),No,62,20.65
1840-BIUOG,0.15674,0,0,train,One year,Electronic check,DSL,20,68.7
1356-MKYSK,0.293647,1,0,train,Month-to-month,Credit card (automatic),DSL,6,78.65
6080-LNESI,0.017102,0,0,test,Two year,Mailed check,No,51,24.75
1830-IPXVJ,0.005858,0,0,test,Two year,Credit card (automatic),No,61,19.75
5828-DWPIL,0.289205,1,0,train,Month-to-month,Electronic check,Fiber optic,62,89.1
8398-TBIYD,0.027341,0,0,train,Two year,Bank transfer (automatic),Fiber optic,72,84.7
0011-IGKFF,0.669834,1,1,train,Month-to-month,Electronic check,Fiber optic,13,98.0
4192-GORJT,0.830438,1,1,train,Month-to-month,Electronic check,Fiber optic,5,94.45
6496-SLWHQ,0.875292,1,1,train,Month-to-month,Electronic check,Fiber optic,3,105.0
9912-GVSEQ,0.609039,1,1,train,Month-to-month,Electronic check,Fiber optic,26,93.85
2931-FSOHN,0.387167,1,0,train,Month-to-month,Electronic check,DSL,13,59.9
9418-RUKPH,0.0131,0,0,train,Two year,Mailed check,No,38,19.95
5383-MMTWC,0.821788,1,1,train,Month-to-month,Electronic check,Fiber optic,8,84.0
9971-ZWPBF,0.517871,1,0,train,Month-to-month,Electronic check,Fiber optic,34,108.9
4712-AUQZO,0.16493,0,0,train,Month-to-month,Mailed check,DSL,18,33.6
9711-FJTBX,0.090923,0,0,train,One year,Mailed check,Fiber optic,56,85.85
2908-ZTPNF,0.118971,0,0,train,Month-to-month,Bank transfer (automatic),DSL,36,34.85
7240-ETPTR,0.725089,1,1,train,Month-to-month,Electronic check,DSL,9,48.75
2202-CUYXZ,0.786877,1,1,test,Month-to-month,Electronic check,Fiber optic,1,84.85
5995-OIGLP,0.147215,0,1,train,Month-to-month,Mailed check,DSL,12,56.65
8421-WZOOW,0.262989,1,0,train,Month-to-month,Credit card (automatic),Fiber optic,57,95.3
6261-RCVNS,0.023593,0,1,train,One year,Credit card (automatic),DSL,42,73.9
7951-QKZPL,0.022137,0,1,train,Two year,Mailed check,No,33,24.5
1414-YADCW,0.012455,0,0,train,Two year,Bank transfer (automatic),Fiber optic,70,84.6
8756-RDDLT,0.09963,0,0,train,Month-to-month,Electronic check,DSL,68,44.95
2862-PFNIK,0.576837,1,0,train,Month-to-month,Electronic check,DSL,1,24.7
5816-QVHRX,0.285595,1,0,train,Month-to-month,Credit card (automatic),Fiber optic,37,100.3
4430-YHXGG,0.274291,1,0,train,Month-to-month,Mailed check,No,4,25.45
6888-SBYAI,0.334005,1,0,train,Month-to-month,Mailed check,DSL,1,50.7
7395-XWZOY,0.178827,0,0,test,Month-to-month,Credit card (automatic),DSL,20,55.0
7169-YWAMK,0.006713,0,0,train,Two year,Bank transfer (automatic),DSL,72,68.4
3640-PHQXK,0.567977,1,1,train,Month-to-month,Electronic check,Fiber optic,31,89.9
6877-LGWXO,0.539781,1,1,train,Month-to-month,Electronic check,Fiber optic,18,78.55
6859-RKMZJ,0.456515,1,0,train,Month-to-month,Bank transfer (automatic),DSL,11,55.05
2729-VNVAP,0.009617,0,0,train,Two year,Credit card (automatic),No,33,19.8
2957-JIRMN,0.187938,0,0,train,One year,Electronic check,Fiber optic,62,84.45
2049-BAFNW,0.406432,1,0,train,Month-to-month,Mailed check,DSL,1,35.9
3842-QTGDL,0.223882,0,0,train,Month-to-month,Bank transfer (automatic),Fiber optic,16,80.75
7163-OCEQI,0.138534,0,0,train,One year,Mailed check,DSL,22,78.65
9782-LGXMC,0.039948,0,0,train,Month-to-month,Bank transfer (automatic),DSL,49,61.75
5975-BAICR,0.057387,0,0,test,One year,Credit card (automatic),DSL,36,63.7
8019-ENHXU,0.36661,1,1,train,Month-to-month,Electronic check,Fiber optic,42,99.45
5167-GBFRE,0.571744,1,1,train,Month-to-month,Bank transfer (automatic),DSL,4,25.2
9033-EOXWV,0.237641,0,1,test,One year,Mailed check,DSL,12,74.05
4673-KKSLS,0.17736,0,0,train,Month-to-month,Electronic check,Fiber optic,31,87.6
4853-OITSN,0.768905,1,0,train,Month-to-month,Electronic check,Fiber optic,5,89.15
9800-OUIGR,0.004154,0,0,train,Two year,Credit card (automatic),No,66,20.0
1324-NLTJE,0.172774,0,1,train,Month-to-month,Credit card (automatic),DSL,15,55.0
2324-EFHVG,0.098234,0,0,train,Two year,Bank transfer (automatic),Fiber optic,64,104.4
7094-MSZAO,0.146707,0,0,train,Month-to-month,Credit card (automatic),No,10,20.05
1522-VVDMG,0.596529,1,1,test,Month-to-month,Electronic check,Fiber optic,7,89.75
6907-CQGPN,0.163544,0,0,train,Month-to-month,Electronic check,DSL,29,34.3
0780-XNZFN,0.010424,0,0,train,Two year,Bank transfer (automatic),No,57,20.65
0239-OXEXL,0.161436,0,0,train,Month-to-month,Mailed check,Fiber optic,46,84.25
2675-IJRGJ,0.012677,0,0,train,Two year,Bank transfer (automatic),No,53,19.65
7049-GKVZY,0.061541,0,0,train,One year,Credit card (automatic),DSL,17,79.85
8577-QSOCG,0.012081,0,0,train,Two year,Mailed check,No,38,20.2
3721-CNZHX,0.040954,0,0,train,One year,Mailed check,No,15,19.8
0212-ISBBF,0.424681,1,0,train,Month-to-month,Electronic check,DSL,22,50.35
9185-TQCVP,0.679579,1,1,train,Month-to-month,Electronic check,Fiber optic,14,85.15
3585-YNADK,0.047922,0,0,train,One year,Bank transfer (automatic),DSL,57,74.6
5271-DBYSJ,0.65386,1,0,train,Month-to-month,Credit card (automatic),Fiber optic,11,79.15
1099-GODLO,0.039815,0,0,train,Two year,Mailed check,No,1,20.35
6828-HMKWP,0.029936,0,0,train,Two year,Bank transfer (automatic),No,12,21.05
5567-WSELE,0.88456,1,1,train,Month-to-month,Electronic check,Fiber optic,3,94.6
1472-TNCWL,0.427646,1,0,train,Month-to-month,Electronic check,Fiber optic,36,94.7
8063-RJYNF,0.536156,1,1,train,Month-to-month,Electronic check,Fiber optic,16,94.25
0687-ZVTHB,0.031677,0,1,train,One year,Credit card (automatic),DSL,65,72.45
2080-GKCWQ,0.60215,1,0,train,Month-to-month,Electronic check,Fiber optic,2,74.95
9661-ACXBS,0.440679,1,1,train,Month-to-month,Electronic check,Fiber optic,42,105.2
2193-SFWQW,0.016112,0,0,train,Two year,Bank transfer (automatic),Fiber optic,72,111.95
5656-JAMLX,0.005796,0,0,train,Two year,Bank transfer (automatic),No,62,19.85
3462-BJQQA,0.77188,1,0,train,Month-to-month,Electronic check,Fiber optic,6,89.75
0442-TDYUO,0.00889,0,0,train,Two year,Mailed check,No,48,20.05
6733-LRIZX,0.155878,0,0,test,Two year,Electronic check,Fiber optic,35,108.95
9503-XJUME,0.014828,0,0,train,One year,Credit card (automatic),No,52,19.65
4367-NHWMM,0.554352,1,0,train,Month-to-month,Mailed check,DSL,1,24.9
3727-RJMEO,0.818858,1,1,train,Month-to-month,Electronic check,Fiber optic,6,82.85
3779-OSWCF,0.011984,0,0,train,Two year,Credit card (automatic),DSL,71,93.2
6736-DHUQI,0.040822,0,0,train,One year,Bank transfer (automatic),Fiber optic,67,84.8
3915-ODIYG,0.08523,0,0,train,One year,Electronic check,DSL,60,71.75
1360-RCYRT,0.166494,0,0,train,Month-to-month,Bank transfer (automatic),DSL,23,30.35
2724-FJDYW,0.063515,0,0,train,One year,Bank transfer (automatic),DSL,39,54.85
4451-RWASJ,0.052049,0,0,train,One year,Mailed check,No,15,19.5
6646-VRFOL,0.58227,1,1,train,Month-to-month,Electronic check,Fiber optic,53,103.85
3460-TJBWI,0.022279,0,0,train,Two year,Mailed check,No,24,24.2
5917-HBSDW,0.049542,0,0,train,Month-to-month,Electronic check,No,37,19.35
5685-IIXLY,0.720625,1,1,train,Month-to-month,Electronic check,Fiber optic,5,83.6
5671-UUNXD,0.41051,1,0,train,One year,Electronic check,Fiber optic,50,100.65
0956-ACVZC,0.217028,0,0,train,One year,Credit card (automatic),Fiber optic,54,94.1
2325-NBPZG,0.627096,1,0,test,Month-to-month,Electronic check,Fiber optic,3,74.55
4250-ZBWLV,0.136004,0,1,train,One year,Electronic check,Fiber optic,68,108.45
4482-FTFFX,0.313086,1,0,train,Month-to-month,Electronic check,DSL,5,56.15
8859-DZTGQ,0.012905,0,0,train,Two year,Mailed check,No,33,20.35
0440-MOGPM,0.180417,0,0,train,One year,Electronic check,DSL,41,80.55
0020-JDNXP,0.068896,0,0,train,One year,Mailed check,DSL,34,61.25
3752-CQSJI,0.096778,0,0,train,Month-to-month,Mailed check,No,13,20.45
5025-GOOKI,0.093015,0,0,test,Month-to-month,Credit card (automatic),No,20,18.9
4698-KVLLG,0.012581,0,0,test,Two year,Credit card (automatic),No,51,19.6
5095-AESKG,0.723891,1,1,train,Month-to-month,Credit card (automatic),Fiber optic,3,91.5
2887-JPYLU,0.061987,0,0,train,Month-to-month,Bank transfer (automatic),DSL,41,45.2
4770-QAZXN,0.079905,0,0,train,Month-to-month,Credit card (automatic),No,13,19.45
4896-CPRPF,0.013599,0,0,train,Two year,Bank transfer (automatic),No,35,25.45
1871-MOWRM,0.300204,1,1,train,Month-to-month,Bank transfer (automatic),Fiber optic,12,80.85
9714-EDSUC,0.490938,1,0,train,Month-to-month,Mailed check,Fiber optic,4,94.9
2027-OAQQC,0.279503,1,1,train,Month-to-month,Bank transfer (automatic),DSL,43,49.05
0282-NVSJS,0.414316,1,0,train,Month-to-month,Mailed check,DSL,12,29.3
9090-SGQXL,0.469864,1,1,train,Month-to-month,Electronic check,Fiber optic,68,105.3
6595-YGXIT,0.619916,1,1,train,Month-to-month,Electronic check,Fiber optic,25,88.95
7353-YOWFP,0.082704,0,0,train,One year,Mailed check,No,7,20.25
9835-ZIITK,0.213454,0,1,train,One year,Electronic check,Fiber optic,66,110.85
8008-ESFLK,0.095333,0,0,train,One year,Electronic check,Fiber optic,53,110.5
7537-CBQUZ,0.332834,1,0,train,Month-to-month,Bank transfer (automatic),Fiber optic,63,109.4
1555-DJEQW,0.042015,0,1,train,Two year,Bank transfer (automatic),Fiber optic,70,114.2
5649-TJHOV,0.239985,0,1,train,Month-to-month,Bank transfer (automatic),DSL,27,36.5
0519-XUZJU,0.562325,1,1,train,Month-to-month,Mailed check,Fiber optic,1,70.75
3363-EWLGO,0.158168,0,0,train,Month-to-month,Mailed check,No,5,19.95
4750-UKWJK,0.029438,0,0,train,One year,Mailed check,No,37,19.6
6338-AVWCY,0.615244,1,1,test,Month-to-month,Mailed check,DSL,3,40.15
1689-YQBYY,0.649069,1,0,train,Month-to-month,Electronic check,Fiber optic,12,76.6
4487-ZYJZK,0.016754,0,0,train,One year,Credit card (automatic),No,38,19.6
2959-FENLU,0.628348,1,0,train,Month-to-month,Credit card (automatic),Fiber optic,9,85.3
0708-LGSMF,0.36986,1,0,train,Month-to-month,Electronic check,DSL,13,65.85
9253-QXKBE,0.707356,1,1,train,Month-to-month,Electronic check,Fiber optic,29,94.45
7634-HLQJR,0.004392,0,0,train,Two year,Credit card (automatic),No,47,20.05
0487-RPVUM,0.178864,0,0,train,Month-to-month,Bank transfer (automatic),Fiber optic,61,99.4
4079-ULGFR,0.096389,0,0,train,Month-to-month,Mailed check,No,16,20.0
2516-XSJKX,0.017022,0,0,train,Two year,Electronic check,DSL,41,78.45
0057-QBUQH,0.019,0,0,test,Two year,Electronic check,No,43,25.1
9445-SZLCH,0.378111,1,1,train,Month-to-month,Bank transfer (automatic),Fiber optic,36,97.35
6599-SFQVE,0.532437,1,0,train,Month-to-month,Electronic check,DSL,6,55.0
8331-ZXFOE,0.039563,0,0,train,One year,Credit card (automatic),DSL,58,71.1
4003-FUSHP,0.183319,0,0,test,Month-to-month,Credit card (automatic),DSL,19,61.55
0356-ERHVT,0.315968,1,0,train,Month-to-month,Bank transfer (automatic),DSL,11,45.9
7325-ENZFI,0.04472,0,0,train,One year,Bank transfer (automatic),DSL,39,40.3
4884-ZTHVF,0.718134,1,0,train,Month-to-month,Electronic check,Fiber optic,8,87.1
3920-HIHMQ,0.20933,0,0,train,Month-to-month,Mailed check,DSL,26,49.5
3055-OYMSE,0.295215,1,0,train,Month-to-month,Credit card (automatic),Fiber optic,53,73.8
0613-WUXUM,0.006622,0,0,train,Two year,Mailed check,No,70,19.2
7568-PODML,0.696884,1,1,train,Month-to-month,Mailed check,DSL,1,45.3
4458-KVRBJ,0.013577,0,0,train,Two year,Mailed check,No,59,25.0
5349-IECLD,0.770035,1,1,train,Month-to-month,Electronic check,Fiber optic,2,94.95
1397-XKKWR,0.192502,0,0,train,One year,Mailed check,DSL,7,35.3
3945-GFWQL,0.331182,1,1,train,Month-to-month,Electronic check,DSL,12,44.55
8097-OMULG,0.041113,0,0,train,One year,Credit card (automatic),DSL,59,76.75
6013-BHCAW,0.036793,0,0,test,Two year,Bank transfer (automatic),DSL,61,81.0
0401-WDBXM,0.049079,0,0,train,Two year,Bank transfer (automatic),Fiber optic,72,105.55
3387-PLKUI,0.075454,0,0,train,Month-to-month,Mailed check,No,13,18.8
6096-EGVTU,0.017458,0,0,test,One year,Mailed check,No,64,24.9
3797-VTIDR,0.636397,1,1,train,Month-to-month,Electronic check,DSL,1,23.45
5081-NWSUP,0.13098,0,0,test,One year,Mailed check,DSL,10,64.9
2580-ATZSQ,0.017479,0,0,train,One year,Bank transfer (automatic),DSL,65,61.35
8085-MSNLK,0.050292,0,0,train,Two year,Mailed check,Fiber optic,62,113.95
9691-HKOVS,0.08011,0,0,train,One year,Electronic check,DSL,55,90.15
9881-VCZEP,0.23069,0,0,train,Month-to-month,Electronic check,DSL,25,54.1
9526-BIHHD,0.397092,1,1,train,Month-to-month,Mailed check,DSL,1,29.7
8757-TFHHJ,0.33258,1,0,test,Month-to-month,Credit card (automatic),DSL,1,49.8
4523-WXCEF,0.424286,1,1,train,Month-to-month,Electronic check,Fiber optic,59,101.1
1468-DEFNC,0.010754,0,0,train,Two year,Bank transfer (automatic),No,64,24.4
5119-KEPFY,0.525631,1,0,train,Month-to-month,Bank transfer (automatic),Fiber optic,36,95.0
8364-TRMMK,0.497047,1,1,train,Month-to-month,Mailed check,DSL,3,50.65
0916-KNFAJ,0.03167,0,0,train,Two year,Mailed check,DSL,61,69.9
8319-QBEHW,0.142323,0,0,train,One year,Bank transfer (automatic),DSL,26,39.95
3063-QFSZL,0.580645,1,1,test,Month-to-month,Electronic check,DSL,1,55.4
8775-LHDJH,0.839237,1,1,train,Month-to-month,Electronic check,Fiber optic,1,90.6
9625-QNLUX,0.034418,0,0,train,Two year,Credit card (automatic),Fiber optic,68,103.25
3097-NQYSN,0.815905,1,1,train,Month-to-month,Mailed check,Fiber optic,2,86.85
4024-CSNBY,0.029938,0,0,train,Two year,Bank transfer (automatic),Fiber optic,72,94.25
7110-BDTWG,0.035629,0,0,train,Two year,Electronic check,DSL,71,47.05
7493-GVFIO,0.006497,0,0,train,Two year,Credit card (automatic),No,57,20.55
0690-SRQID,0.23725,0,0,train,Month-to-month,Mailed check,No,4,19.65
9605-WGJVW,0.76363,1,0,train,Month-to-month,Electronic check,Fiber optic,1,70.2
9114-DPSIA,0.007223,0,0,test,Two year,Credit card (automatic),DSL,72,81.0
4700-UBQMV,0.133871,0,0,test,One year,Bank transfer (automatic),DSL,21,75.9
7711-GQBZC,0.005217,0,0,train,Two year,Bank transfer (automatic),No,71,24.7
3565-UNOCC,0.606497,1,1,train,Month-to-month,Bank transfer (automatic),Fiber optic,29,99.05
4627-MIHJH,0.042485,0,0,test,Two year,Credit card (automatic),Fiber optic,69,110.25
9795-NREXC,0.023368,0,0,train,Two year,Credit card (automatic),DSL,64,85.0
8573-CGOCC,0.072497,0,0,train,Month-to-month,Credit card (automatic),No,16,19.75
7356-AYNJP,0.163924,0,0,test,One year,Electronic check,No,4,23.9
9249-FXSCK,0.168331,0,1,train,One year,Credit card (automatic),Fiber optic,52,111.25
5493-SDRDQ,0.332825,1,1,train,Month-to-month,Mailed check,DSL,2,55.1
6286-SUUWT,0.192479,0,0,test,Month-to-month,Mailed check,No,1,19.95
4819-HJPIW,0.229434,0,0,test,Month-to-month,Mailed check,DSL,18,25.15
8654-DHAOW,0.405367,1,0,train,Month-to-month,Mailed check,DSL,2,54.15
5438-QMDDL,0.236323,0,0,test,Month-to-month,Mailed check,DSL,19,59.8
9812-GHVRI,0.309645,1,0,test,Month-to-month,Bank transfer (automatic),Fiber optic,40,83.85
5553-AOINX,0.255213,1,0,train,One year,Electronic check,Fiber optic,66,104.9
1228-ZLNBX,0.397794,1,0,train,Month-to-month,Mailed check,Fiber optic,21,75.3
4226-KKDON,0.393761,1,0,test,Month-to-month,Electronic check,DSL,8,66.65
3831-YCPUO,0.024755,0,0,test,Two year,Credit card (automatic),Fiber optic,72,109.5
7445-WMRBW,0.066946,0,0,train,One year,Bank transfer (automatic),DSL,48,73.85
3308-DGHKL,0.009475,0,0,train,Two year,Bank transfer (automatic),No,69,19.3
9924-JPRMC,0.053849,0,0,train,Two year,Electronic check,Fiber optic,72,118.2
0080-EMYVY,0.069213,0,0,train,One year,Credit card (automatic),DSL,14,51.45
6218-KNUBD,0.427779,1,0,train,Month-to-month,Electronic check,DSL,6,59.45
7337-CINUD,0.029774,0,0,test,Two year,Bank transfer (automatic),No,8,19.5
7609-NRNCA,0.044825,0,0,train,One year,Mailed check,No,17,19.55
0623-EJQEG,0.102266,0,0,train,One year,Electronic check,Fiber optic,65,93.55
7153-CHRBV,0.027937,0,0,train,One year,Mailed check,DSL,57,59.3
0871-URUWO,0.667213,1,1,test,Month-to-month,Credit card (automatic),Fiber optic,13,102.25
9190-MFJLN,0.570643,1,1,train,Month-to-month,Credit card (automatic),Fiber optic,19,95.9
6198-PNNSZ,0.149686,0,0,test,One year,Bank transfer (automatic),Fiber optic,56,109.8
3317-VLGQT,0.648641,1,0,train,Month-to-month,Electronic check,Fiber optic,14,78.1
4132-POCZS,0.22461,0,0,train,Month-to-month,Electronic check,DSL,52,39.9
5614-DNZCE,0.010613,0,0,train,Two year,Credit card (automatic),DSL,58,64.9
1095-JUDTC,0.330115,1,1,train,Month-to-month,Electronic check,Fiber optic,47,95.05
3896-RCYYE,0.154298,0,0,test,Month-to-month,Credit card (automatic),DSL,67,53.4
9638-JIQYA,0.529714,1,0,test,Month-to-month,Credit card (automatic),DSL,2,24.9
3258-SANFR,0.350495,1,0,train,Month-to-month,Credit card (automatic),DSL,6,44.7
3726-TBHQT,0.03645,0,0,train,Two year,Bank transfer (automatic),Fiber optic,71,114.0
3190-ITQXP,0.00549,0,0,train,Two year,Bank transfer (automatic),No,46,20.25
0870-VEMYL,0.173499,0,1,test,Month-to-month,Credit card (automatic),DSL,5,53.85
4833-QTJNO,0.140683,0,0,train,Month-to-month,Bank transfer (automatic),Fiber optic,67,83.85
3039-MJSLN,0.127672,0,0,train,Month-to-month,Bank transfer (automatic),No,3,20.2
0178-CIIKR,0.177934,0,0,test,Month-to-month,Mailed check,No,3,19.95
5385-SUIRI,0.602577,1,1,train,Month-to-month,Electronic check,Fiber optic,52,104.2
3982-XWFZQ,0.206177,0,1,test,Month-to-month,Electronic check,DSL,42,50.25
5774-QPLTF,0.032008,0,0,test,One year,Mailed check,No,50,20.35
2322-VCZHZ,0.39785,1,0,train,Month-to-month,Electronic check,Fiber optic,23,90.0
5010-IPEAQ,0.009131,0,0,train,Two year,Credit card (automatic),DSL,67,54.2
4009-ALQFH,0.57119,1,1,train,Month-to-month,Electronic check,Fiber optic,25,99.5
6383-ZTSIW,0.139806,0,0,test,One year,Mailed check,Fiber optic,39,99.1
8990-YOZLV,0.011308,0,0,train,Two year,Mailed check,DSL,69,66.9
3069-SSVSN,0.290371,1,0,test,One year,Mailed check,DSL,1,25.85
5222-IMUKT,0.480819,1,0,train,Month-to-month,Electronic check,Fiber optic,32,91.05
3627-FCRDW,0.551262,1,1,train,Month-to-month,Electronic check,Fiber optic,9,71.0
7562-GSUHK,0.420931,1,1,train,Month-to-month,Credit card (automatic),Fiber optic,16,93.2
6685-XSHHU,0.010269,0,0,train,Two year,Bank transfer (automatic),No,60,20.95
8901-UPRHR,0.044159,0,0,train,Two year,Bank transfer (automatic),Fiber optic,72,109.2
4903-UYAVB,0.157216,0,1,train,Month-to-month,Mailed check,No,5,19.35
0118-JPNOY,0.405933,1,0,train,Month-to-month,Credit card (automatic),Fiber optic,26,85.8
6776-TLWOI,0.177879,0,1,test,Month-to-month,Mailed check,No,3,19.85
3845-FXCYS,0.308756,1,0,train,Month-to-month,Electronic check,No,2,19.65
5857-XRECV,0.074862,0,0,test,One year,Bank transfer (automatic),No,2,20.5
0725-CXOTM,0.080893,0,0,test,One year,Credit card (automatic),DSL,36,89.65
4343-EJVQB,0.428675,1,0,train,Month-to-month,Mailed check,Fiber optic,7,74.35
9000-PLFUZ,0.070409,0,0,train,Two year,Credit card (automatic),DSL,60,49.45
3427-GGZZI,0.544488,1,0,train,Month-to-month,Electronic check,Fiber optic,19,89.1
7779-ORAEL,0.017683,0,0,train,Two year,Credit card (automatic),DSL,45,75.15
0644-OQMDK,0.730346,1,0,train,Month-to-month,Electronic check,Fiber optic,4,70.65
4077-CROMM,0.537674,1,1,train,Month-to-month,Electronic check,Fiber optic,31,104.2
3154-CFSZG,0.147951,0,0,train,Month-to-month,Electronic check,Fiber optic,47,90.05
2868-MZAGQ,0.765491,1,1,train,Month-to-month,Electronic check,Fiber optic,1,79.25
4847-QNOKA,0.433009,1,1,train,Month-to-month,Bank transfer (automatic),DSL,1,44.9
2220-IAHLS,0.172546,0,0,train,Month-to-month,Credit card (automatic),No,1,19.4
1658-XUHBX,0.353722,1,0,train,Month-to-month,Credit card (automatic),Fiber optic,59,88.75
6379-RXJRQ,0.639013,1,1,train,Month-to-month,Electronic check,Fiber optic,10,70.1
2378-HTWFW,0.33895,1,0,train,Month-to-month,Credit card (automatic),Fiber optic,35,91.0
8650-RHRKE,0.610344,1,1,test,Month-to-month,Electronic check,DSL,4,29.65
4377-VDHYI,0.178549,0,0,test,One year,Electronic check,Fiber optic,32,90.8
0475-RIJEP,0.347221,1,1,train,Month-to-month,Electronic check,Fiber optic,43,77.85
1260-TTRXI,0.411689,1,1,train,Month-to-month,Electronic check,DSL,4,54.3
3719-TDVQB,0.015845,0,0,train,Two year,Mailed check,No,54,18.95
6328-ZPBGN,0.779834,1,1,test,Month-to-month,Bank transfer (automatic),Fiber optic,11,95.15
0201-MIBOL,0.073589,0,0,train,Two year,Bank transfer (automatic),Fiber optic,66,102.4
4937-QPZPO,0.298844,1,0,test,One year,Electronic check,Fiber optic,61,99.9
2925-VDZHY,0.010187,0,0,test,Two year,Credit card (automatic),DSL,72,88.7
6981-TDRFT,0.12617,0,0,train,One year,Electronic check,DSL,44,54.3
3413-CSSTH,0.156688,0,0,test,Month-to-month,Bank transfer (automatic),DSL,41,55.7
8033-VCZGH,0.365698,1,0,test,One year,Electronic check,Fiber optic,50,103.95
4789-KWMXN,0.149766,0,1,train,One year,Credit card (automatic),Fiber optic,47,110.85
0224-NIJLP,0.030372,0,0,train,Two year,Mailed check,No,8,20.15
7542-CYDDM,0.072737,0,0,train,Month-to-month,Mailed check,No,18,20.05
4718-WXBGI,0.016133,0,0,train,Two year,Credit card (automatic),DSL,72,91.95
2867-UIMSS,0.708654,1,1,test,Month-to-month,Electronic check,Fiber optic,1,80.5
8495-PRWFH,0.168767,0,0,test,Month-to-month,Electronic check,DSL,42,55.65
0439-IFYUN,0.471657,1,0,train,Month-to-month,Electronic check,Fiber optic,18,74.7
5716-LIBJC,0.43407,1,0,train,One year,Credit card (automatic),Fiber optic,13,104.15
2868-LLSKM,0.060994,0,0,train,One year,Bank transfer (automatic),Fiber optic,68,83.65
8111-RKSPX,0.689429,1,1,train,Month-to-month,Bank transfer (automatic),Fiber optic,4,72.2
2988-QRAJY,0.061536,0,0,train,Two year,Credit card (automatic),Fiber optic,69,110.05
1585-MQSSU,0.123809,0,1,train,Month-to-month,Mailed check,DSL,17,51.5
0071-NDAFP,0.019848,0,0,train,Two year,Credit card (automatic),No,25,25.5
2856-NNASM,0.427158,1,1,train,Month-to-month,Mailed check,Fiber optic,43,89.55
7328-ZJAJO,0.006749,0,0,train,Two year,Credit card (automatic),No,59,19.5
6458-CYIDZ,0.503653,1,0,train,Month-to-month,Electronic check,Fiber optic,5,80.7
8559-CIZFV,0.051692,0,1,train,One year,Mailed check,DSL,21,77.5
1090-PYKCI,0.073906,0,0,train,One year,Credit card (automatic),Fiber optic,69,105.1
3058-WQDRE,0.325647,1,0,train,Month-to-month,Bank transfer (automatic),DSL,13,25.15
7547-EKNFS,0.355718,1,1,train,Month-to-month,Bank transfer (automatic),Fiber optic,42,95.25
2279-AXJJK,0.326192,1,0,test,Month-to-month,Credit card (automatic),Fiber optic,52,95.65
6769-DYBQN,0.219587,0,1,test,Month-to-month,Electronic check,Fiber optic,46,85.0
0909-SELIE,0.020547,0,0,test,Two year,Bank transfer (automatic),DSL,61,80.8
3417-TSCIC,0.139942,0,0,train,One year,Mailed check,DSL,29,24.85
1042-HFUCW,0.052266,0,0,train,One year,Credit card (automatic),DSL,25,54.75
4439-JMPMT,0.631785,1,1,train,Month-to-month,Electronic check,Fiber optic,5,85.75
6537-OTKMY,0.297261,1,0,train,One year,Electronic check,DSL,15,50.75
8999-EXMNO,0.015267,0,0,train,Two year,Mailed check,No,19,20.15
6725-TPKJO,0.008395,0,0,train,Two year,Mailed check,No,44,20.05
2446-BEGGB,0.854742,1,1,train,Month-to-month,Electronic check,Fiber optic,6,98.25
7162-WPHPM,0.01067,0,0,train,Two year,Credit card (automatic),DSL,58,71.6
1599-MMYRQ,0.065496,0,0,train,One year,Credit card (automatic),Fiber optic,62,81.45
8821-KVZKQ,0.060356,0,0,train,One year,Bank transfer (automatic),DSL,70,58.4
1496-GGSUK,0.611253,1,1,train,Month-to-month,Mailed check,DSL,1,25.7
6434-TTGJP,0.059459,0,0,test,Two year,Credit card (automatic),DSL,10,53.7
0042-JVWOJ,0.052941,0,0,train,One year,Bank transfer (automatic),No,26,19.6
0130-SXOUN,0.203341,0,0,train,Month-to-month,Credit card (automatic),Fiber optic,66,89.4
2575-GFSOE,0.622903,1,1,train,Month-to-month,Electronic check,Fiber optic,7,69.0
2330-PQGDQ,0.093859,0,0,train,One year,Bank transfer (automatic),Fiber optic,51,84.2
1452-UZOSF,0.032064,0,0,train,Two year,Credit card (automatic),Fiber optic,72,106.1
2097-YVPKN,0.009728,0,0,train,Two year,Mailed check,No,65,25.75
2842-JTCCU,0.35365,1,1,train,Month-to-month,Bank transfer (automatic),DSL,2,46.05
8597-CTXVJ,0.014879,0,0,train,One year,Bank transfer (automatic),DSL,70,64.95
6631-HMANX,0.023715,0,0,train,Two year,Credit card (automatic),DSL,72,85.45
9962-BFPDU,0.16295,0,0,test,Month-to-month,Mailed check,No,1,20.05
3296-SILRA,0.688382,1,1,train,Month-to-month,Mailed check,Fiber optic,1,76.4
9681-OXGVC,0.851827,1,1,train,Month-to-month,Electronic check,Fiber optic,5,100.5
6394-HHHZM,0.195164,0,0,train,Month-to-month,Mailed check,No,3,20.7
5995-LFTLE,0.020034,0,0,train,Two year,Credit card (automatic),No,58,25.3
5180-UCIIQ,0.192008,0,1,train,Month-to-month,Mailed check,DSL,22,40.05
1932-UEDCX,0.51111,1,0,train,Month-to-month,Bank transfer (automatic),Fiber optic,33,100.6
7153-OANIO,0.649435,1,1,train,Month-to-month,Electronic check,Fiber optic,1,69.95
5188-HGMLP,0.329463,1,0,train,Month-to-month,Bank transfer (automatic),Fiber optic,54,74.0
0665-XHDJU,0.11848,0,0,test,Two year,Electronic check,Fiber optic,72,99.4
6521-YYTYI,0.836643,1,1,train,Month-to-month,Electronic check,Fiber optic,1,93.3
8878-HMWBV,0.488534,1,1,train,Month-to-month,Electronic check,DSL,3,49.15
8265-HKSOW,0.015885,0,0,train,Two year,Credit card (automatic),Fiber optic,72,107.45
3544-FBCAS,0.020161,0,0,train,Two year,Credit card (automatic),DSL,72,83.6
5331-RGMTT,0.537893,1,0,test,Month-to-month,Credit card (automatic),Fiber optic,54,99.05
4759-PXTAN,0.119417,0,0,test,One year,Electronic check,DSL,59,80.1
7054-DMVAS,0.024397,0,0,train,Two year,Bank transfer (automatic),DSL,54,65.3
3428-MMGUB,0.165724,0,0,train,Two year,Electronic check,Fiber optic,60,89.55
6549-BTYPG,0.029539,0,0,train,Two year,Credit card (automatic),DSL,60,60.8
7823-JSOAG,0.736115,1,0,train,Month-to-month,Electronic check,Fiber optic,3,74.5
3705-RHRFR,0.044345,0,0,train,Two year,Bank transfer (automatic),Fiber optic,69,99.15
9374-YOLBJ,0.209944,0,0,test,Month-to-month,Electronic check,No,1,19.25
9074-KGVOX,0.206345,0,0,train,Month-to-month,Credit card (automatic),DSL,50,39.45
6128-DAFVY,0.264574,1,0,train,Month-to-month,Credit card (automatic),DSL,56,44.85
9933-QRGTX,0.086002,0,0,train,Two year,Electronic check,Fiber optic,60,97.2
4476-OSWTN,0.127633,0,0,train,One year,Mailed check,Fiber optic,69,110.55
3751-KTZEL,0.515775,1,1,train,Month-to-month,Mailed check,DSL,1,35.05
1977-STDKI,0.736329,1,1,train,Month-to-month,Electronic check,Fiber optic,1,73.0
5066-GFJMM,0.265471,1,0,train,Month-to-month,Mailed check,No,3,19.9
2661-GKBTK,0.016057,0,0,train,Two year,Bank transfer (automatic),DSL,60,76.95
0458-HEUZG,0.04929,0,0,train,Two year,Mailed check,DSL,13,35.4
7268-WNTCP,0.00476,0,0,train,Two year,Bank transfer (automatic),No,62,20.45
0824-VWDPO,0.077064,0,0,train,One year,Bank transfer (automatic),Fiber optic,45,96.75
8409-WQJUX,0.203652,0,0,test,One year,Electronic check,DSL,25,54.2
2578-JQPHZ,0.063733,0,0,train,Two year,Bank transfer (automatic),Fiber optic,44,100.1
3278-FSIXX,0.460248,1,0,train,Month-to-month,Mailed check,DSL,2,45.25
5813-UECBU,0.400166,1,1,train,Month-to-month,Credit card (automatic),Fiber optic,33,83.85
0328-GRPMV,0.736879,1,1,train,Month-to-month,Electronic check,Fiber optic,1,70.1
9746-UGFAC,0.029067,0,0,test,One year,Bank transfer (automatic),No,22,20.85
2946-KIQSP,0.177473,0,0,train,Month-to-month,Mailed check,DSL,35,33.45
0625-AFOHS,0.012594,0,0,test,Two year,Mailed check,No,29,20.2
6726-WEXXK,0.324801,1,0,train,One year,Electronic check,Fiber optic,27,85.9
4636-OLWOE,0.056546,0,0,train,One year,Electronic check,DSL,54,61.0
4342-HENTK,0.74408,1,1,test,Month-to-month,Electronic check,Fiber optic,2,70.65
4685-ERGHK,0.29358,1,0,train,One year,Electronic check,Fiber optic,57,86.9
0885-HMGPY,0.008749,0,0,train,Two year,Bank transfer (automatic),DSL,62,69.4
5003-OKNNK,0.031927,0,0,train,One year,Credit card (automatic),No,15,20.35
4195-SMMNX,0.192726,0,1,train,Month-to-month,Mailed check,No,2,20.35
7208-PSIHR,0.074182,0,0,train,Two year,Bank transfer (automatic),Fiber optic,70,104.3
4012-ZTHBR,0.195757,0,0,train,Month-to-month,Electronic check,DSL,21,44.95
0489-WMEMG,0.084537,0,0,train,One year,Electronic check,DSL,23,49.45
7435-ZNUYY,0.086681,0,0,train,One year,Mailed check,No,6,20.6
1354-YZFNB,0.040303,0,0,train,Two year,Credit card (automatic),No,4,19.55
6956-SMUCM,0.653108,1,1,train,Month-to-month,Credit card (automatic),Fiber optic,3,99.0
2985-FMWYF,0.665114,1,0,test,Month-to-month,Electronic check,Fiber optic,23,93.5
2812-ENYMO,0.107493,0,0,train,One year,Credit card (automatic),DSL,26,54.55
2717-HVIZY,0.118819,0,0,train,Month-to-month,Mailed check,No,8,20.05
3223-WZWJM,0.597097,1,1,train,Month-to-month,Electronic check,Fiber optic,26,83.95
3422-GALYP,0.756235,1,0,train,Month-to-month,Electronic check,Fiber optic,2,79.45
9053-JZFKV,0.032029,0,1,train,Two year,Credit card (automatic),Fiber optic,67,116.2
2530-ENDWQ,0.086387,0,1,train,Two year,Bank transfer (automatic),Fiber optic,71,93.7
2890-WFBHU,0.030523,0,0,train,One year,Credit card (automatic),DSL,59,79.85
0327-WFZSY,0.270848,1,0,test,One year,Electronic check,Fiber optic,39,100.0
7977-HXJKU,0.013407,0,0,train,Two year,Mailed check,No,21,19.6
6615-ZGEDR,0.19148,0,1,train,Month-to-month,Mailed check,No,1,19.7
7033-CLAMM,0.004152,0,0,train,Two year,Bank transfer (automatic),No,48,20.2
4023-RTIQM,0.125612,0,0,train,One year,Credit card (automatic),DSL,31,50.4
0864-FVJNJ,0.110686,0,0,train,One year,Electronic check,Fiber optic,64,113.35
7356-IWLFW,0.232746,0,0,train,Month-to-month,Bank transfer (automatic),Fiber optic,46,80.0
9541-PWTWO,0.053074,0,0,train,Two year,Bank transfer (automatic),DSL,52,80.95
3967-VQOGC,0.010591,0,0,test,Two year,Mailed check,No,67,24.9
7872-RDDLZ,0.1067,0,0,train,Month-to-month,Electronic check,DSL,67,54.9
9250-WYPLL,0.687162,1,1,train,Month-to-month,Electronic check,Fiber optic,5,75.55
6308-CQRBU,0.069962,0,0,train,Two year,Electronic check,Fiber optic,71,109.25
2754-XBHTB,0.647926,1,1,test,Month-to-month,Bank transfer (automatic),Fiber optic,9,77.65
1597-LHYNC,0.537855,1,1,train,Month-to-month,Electronic check,Fiber optic,26,95.0
0186-CAERR,0.084841,0,0,train,One year,Bank transfer (automatic),Fiber optic,71,116.3
3043-SUDUA,0.052549,0,0,train,Month-to-month,Bank transfer (automatic),No,32,19.9
5442-BHQNG,0.63174,1,0,test,Month-to-month,Electronic check,Fiber optic,2,70.35
2169-RRLFW,0.006842,0,0,test,Two year,Credit card (automatic),No,71,25.6
5872-OEQNH,0.112644,0,0,train,One year,Electronic check,DSL,60,44.45
3162-KKZXO,0.415124,1,0,train,One year,Electronic check,Fiber optic,55,100.15
7055-VKGDA,0.13226,0,1,train,One year,Credit card (automatic),Fiber optic,54,105.4
0754-UKWQP,0.830637,1,1,train,Month-to-month,Electronic check,Fiber optic,2,95.85
8873-GLDMH,0.699522,1,0,test,Month-to-month,Mailed check,Fiber optic,6,73.85
5696-JVVQY,0.014093,0,0,test,Two year,Credit card (automatic),DSL,48,70.1
8946-BFWSG,0.006803,0,0,train,Two year,Mailed check,No,63,25.25
7493-TPUWZ,0.759453,1,1,train,Month-to-month,Electronic check,Fiber optic,1,79.15
0547-HURJB,0.090641,0,0,train,Month-to-month,Credit card (automatic),No,12,21.05
8904-OPDCK,0.246522,1,0,train,Month-to-month,Bank transfer (automatic),DSL,54,24.95
8845-LWKGE,0.102128,0,0,train,One year,Electronic check,DSL,30,64.5
1577-HKTFG,0.05309,0,1,train,Month-to-month,Bank transfer (automatic),No,30,19.65
8752-STIVR,0.760334,1,1,test,Month-to-month,Electronic check,Fiber optic,4,79.0
0691-NIKRI,0.214912,0,0,train,One year,Credit card (automatic),Fiber optic,40,105.95
5022-JNQEQ,0.528791,1,0,test,Month-to-month,Electronic check,Fiber optic,9,75.85
4558-FANTW,0.258963,1,1,train,Month-to-month,Electronic check,Fiber optic,17,91.85
3249-VHRIP,0.03826,0,0,train,Two year,Credit card (automatic),DSL,62,43.6
3736-BLEPA,0.16469,0,0,train,One year,Bank transfer (automatic),Fiber optic,28,91.25
4701-LKOZD,0.011131,0,0,train,Two year,Credit card (automatic),DSL,70,89.75
6603-QWSPR,0.051935,0,0,train,Two year,Bank transfer (automatic),Fiber optic,46,104.4
9921-QFQUL,0.430071,1,0,train,Month-to-month,Mailed check,Fiber optic,23,90.15
1929-ZCBHE,0.03209,0,0,test,One year,Electronic check,DSL,47,40.3
4378-MYPGO,0.040209,0,0,test,Two year,Bank transfer (automatic),Fiber optic,68,105.25
8651-ENBZX,0.305931,1,1,train,One year,Electronic check,Fiber optic,60,106.0
4129-LYCOI,0.089366,0,0,train,Two year,Electronic check,Fiber optic,67,104.0
7798-JVXYM,0.374266,1,0,train,Month-to-month,Electronic check,DSL,14,69.65
8647-SDTWQ,0.329304,1,0,train,Month-to-month,Electronic check,Fiber optic,57,74.3
2696-ECXKC,0.146373,0,0,train,One year,Mailed check,Fiber optic,55,100.9
2081-KJSQF,0.273569,1,0,train,Month-to-month,Mailed check,No,1,20.25
7623-TRNQN,0.317943,1,1,test,Month-to-month,Mailed check,DSL,1,49.9
3323-CPBWR,0.43273,1,0,train,Month-to-month,Credit card (automatic),Fiber optic,23,96.9
9330-IJWIO,0.69198,1,1,train,Month-to-month,Electronic check,Fiber optic,13,100.35
3384-CTMSF,0.457892,1,0,train,Month-to-month,Electronic check,Fiber optic,47,104.1
0902-RFHOF,0.02373,0,0,train,One year,Mailed check,No,38,20.1
9286-DOJGF,0.383935,1,1,test,Month-to-month,Bank transfer (automatic),Fiber optic,38,74.95
6048-QBXKL,0.488539,1,0,test,Month-to-month,Credit card (automatic),DSL,2,56.55
9661-MHUMO,0.342504,1,1,test,Month-to-month,Credit card (automatic),DSL,1,49.25
7718-RXDGG,0.447501,1,0,train,Month-to-month,Bank transfer (automatic),Fiber optic,15,68.6
1025-FALIX,0.366667,1,0,train,Month-to-month,Credit card (automatic),Fiber optic,26,69.05
3451-VAWLI,0.007187,0,0,train,Two year,Credit card (automatic),No,35,19.7
3407-QGWLG,0.192053,0,0,train,Month-to-month,Mailed check,No,3,20.05
1842-EZJMK,0.385245,1,1,train,Month-to-month,Electronic check,Fiber optic,50,103.7
2347-WKKAE,0.390601,1,0,train,Month-to-month,Electronic check,Fiber optic,42,94.4
8735-DCXNF,0.24186,1,0,train,Month-to-month,Credit card (automatic),DSL,10,54.95
3214-IYUUQ,0.050227,0,0,train,One year,Bank transfer (automatic),Fiber optic,61,93.7
1936-UAFEH,0.032451,0,0,test,Two year,Credit card (automatic),Fiber optic,68,110.25
3587-PMCOY,0.539995,1,0,test,One year,Electronic check,Fiber optic,10,98.9
8079-XRJRS,0.104826,0,1,train,One year,Electronic check,Fiber optic,65,89.75
1027-LKKQQ,0.014349,0,0,train,Two year,Bank transfer (automatic),DSL,72,80.45
7148-XZPHA,0.156897,0,0,train,Month-to-month,Electronic check,Fiber optic,55,79.4
8073-IJDCM,0.272465,1,1,train,Month-to-month,Mailed check,No,1,20.3
5309-TAIKL,0.289624,1,0,train,Month-to-month,Bank transfer (automatic),DSL,7,62.8
6856-RAURS,0.728335,1,0,test,Month-to-month,Mailed check,Fiber optic,2,74.9
8778-LMWTJ,0.566543,1,0,test,Month-to-month,Electronic check,Fiber optic,9,74.85
9717-IOAAF,0.017642,0,0,train,Two year,Credit card (automatic),No,27,25.85
8884-ADFVN,0.86386,1,1,test,Month-to-month,Electronic check,Fiber optic,7,101.95
2845-KDHVX,0.021937,0,0,train,Two year,Mailed check,DSL,64,68.3
0848-SOMKO,0.011402,0,0,train,Two year,Bank transfer (automatic),DSL,70,48.4
2720-WGKHP,0.878092,1,1,train,Month-to-month,Electronic check,Fiber optic,2,94.0
6734-FQAJX,0.05967,0,0,test,Two year,Electronic check,Fiber optic,67,105.05
2869-ADAWR,0.292581,1,1,train,Month-to-month,Credit card (automatic),Fiber optic,45,89.3
1535-VTJOQ,0.017112,0,0,train,Two year,Credit card (automatic),No,24,25.15
6368-TZZDT,0.041694,0,0,train,Two year,Credit card (automatic),No,4,19.5
0943-ZQPXH,0.305932,1,0,train,Month-to-month,Bank transfer (automatic),Fiber optic,44,92.95
1293-BSEUN,0.005384,0,0,train,Two year,Mailed check,No,72,20.7
9894-EZEWG,0.584394,1,1,train,Month-to-month,Credit card (automatic),Fiber optic,1,74.3
1302-TPUBN,0.006776,0,0,train,Two year,Bank transfer (automatic),No,66,19.35
7851-FLGGQ,0.520478,1,1,test,Month-to-month,Mailed check,DSL,1,44.65
0637-UBJRP,0.398392,1,1,train,Month-to-month,Electronic check,Fiber optic,13,84.05
0940-OUQEC,0.592392,1,1,train,Month-to-month,Bank transfer (automatic),Fiber optic,10,80.7
2378-VTKDH,0.453374,1,0,train,Month-to-month,Electronic check,Fiber optic,65,104.35
0927-CNGRH,0.163414,0,0,train,Month-to-month,Mailed check,No,1,19.55
8608-OZTLB,0.03786,0,0,train,One year,Electronic check,DSL,38,74.05
2335-GSODA,0.022299,0,0,test,Two year,Mailed check,DSL,23,40.1
1952-DVVSW,0.075872,0,0,test,One year,Mailed check,No,10,20.1
0702-PGIBZ,0.827012,1,1,train,Month-to-month,Electronic check,Fiber optic,4,101.7
6656-GULJQ,0.019318,0,0,train,Two year,Credit card (automatic),DSL,72,83.55
9853-JFZDU,0.095486,0,0,train,Month-to-month,Electronic check,DSL,35,56.85
1963-VAUKV,0.187817,0,1,test,Month-to-month,Mailed check,No,1,20.4
3777-XROBG,0.007837,0,0,train,Two year,Credit card (automatic),No,58,19.55
6994-FGRHH,0.099915,0,0,train,One year,Electronic check,Fiber optic,70,106.15
4000-VGMQP,0.079893,0,0,train,One year,Credit card (automatic),DSL,38,78.95
3999-WRNGR,0.271761,1,0,train,Month-to-month,Electronic check,DSL,60,49.75
3466-RITXD,0.416332,1,0,test,Month-to-month,Credit card (automatic),Fiber optic,26,92.4
2680-XKKNJ,0.075317,0,0,train,One year,Bank transfer (automatic),DSL,8,58.2
3058-HJCUY,0.240573,1,1,train,One year,Electronic check,Fiber optic,41,102.6
2974-GGUXS,0.481346,1,0,train,Month-to-month,Credit card (automatic),Fiber optic,36,91.95
7994-XIRTR,0.051649,0,0,train,One year,Bank transfer (automatic),DSL,54,65.25
3259-FDWOY,0.061178,0,1,train,Two year,Bank transfer (automatic),Fiber optic,71,106.0
2101-RANCD,0.427607,1,0,test,Month-to-month,Electronic check,Fiber optic,55,73.1
7921-BEPCI,0.0109,0,0,train,Two year,Bank transfer (automatic),DSL,72,59.75
0807-ZABDG,0.209499,0,1,train,Month-to-month,Mailed check,DSL,3,55.1
8510-TMWYB,0.034756,0,0,train,Two year,Bank transfer (automatic),DSL,54,59.8
3258-ZKPAI,0.032308,0,0,train,Two year,Bank transfer (automatic),Fiber optic,72,116.6
1428-IEDPR,0.135813,0,0,train,Two year,Electronic check,Fiber optic,52,109.3
5298-GSTLM,0.205017,0,0,train,One year,Bank transfer (automatic),Fiber optic,60,101.4
4450-YOOHP,0.29879,1,0,train,Month-to-month,Credit card (automatic),DSL,39,50.65
6728-CZFEI,0.115786,0,0,train,One year,Mailed check,DSL,15,56.15
5748-RNCJT,0.064181,0,1,train,Two year,Bank transfer (automatic),Fiber optic,69,106.5
3653-NCRDJ,0.021837,0,0,train,One year,Mailed check,No,43,19.2
6121-TNHBO,0.031443,0,0,train,One year,Bank transfer (automatic),DSL,63,83.0
5119-NZPTV,0.668361,1,0,train,Month-to-month,Electronic check,Fiber optic,2,70.1
6519-ZHPXP,0.025544,0,0,test,Two year,Bank transfer (automatic),Fiber optic,72,108.3
7739-LAXOG,0.397656,1,1,train,Month-to-month,Bank transfer (automatic),Fiber optic,32,91.05
3472-QPRCH,0.010243,0,0,train,Two year,Credit card (automatic),No,40,25.25
8224-UAXBZ,0.110041,0,0,train,One year,Electronic check,DSL,58,45.35
9610-WCESF,0.020475,0,0,test,Two year,Electronic check,DSL,67,43.9
9776-CLUJA,0.454871,1,1,train,Month-to-month,Electronic check,Fiber optic,51,77.5
2486-WYVVE,0.161276,0,0,train,One year,Mailed check,DSL,31,79.3
3865-ZYKAD,0.166741,0,0,test,Month-to-month,Credit card (automatic),Fiber optic,69,84.9
1422-DGUBX,0.248984,1,0,train,One year,Electronic check,Fiber optic,32,79.25
2999-AANRQ,0.016265,0,0,train,Two year,Credit card (automatic),DSL,21,71.05
8668-KNZTI,0.042098,0,0,train,One year,Electronic check,DSL,52,53.75
0480-KYJVA,0.005478,0,0,test,Two year,Credit card (automatic),No,72,24.25
6034-ZRYCV,0.056706,0,1,train,Two year,Electronic check,DSL,72,54.2
9746-YKGXB,0.063343,0,0,train,One year,Bank transfer (automatic),DSL,52,44.25
3926-YZVVX,0.029453,0,0,test,One year,Bank transfer (automatic),DSL,41,50.05
6000-UKLWI,0.007128,0,0,train,Two year,Mailed check,No,41,20.15
2079-FBMZK,0.624742,1,1,train,Month-to-month,Mailed check,Fiber optic,6,69.25
6332-FBZRI,0.021266,0,0,test,One year,Credit card (automatic),DSL,67,69.35
2096-XOTMO,0.069023,0,0,train,Month-to-month,Mailed check,No,16,19.35
3266-FTKHB,0.015802,0,0,train,Two year,Mailed check,No,17,19.15
8221-EQDGL,0.071277,0,0,train,Month-to-month,Mailed check,DSL,35,61.0
2346-LOCWC,0.006629,0,0,test,Two year,Credit card (automatic),No,58,20.5
6608-QQLVK,0.518838,1,1,test,Month-to-month,Electronic check,DSL,1,50.5
0298-XACET,0.029597,0,0,test,Two year,Mailed check,DSL,52,50.2
7560-QJAVJ,0.010309,0,0,test,Two year,Bank transfer (automatic),DSL,70,79.6
2995-YWTCD,0.023188,0,0,train,Two year,Bank transfer (automatic),No,19,24.9
3551-HUAZH,0.817962,1,1,train,Month-to-month,Electronic check,Fiber optic,1,74.4
9137-UIYPG,0.331215,1,0,train,Month-to-month,Electronic check,Fiber optic,35,106.9
2809-ZMYOQ,0.634518,1,0,train,Month-to-month,Electronic check,Fiber optic,32,101.35
5084-OOVCJ,0.097401,0,0,train,Month-to-month,Credit card (automatic),DSL,17,55.35
0254-WWRKD,0.019419,0,0,train,One year,Credit card (automatic),DSL,67,50.55
7727-SHVZV,0.13154,0,0,train,Month-to-month,Bank transfer (automatic),No,9,19.5
6302-JGYRJ,0.133408,0,1,train,One year,Mailed check,DSL,31,79.45
5339-PXDVH,0.678344,1,0,test,Month-to-month,Electronic check,Fiber optic,4,90.65
2205-LPVGL,0.087059,0,0,train,One year,Bank transfer (automatic),Fiber optic,58,89.85
8782-NUUOL,0.036422,0,0,test,One year,Mailed check,DSL,60,79.0
3685-YLCMQ,0.306402,1,1,train,One year,Electronic check,Fiber optic,58,104.65
7601-WFVZV,0.198852,0,0,train,Month-to-month,Mailed check,No,1,19.55
4609-KNNWG,0.01432,0,0,train,Two year,Mailed check,No,27,19.9
4868-AADLV,0.153967,0,0,train,One year,Electronic check,Fiber optic,66,116.25
9529-OFXHY,0.516286,1,0,train,Month-to-month,Bank transfer (automatic),Fiber optic,15,87.75
8634-MPHTR,0.562773,1,1,train,Month-to-month,Electronic check,Fiber optic,47,100.05
2669-QVCRG,0.229838,0,0,test,Month-to-month,Credit card (automatic),Fiber optic,41,81.3
2478-EEWWM,0.342158,1,0,test,Month-to-month,Electronic check,DSL,59,44.3
9174-IHETN,0.053947,0,0,train,Two year,Credit card (automatic),Fiber optic,50,70.35
2233-TXSIU,0.098802,0,0,test,One year,Credit card (automatic),DSL,17,44.45
9644-UMGQA,0.350077,1,0,train,Month-to-month,Electronic check,DSL,6,49.15
3256-EZDBI,0.16625,0,0,train,Month-to-month,Credit card (automatic),DSL,51,29.45
8761-NSOBC,0.222242,0,1,train,Month-to-month,Electronic check,Fiber optic,44,100.55
0419-YAAPX,0.294912,1,0,train,Month-to-month,Credit card (automatic),Fiber optic,49,85.3
8413-VONUO,0.710555,1,1,train,Month-to-month,Electronic check,Fiber optic,2,95.65
0872-CASZJ,0.05829,0,0,train,One year,Mailed check,DSL,59,69.1
4726-DLWQN,0.19755,0,0,train,Month-to-month,Bank transfer (automatic),DSL,50,70.35
8164-OCKUJ,0.006322,0,0,train,Two year,Mailed check,No,59,20.6
3094-JOJAI,0.408169,1,0,test,Month-to-month,Mailed check,Fiber optic,18,74.15
9494-MRNYX,0.671784,1,0,train,Month-to-month,Electronic check,Fiber optic,10,75.05
2599-CZABP,0.128716,0,0,train,One year,Electronic check,DSL,14,44.6
7945-PRBVF,0.012082,0,0,train,Two year,Bank transfer (automatic),No,35,21.45
4544-RXFMG,0.203095,0,0,train,One year,Mailed check,DSL,8,43.45
0859-YGKFW,0.029923,0,0,train,One year,Bank transfer (automatic),No,18,20.05
1150-FTQGN,0.076764,0,0,train,One year,Bank transfer (automatic),Fiber optic,60,94.15
9223-UCPVT,0.767372,1,1,train,Month-to-month,Electronic check,Fiber optic,1,94.4
7196-LIWRH,0.042752,0,0,train,Two year,Mailed check,No,6,19.55
5448-VWNAM,0.138572,0,0,train,Month-to-month,Mailed check,DSL,19,75.9
1177-XZBJL,0.025072,0,0,train,One year,Bank transfer (automatic),DSL,53,64.15
3518-FSTWG,0.078128,0,0,train,Two year,Bank transfer (automatic),Fiber optic,72,109.55
9330-VOFSZ,0.094958,0,0,test,Two year,Credit card (automatic),Fiber optic,60,110.8
4351-QLCSU,0.513062,1,1,train,Month-to-month,Credit card (automatic),DSL,1,55.0
0939-EREMR,0.127387,0,0,train,Month-to-month,Mailed check,DSL,13,53.45
9389-ACWBI,0.463948,1,0,test,Month-to-month,Credit card (automatic),Fiber optic,5,69.95
5419-JPRRN,0.868311,1,1,train,Month-to-month,Electronic check,Fiber optic,1,101.45
3644-QXEHN,0.523253,1,0,train,Month-to-month,Electronic check,Fiber optic,13,97.0
2911-IJORQ,0.078128,0,0,train,One year,Bank transfer (automatic),DSL,37,90.6
5921-NGYRH,0.161044,0,0,test,Month-to-month,Mailed check,Fiber optic,64,73.55
2100-BDNSN,0.376167,1,1,train,Month-to-month,Bank transfer (automatic),DSL,5,67.95
5998-DZLYR,0.079784,0,0,train,Two year,Bank transfer (automatic),Fiber optic,61,94.35
0488-GSLFR,0.70065,1,1,train,Month-to-month,Electronic check,Fiber optic,1,69.5
9318-NKNFC,0.24634,1,1,train,Month-to-month,Mailed check,No,1,18.85
3985-HOYPM,0.036376,0,0,test,One year,Mailed check,No,26,19.4
9728-FTTVZ,0.734566,1,1,train,Month-to-month,Electronic check,Fiber optic,1,69.2
9548-LERKT,0.014784,0,0,test,Two year,Mailed check,No,24,19.75
6576-FBXOJ,0.226638,0,0,train,One year,Electronic check,DSL,17,54.6
4310-KEDTB,0.231535,0,0,train,Month-to-month,Mailed check,DSL,26,29.8
7254-IQWOZ,0.739276,1,1,train,Month-to-month,Electronic check,Fiber optic,1,69.65
2474-BRUCM,0.416495,1,1,train,Month-to-month,Electronic check,Fiber optic,40,101.85
4062-HBMOS,0.593907,1,0,train,Month-to-month,Electronic check,Fiber optic,52,103.05
0742-NXBGR,0.722058,1,1,train,Month-to-month,Electronic check,Fiber optic,1,82.3
2676-ISHSF,0.18919,0,0,train,Month-to-month,Mailed check,No,1,20.3
9236-NDUCW,0.025596,0,0,train,Two year,Mailed check,DSL,21,35.1
4753-PADAS,0.189072,0,0,test,One year,Bank transfer (automatic),Fiber optic,67,105.7
6103-QCKFX,0.03525,0,0,train,Month-to-month,Bank transfer (automatic),DSL,44,56.25
7781-EWARA,0.057401,0,0,train,One year,Electronic check,DSL,70,60.35
6110-OHIHY,0.673494,1,1,train,Month-to-month,Electronic check,Fiber optic,3,79.25
7018-FPXHH,0.016251,0,0,train,Two year,Bank transfer (automatic),DSL,56,59.8
5889-LFOLL,0.678089,1,1,train,Month-to-month,Electronic check,Fiber optic,13,84.6
5708-EVONK,0.23271,0,1,train,Month-to-month,Bank transfer (automatic),Fiber optic,58,93.4
8708-XPXHZ,0.511,1,1,train,Month-to-month,Electronic check,Fiber optic,42,94.2
0616-ATFGB,0.586659,1,1,test,Month-to-month,Electronic check,DSL,1,25.05
0572-ZJKLT,0.045785,0,0,train,Two year,Mailed check,Fiber optic,46,99.65
5135-RDDQL,0.009859,0,0,train,Two year,Bank transfer (automatic),DSL,63,50.65
1353-LJWEM,0.279818,1,0,train,Month-to-month,Electronic check,DSL,11,60.9
1794-SWWKL,0.199833,0,0,train,Month-to-month,Bank transfer (automatic),DSL,15,59.65
6166-YIPFO,0.027913,0,0,train,Two year,Electronic check,DSL,72,64.7
7016-BPGEU,0.222729,0,1,train,Month-to-month,Credit card (automatic),DSL,29,25.1
6876-ADESB,0.415646,1,1,train,Month-to-month,Electronic check,DSL,1,48.95
9332-GYWLO,0.38775,1,0,train,Month-to-month,Electronic check,DSL,6,54.85
1963-SVUCV,0.430675,1,1,train,Month-to-month,Electronic check,DSL,1,45.3
4184-VODJZ,0.193385,0,0,test,One year,Electronic check,Fiber optic,63,91.35
0220-EBGCE,0.778966,1,1,train,Month-to-month,Electronic check,Fiber optic,2,85.85
1092-WPIVQ,0.020747,0,0,train,Two year,Mailed check,No,18,25.1
7233-IOQNP,0.062831,0,0,test,Month-to-month,Bank transfer (automatic),DSL,43,34.0
2834-JKOOW,0.065172,0,0,test,One year,Mailed check,DSL,15,45.9
2754-VDLTR,0.731273,1,1,train,Month-to-month,Electronic check,Fiber optic,10,95.2
2400-FEQME,0.009025,0,0,train,Two year,Mailed check,No,55,20.5
3190-XFANI,0.213959,0,1,train,One year,Bank transfer (automatic),Fiber optic,49,100.6
7551-DACSP,0.353217,1,1,train,Month-to-month,Mailed check,DSL,6,55.3
4957-SREEC,0.004825,0,0,train,Two year,Credit card (automatic),No,70,20.35
7235-NXZCP,0.763884,1,1,test,Month-to-month,Mailed check,Fiber optic,2,74.85
0230-UBYPQ,0.030282,0,0,test,One year,Bank transfer (automatic),DSL,63,36.1
4923-ADWXJ,0.183264,0,0,train,Month-to-month,Bank transfer (automatic),DSL,25,65.8
1763-KUAAW,0.038952,0,0,train,One year,Bank transfer (automatic),No,18,20.35
1104-TNLZA,0.641799,1,0,train,Month-to-month,Electronic check,Fiber optic,28,105.8
5195-KPUNQ,0.119,0,0,train,One year,Mailed check,Fiber optic,53,96.75
0520-FDVVT,0.22513,0,1,train,One year,Bank transfer (automatic),Fiber optic,35,102.35
3439-GVUSX,0.449667,1,0,train,Month-to-month,Mailed check,DSL,1,24.4
1444-VVSGW,0.066396,0,1,test,One year,Credit card (automatic),Fiber optic,70,115.65
5712-PTIWW,0.635352,1,1,train,Month-to-month,Electronic check,Fiber optic,2,79.85
5949-HGVJL,0.293029,1,0,test,Month-to-month,Electronic check,DSL,26,73.05
5203-XEHAX,0.062842,0,0,train,One year,Electronic check,DSL,34,64.35
1635-HDGFT,0.011351,0,0,train,Two year,Mailed check,No,19,20.5
3315-TOTBP,0.508778,1,1,train,Month-to-month,Mailed check,Fiber optic,15,76.0
8050-XGRVL,0.015735,0,0,train,One year,Credit card (automatic),DSL,62,54.75
6661-HBGWL,0.447411,1,1,test,Month-to-month,Bank transfer (automatic),Fiber optic,42,104.75
1518-VOWAV,0.409213,1,1,train,Month-to-month,Electronic check,DSL,9,74.65
9828-QHFBK,0.177518,0,0,train,Month-to-month,Electronic check,DSL,24,51.15
3908-MKIMJ,0.030807,0,0,train,Two year,Electronic check,DSL,68,41.95
5012-YSPJJ,0.073418,0,0,train,Month-to-month,Mailed check,DSL,31,54.35
5909-ECHUI,0.559727,1,1,train,Month-to-month,Electronic check,DSL,1,56.25
1309-BXVOQ,0.601361,1,1,train,Month-to-month,Electronic check,Fiber optic,21,106.1
6728-VOIFY,0.230906,0,0,train,One year,Electronic check,Fiber optic,63,96.0
9317-WZPGV,0.748021,1,1,train,Month-to-month,Bank transfer (automatic),Fiber optic,2,79.75
4891-NLUBA,0.033173,0,0,train,Two year,Bank transfer (automatic),DSL,61,61.45
2856-HYAPG,0.647167,1,1,train,Month-to-month,Electronic check,Fiber optic,1,68.65
8969-PRHFK,0.032796,0,0,train,One year,Mailed check,No,18,19.65
0661-KQHNK,0.067817,0,0,train,One year,Credit card (automatic),No,6,19.0
8709-KRDVL,0.588839,1,0,test,Month-to-month,Electronic check,Fiber optic,33,100.0
4488-PSYCG,0.071731,0,1,train,Month-to-month,Bank transfer (automatic),No,16,20.25
1427-VERSM,0.402326,1,0,train,Month-to-month,Electronic check,Fiber optic,56,98.7
9801-NOSHQ,0.030248,0,0,train,One year,Mailed check,No,23,19.8
6339-YPSAH,0.6782,1,0,train,Month-to-month,Electronic check,Fiber optic,9,73.8
3621-CEOVK,0.739647,1,1,train,Month-to-month,Electronic check,Fiber optic,14,100.2
6906-ANDWJ,0.450595,1,1,train,Month-to-month,Bank transfer (automatic),Fiber optic,15,74.9
2159-TURXX,0.15683,0,0,test,Month-to-month,Credit card (automatic),No,5,20.05
1548-FEHVL,0.354235,1,0,train,Month-to-month,Electronic check,Fiber optic,61,106.2
3795-CAWEX,0.034034,0,0,train,Two year,Credit card (automatic),Fiber optic,70,116.55
6215-NQCPY,0.68514,1,0,train,Month-to-month,Electronic check,Fiber optic,15,99.7
5647-URDKA,0.03533,0,0,train,Two year,Mailed check,No,8,19.7
2229-DPMBI,0.033829,0,0,train,Two year,Mailed check,No,8,19.5
9626-WEQRM,0.447605,1,0,train,Month-to-month,Mailed check,DSL,4,29.15
2188-SXWVT,0.034656,0,0,test,One year,Mailed check,DSL,34,55.0
6258-PVZWJ,0.017634,0,0,train,Two year,Credit card (automatic),DSL,68,90.8
1094-BKOSX,0.043458,0,0,train,One year,Bank transfer (automatic),DSL,45,51.0
6969-MVBAI,0.812426,1,0,test,Month-to-month,Electronic check,Fiber optic,9,90.1
2978-XXSOG,0.143299,0,0,train,Month-to-month,Mailed check,DSL,22,59.05
2342-CKIAO,0.172034,0,0,train,Month-to-month,Mailed check,No,2,20.3
6953-PBDIN,0.0153,0,0,test,Two year,Bank transfer (automatic),DSL,70,72.95
3898-BSJYF,0.118541,0,0,train,One year,Credit card (automatic),DSL,10,73.55
3938-YFPXD,0.012108,0,0,train,Two year,Credit card (automatic),DSL,72,84.3
7696-AMHOD,0.070834,0,0,train,One year,Credit card (automatic),DSL,49,78.0
2453-SAFNS,0.062651,0,0,train,One year,Mailed check,DSL,54,72.1
9558-IHEZX,0.069203,0,0,train,Two year,Credit card (automatic),Fiber optic,71,106.75
9617-UDPEU,0.049706,0,0,train,One year,Mailed check,No,22,19.25
6340-DACFT,0.009101,0,0,test,Two year,Credit card (automatic),No,50,20.55
4955-VCWBI,0.015226,0,0,test,One year,Mailed check,No,43,20.0
6813-GZQCG,0.012043,0,0,train,Two year,Credit card (automatic),No,45,24.65
7426-GSWPO,0.314101,1,0,train,Month-to-month,Bank transfer (automatic),Fiber optic,64,103.5
3389-KTRXV,0.014212,0,0,train,Two year,Mailed check,No,23,23.85
3118-UHVVQ,0.008355,0,0,train,Two year,Credit card (automatic),No,68,25.8
1031-IIDEO,0.693592,1,1,train,Month-to-month,Electronic check,Fiber optic,1,70.85
5832-XKAES,0.614323,1,1,train,Month-to-month,Credit card (automatic),Fiber optic,2,69.8
3205-MXZRA,0.078654,0,0,train,One year,Credit card (automatic),DSL,26,59.45
4701-AHWMW,0.237036,0,1,test,Month-to-month,Bank transfer (automatic),DSL,55,54.55
8317-BVKSO,0.150544,0,0,train,Month-to-month,Electronic check,No,14,20.05
5702-KVQRD,0.020636,0,0,test,Two year,Electronic check,DSL,71,82.55
0083-PIVIK,0.038666,0,0,train,One year,Electronic check,DSL,64,81.25
9210-IAHGH,0.439016,1,1,train,Month-to-month,Credit card (automatic),DSL,7,70.75
6169-PGNCD,0.019975,0,0,train,Two year,Credit card (automatic),DSL,57,74.3
0023-XUOPT,0.576705,1,1,test,Month-to-month,Electronic check,Fiber optic,13,94.1
4592-IWTJI,0.304849,1,1,train,Month-to-month,Credit card (automatic),DSL,3,29.7
4909-JOUPP,0.044432,0,0,train,Two year,Credit card (automatic),Fiber optic,72,109.7
4657-FWVFY,0.347741,1,0,train,Month-to-month,Credit card (automatic),Fiber optic,40,96.35
2257-BOVXD,0.290684,1,0,test,Month-to-month,Credit card (automatic),DSL,14,66.6
7729-JTEEC,0.474976,1,0,train,Month-to-month,Electronic check,DSL,2,44.5
7632-MNYOY,0.119896,0,1,train,One year,Credit card (automatic),Fiber optic,66,110.9
6518-LGAOV,0.534431,1,1,train,Month-to-month,Electronic check,Fiber optic,38,105.0
7242-QZLXF,0.575166,1,1,train,Month-to-month,Electronic check,DSL,1,25.3
4576-CSAJH,0.057895,0,1,train,One year,Credit card (automatic),DSL,22,55.15
1000-AJSLD,0.250717,1,1,train,Month-to-month,Mailed check,No,1,20.1
9696-RMYBA,0.715378,1,0,train,Month-to-month,Mailed check,Fiber optic,5,80.1
8690-UPCZI,0.053612,0,0,test,One year,Bank transfer (automatic),DSL,29,69.05
1062-LHZOD,0.627336,1,1,train,Month-to-month,Mailed check,Fiber optic,1,69.9
9770-LXDBK,0.168829,0,0,train,Month-to-month,Mailed check,No,3,20.4
4086-WITJG,0.004108,0,0,test,Two year,Credit card (automatic),No,71,19.7
8344-WFMFH,0.339017,1,0,train,Month-to-month,Electronic check,DSL,9,50.1
9600-NAXZN,0.501722,1,1,train,Month-to-month,Electronic check,Fiber optic,43,101.4
8822-KNBHV,0.063955,0,0,train,One year,Credit card (automatic),DSL,48,83.45
8404-FYDIB,0.318226,1,0,train,Month-to-month,Credit card (automatic),Fiber optic,26,86.65
2791-SFVEW,0.126257,0,0,train,Month-to-month,Bank transfer (automatic),No,9,20.15
6457-USBER,0.77231,1,1,train,Month-to-month,Electronic check,Fiber optic,1,80.8
6762-NSODU,0.006904,0,0,train,Two year,Credit card (automatic),No,46,19.4
4662-EKDPQ,0.508473,1,1,train,Month-to-month,Bank transfer (automatic),DSL,2,62.05
9248-OJYKK,0.813096,1,1,test,Month-to-month,Electronic check,Fiber optic,1,76.45
9888-ZCUMM,0.020438,0,0,train,Two year,Bank transfer (automatic),DSL,64,60.05
3398-FSHON,0.784658,1,1,train,Month-to-month,Electronic check,Fiber optic,12,91.3
3319-DWOEP,0.827369,1,1,train,Month-to-month,Electronic check,Fiber optic,6,95.75
1074-WVEVG,0.018867,0,0,train,One year,Mailed check,No,59,20.35
9979-RGMZT,0.539216,1,0,test,One year,Mailed check,Fiber optic,7,94.05
6437-UDQJM,0.029687,0,0,train,Two year,Credit card (automatic),DSL,72,84.1
1226-IENZN,0.56336,1,0,train,Month-to-month,Electronic check,Fiber optic,16,78.75
2108-GLPQB,0.18804,0,0,train,Month-to-month,Credit card (automatic),DSL,25,55.55
9259-PACGQ,0.109598,0,1,train,Month-to-month,Electronic check,DSL,34,62.65
4415-IJZTP,0.792226,1,1,test,Month-to-month,Electronic check,Fiber optic,1,74.5
1465-VINDH,0.67788,1,1,train,Month-to-month,Credit card (automatic),Fiber optic,10,102.1
5474-LAMUQ,0.027002,0,0,train,One year,Mailed check,No,24,20.1
3468-DRVQJ,0.181159,0,0,train,One year,Electronic check,DSL,10,70.3
1122-YJBCS,0.023167,0,0,test,One year,Credit card (automatic),DSL,69,53.65
4990-ALDGW,0.007605,0,0,train,Two year,Mailed check,No,57,20.75
4816-OKWNX,0.170166,0,0,train,One year,Bank transfer (automatic),Fiber optic,50,103.4
3315-IKYZQ,0.069698,0,0,train,One year,Mailed check,DSL,28,50.8
2810-FTLEM,0.201366,0,1,train,Month-to-month,Electronic check,DSL,16,50.15
4747-LCAQL,0.156116,0,0,train,Month-to-month,Mailed check,DSL,25,79.0
3411-WLRSQ,0.69045,1,0,train,Month-to-month,Bank transfer (automatic),Fiber optic,3,74.6
0898-XCGTF,0.246791,1,0,train,One year,Bank transfer (automatic),Fiber optic,61,96.5
8006-PYCSW,0.173348,0,0,train,Month-to-month,Mailed check,No,2,20.1
8249-THVEC,0.023234,0,0,train,One year,Mailed check,No,51,19.4
8722-PRFDV,0.011702,0,0,train,Two year,Credit card (automatic),DSL,71,77.55
2164-SOQXL,0.060806,0,0,train,Month-to-month,Mailed check,No,20,20.05
4020-KIUDI,0.147517,0,0,train,Month-to-month,Credit card (automatic),No,6,19.85
5850-BDWCY,0.158537,0,0,test,Month-to-month,Mailed check,No,6,20.2
2038-YSEZE,0.080222,0,0,train,Month-to-month,Mailed check,DSL,29,67.45
0827-ITJPH,0.012799,0,0,train,Two year,Credit card (automatic),No,36,18.55
8799-OXZMD,0.27485,1,0,train,Month-to-month,Mailed check,DSL,28,29.75
1925-TIBLE,0.795595,1,1,train,Month-to-month,Electronic check,Fiber optic,7,86.5
1705-GUHPV,0.01028,0,0,test,Two year,Mailed check,No,63,24.2
4779-ZGICK,0.008644,0,0,test,Two year,Mailed check,No,48,23.55
0048-PIHNL,0.025756,0,0,test,One year,Bank transfer (automatic),No,49,20.45
0818-OCPZO,0.561124,1,1,train,Month-to-month,Electronic check,Fiber optic,27,81.45
3967-KXAPS,0.011651,0,0,test,Two year,Credit card (automatic),DSL,72,92.3
1447-GIQMR,0.752446,1,1,train,Month-to-month,Electronic check,Fiber optic,1,69.15
3704-IEAXF,0.018428,0,0,train,Two year,Credit card (automatic),DSL,72,53.65
6810-VCAEX,0.025389,0,0,train,One year,Credit card (automatic),DSL,47,39.65
0674-EYYZV,0.545592,1,0,train,Month-to-month,Electronic check,DSL,1,54.65
4480-MBMLB,0.312646,1,0,train,One year,Bank transfer (automatic),Fiber optic,36,104.8
1395-OFUWC,0.087475,0,0,test,Month-to-month,Credit card (automatic),DSL,43,29.3
0822-QGCXA,0.333458,1,0,train,Month-to-month,Electronic check,DSL,27,83.85
0872-NXJYS,0.725909,1,1,train,Month-to-month,Electronic check,Fiber optic,9,79.55
2832-KJCRD,0.54241,1,0,train,Month-to-month,Electronic check,Fiber optic,38,103.65
3588-WSTTJ,0.558374,1,0,train,Month-to-month,Electronic check,Fiber optic,35,99.05
4075-WKNIU,0.127442,0,0,train,Two year,Mailed check,DSL,0,73.35
5090-EMGTC,0.059771,0,0,train,Two year,Mailed check,Fiber optic,59,100.05
2346-CZYIL,0.016465,0,0,train,Two year,Credit card (automatic),No,27,20.35
3798-EPWRR,0.455214,1,0,train,Month-to-month,Electronic check,DSL,2,43.95
6258-NGCNG,0.214324,0,0,test,Month-to-month,Mailed check,No,7,23.5
4186-ZBUEW,0.080689,0,0,train,One year,Mailed check,DSL,36,70.7
5274-XHAKY,0.216022,0,0,train,Month-to-month,Bank transfer (automatic),Fiber optic,41,94.3
1442-BQPVU,0.319638,1,0,train,Month-to-month,Electronic check,DSL,13,29.15
3978-YNKDD,0.012255,0,0,test,Two year,Credit card (automatic),No,19,20.85
4940-KHCWD,0.012759,0,0,test,Two year,Bank transfer (automatic),DSL,60,37.7
9412-ARGBX,0.038785,0,1,test,Two year,Mailed check,Fiber optic,48,95.5
1389-CXMLU,0.805648,1,1,train,Month-to-month,Electronic check,Fiber optic,3,91.05
9589-ABEPT,0.055167,0,0,train,Two year,Mailed check,Fiber optic,69,92.45
9388-ZEYVT,0.083627,0,0,train,One year,Electronic check,DSL,43,44.15
0305-SQECB,0.151627,0,0,train,One year,Mailed check,DSL,11,36.05
7605-SNLQG,0.094381,0,0,train,Month-to-month,Credit card (automatic),DSL,45,50.25
4670-TABXH,0.059728,0,0,train,Two year,Credit card (automatic),Fiber optic,72,109.75
5561-NWEVX,0.731518,1,1,train,Month-to-month,Electronic check,Fiber optic,2,79.2
0064-SUDOG,0.027585,0,0,train,Two year,Bank transfer (automatic),No,12,20.3
8561-NMTBD,0.118448,0,0,train,One year,Credit card (automatic),Fiber optic,67,112.35
5161-XEUVX,0.087532,0,0,test,Two year,Mailed check,Fiber optic,37,94.3
8292-FRFZQ,0.030937,0,0,train,One year,Bank transfer (automatic),DSL,39,41.15
8591-NXRCV,0.112022,0,0,train,Month-to-month,Bank transfer (automatic),DSL,41,74.65
7895-VONWT,0.508484,1,0,train,Month-to-month,Electronic check,DSL,25,48.25
4526-RMTLL,0.085023,0,0,train,Two year,Credit card (automatic),DSL,8,76.15
6253-GNHWH,0.006124,0,0,train,Two year,Mailed check,DSL,71,71.1
4566-NECEV,0.697488,1,0,train,Month-to-month,Electronic check,Fiber optic,5,96.55
8080-POTJR,0.142033,0,0,train,One year,Credit card (automatic),DSL,30,79.3
6906-MPARY,0.116207,0,0,train,One year,Credit card (automatic),Fiber optic,40,89.6
3662-FXJFO,0.013624,0,0,train,Two year,Mailed check,No,54,20.5
8107-RZLNV,0.075776,0,0,train,Two year,Bank transfer (automatic),Fiber optic,72,106.3
0516-OOHAR,0.194477,0,0,test,One year,Bank transfer (automatic),Fiber optic,28,100.35
2027-CWDNU,0.476243,1,0,train,Month-to-month,Electronic check,Fiber optic,18,85.6
2737-WFVYW,0.727621,1,1,train,Month-to-month,Electronic check,DSL,2,45.25
9912-OMZDS,0.294314,1,0,train,One year,Electronic check,Fiber optic,59,106.15
3733-ZEECP,0.155894,0,0,train,Month-to-month,Electronic check,DSL,22,51.1
7878-RTCZG,0.19481,0,0,train,Month-to-month,Mailed check,No,1,19.9
2452-MRMZF,0.011903,0,0,train,Two year,Credit card (automatic),No,72,25.7
2272-QAGFO,0.62653,1,1,train,Month-to-month,Electronic check,Fiber optic,14,74.3
7103-IPXPJ,0.288643,1,0,train,One year,Electronic check,Fiber optic,50,99.4
4342-HFXWS,0.015209,0,0,train,One year,Bank transfer (automatic),DSL,48,69.7
3545-CNWRG,0.551823,1,0,train,Month-to-month,Electronic check,Fiber optic,49,98.35
1785-BPHTP,0.37365,1,0,train,Month-to-month,Electronic check,Fiber optic,28,85.45
4989-LIXVT,0.38663,1,0,train,Month-to-month,Electronic check,Fiber optic,68,95.9
7315-WYOAW,0.616825,1,0,train,Month-to-month,Electronic check,Fiber optic,13,100.75
1173-XZPYF,0.790144,1,0,train,Month-to-month,Electronic check,Fiber optic,11,89.2
9850-OWRHQ,0.725008,1,1,train,Month-to-month,Credit card (automatic),Fiber optic,3,74.1
3768-NLUBH,0.483696,1,1,train,Month-to-month,Electronic check,Fiber optic,57,100.6
8676-TRMJS,0.642471,1,1,test,Month-to-month,Mailed check,Fiber optic,3,75.0
2509-TFPJU,0.005456,0,0,train,Two year,Credit card (automatic),No,72,25.75
9530-GRMJG,0.033604,0,0,test,Two year,Electronic check,DSL,70,84.1
6898-RBTLU,0.033949,0,0,train,Two year,Bank transfer (automatic),DSL,49,79.3
5481-NTDOH,0.183419,0,0,train,One year,Credit card (automatic),Fiber optic,67,107.05
2068-WWXQZ,0.008196,0,0,train,Two year,Bank transfer (automatic),No,46,20.05
7359-SSBJK,0.013199,0,1,train,Two year,Credit card (automatic),DSL,64,70.2
2061-VVFST,0.043557,0,0,test,Month-to-month,Bank transfer (automatic),No,37,19.5
0685-MLYYM,0.666406,1,1,test,Month-to-month,Electronic check,Fiber optic,2,70.75
0749-IRGQE,0.51254,1,0,test,Month-to-month,Electronic check,DSL,13,45.3
2380-DAMQP,0.041719,0,0,train,Two year,Electronic check,Fiber optic,72,115.15
2256-YLYLP,0.019556,0,0,train,Two year,Bank transfer (automatic),DSL,68,72.95
1272-ILHFG,0.031091,0,0,train,One year,Mailed check,No,15,19.65
0164-XAIRP,0.018906,0,0,test,Two year,Bank transfer (automatic),No,24,19.55
5666-CYCYZ,0.485409,1,0,train,Month-to-month,Electronic check,Fiber optic,24,89.55
4011-ARPHK,0.096837,0,0,train,Month-to-month,Mailed check,DSL,27,50.35
8182-PNAGI,0.178627,0,1,train,Month-to-month,Bank transfer (automatic),DSL,12,50.25
6365-HITVU,0.006751,0,0,test,Two year,Credit card (automatic),DSL,71,87.25
7558-IMLMT,0.006624,0,0,train,Two year,Mailed check,No,67,20.8
9488-FYQAU,0.079862,0,0,train,Two year,Bank transfer (automatic),Fiber optic,63,109.25
3590-TCXTB,0.19045,0,0,train,Month-to-month,Mailed check,No,1,20.35
6994-KERXL,0.548223,1,0,train,Month-to-month,Electronic check,DSL,4,55.9
7957-RYHQD,0.187953,0,1,test,Month-to-month,Credit card (automatic),Fiber optic,40,79.2
2180-DXNEG,0.742295,1,1,train,Month-to-month,Electronic check,Fiber optic,12,96.0
1960-UOTYM,0.034998,0,0,train,Two year,Electronic check,DSL,52,79.2
2740-JFBOK,0.315678,1,0,train,Month-to-month,Electronic check,No,10,24.0
6500-JVEGC,0.077081,0,0,train,One year,Bank transfer (automatic),Fiber optic,68,101.35
5515-AKOAJ,0.532972,1,1,train,Month-to-month,Electronic check,Fiber optic,54,100.1
8976-OQHGT,0.171786,0,1,train,Month-to-month,Mailed check,DSL,4,56.5
5245-VDBUR,0.059743,0,0,test,One year,Mailed check,DSL,52,35.45
6230-BSUXY,0.807463,1,1,test,Month-to-month,Electronic check,Fiber optic,1,85.0
8469-SNFFH,0.017968,0,0,train,One year,Bank transfer (automatic),DSL,70,79.4
2144-ESWKO,0.071024,0,0,train,One year,Credit card (automatic),DSL,43,35.2
1241-FPMOF,0.009926,0,0,train,Two year,Mailed check,No,52,19.65
9928-BZVLZ,0.075404,0,0,train,Two year,Mailed check,DSL,12,49.85
4114-QMKVN,0.039772,0,0,train,One year,Bank transfer (automatic),DSL,56,68.75
2775-SEFEE,0.09474,0,0,train,Two year,Bank transfer (automatic),DSL,0,61.9
9003-CPATH,0.36544,1,0,train,Month-to-month,Electronic check,Fiber optic,42,79.9
1754-GKYPY,0.52778,1,0,train,Month-to-month,Bank transfer (automatic),Fiber optic,22,89.75
5294-CDGWY,0.089498,0,1,train,One year,Electronic check,DSL,51,59.3
7956-XQWGU,0.109636,0,0,train,Month-to-month,Credit card (automatic),No,27,19.4
1591-MQJTP,0.262214,1,0,train,One year,Bank transfer (automatic),Fiber optic,51,93.65
5295-PCJOO,0.303503,1,1,train,Month-to-month,Electronic check,DSL,4,49.4
2369-FEVNO,0.258552,1,0,test,Month-to-month,Mailed check,No,1,19.9
9863-JZAIC,0.125758,0,1,train,Month-to-month,Mailed check,DSL,35,55.0
7471-MQPOS,0.041912,0,0,test,One year,Bank transfer (automatic),DSL,71,72.9
7660-HDPJV,0.734566,1,1,train,Month-to-month,Electronic check,Fiber optic,1,69.2
5115-SQAAU,0.008063,0,0,train,Two year,Bank transfer (automatic),No,69,25.6
9845-QOMAD,0.036317,0,0,train,One year,Mailed check,No,14,19.75
7672-VFMXZ,0.052215,0,0,train,Month-to-month,Electronic check,DSL,57,55.7
9739-JLPQJ,0.020556,0,0,train,Two year,Credit card (automatic),Fiber optic,72,117.5
9916-AYHTC,0.004994,0,0,train,Two year,Credit card (automatic),No,48,19.85
3855-ONCAR,0.644178,1,0,train,Month-to-month,Mailed check,Fiber optic,4,78.9
1488-SYSFC,0.103163,0,0,train,Month-to-month,Electronic check,No,31,20.65
7931-PXHFC,0.074766,0,1,train,One year,Mailed check,DSL,38,62.3
3990-QYKBE,0.615895,1,1,train,Month-to-month,Electronic check,Fiber optic,37,92.5
0970-QXPXW,0.195214,0,0,train,Month-to-month,Mailed check,No,1,19.65
3259-KNMRR,0.06317,0,0,train,Two year,Bank transfer (automatic),DSL,57,79.75
6120-RJKLU,0.018253,0,0,train,Two year,Credit card (automatic),DSL,62,79.95
9572-WUKSB,0.542773,1,0,test,Month-to-month,Electronic check,DSL,3,29.9
5893-KCLGT,0.006406,0,0,train,Two year,Mailed check,No,72,19.75
0076-LVEPS,0.115977,0,0,test,Month-to-month,Mailed check,DSL,29,45.0
3640-JQGJG,0.159265,0,0,train,Month-to-month,Bank transfer (automatic),DSL,13,44.8
4919-MOAVT,0.573057,1,1,train,Month-to-month,Electronic check,Fiber optic,3,69.65
1596-OQSPS,0.287146,1,0,train,Month-to-month,Electronic check,DSL,11,51.1
9867-XOBQA,0.028327,0,0,test,Two year,Mailed check,DSL,21,53.15
9546-KDTRB,0.093552,0,0,train,Month-to-month,Bank transfer (automatic),No,19,24.7
3090-HAWSU,0.064046,0,1,train,Two year,Credit card (automatic),Fiber optic,61,111.6
9820-RMCQV,0.185893,0,1,test,Month-to-month,Credit card (automatic),DSL,11,48.55
3174-RKMOW,0.455794,1,0,train,Month-to-month,Electronic check,Fiber optic,35,109.95
1760-CAZHT,0.058565,0,0,train,Month-to-month,Mailed check,No,25,20.8
7839-QRKXN,0.226163,0,1,train,Month-to-month,Mailed check,No,1,20.2
8441-SHIPE,0.009581,0,0,train,Two year,Bank transfer (automatic),No,67,25.6
5204-QZXPU,0.389881,1,1,train,Month-to-month,Electronic check,DSL,19,39.65
4597-ELFTS,0.035981,0,1,train,One year,Electronic check,No,56,24.9
1320-GVNHT,0.048138,0,0,train,Two year,Credit card (automatic),Fiber optic,72,108.4
1047-RNXZV,0.008665,0,0,test,Two year,Mailed check,No,43,19.55
3541-ZNUHK,0.244027,1,0,train,Month-to-month,Electronic check,Fiber optic,55,85.1
8450-JOVAH,0.291628,1,1,test,Month-to-month,Mailed check,DSL,2,56.7
8725-JEDFD,0.386606,1,0,train,Month-to-month,Mailed check,Fiber optic,27,69.05
7562-UXTPG,0.470181,1,0,train,Month-to-month,Mailed check,Fiber optic,13,70.15
8071-SBTRN,0.062678,0,0,train,Two year,Mailed check,Fiber optic,70,111.15
1113-IUJYX,0.195058,0,1,train,One year,Mailed check,Fiber optic,14,105.95
6668-CNMFP,0.308808,1,0,train,One year,Bank transfer (automatic),Fiber optic,19,89.35
5626-MGTUK,0.442899,1,0,train,Month-to-month,Bank transfer (automatic),Fiber optic,20,89.1
5681-LLOEI,0.0668,0,0,train,One year,Credit card (automatic),Fiber optic,43,91.25
8212-DJRCH,0.566657,1,0,test,Month-to-month,Mailed check,Fiber optic,5,90.35
4323-OHFOW,0.172357,0,0,train,One year,Bank transfer (automatic),Fiber optic,70,105.55
4933-BSAIP,0.009077,0,0,train,Two year,Mailed check,No,40,19.1
2030-BTZRO,0.0512,0,0,train,Two year,Credit card (automatic),No,6,20.4
1116-DXXDF,0.121783,0,0,train,Two year,Electronic check,Fiber optic,39,100.45
9274-CNFMO,0.736169,1,1,train,Month-to-month,Electronic check,Fiber optic,4,74.95
7758-XKCBS,0.334776,1,1,train,Month-to-month,Electronic check,DSL,15,29.7
8992-JQYUN,0.767994,1,1,train,Month-to-month,Electronic check,DSL,1,50.35
6563-VNPMN,0.123716,0,0,train,Month-to-month,Bank transfer (automatic),Fiber optic,45,85.7
0617-AQNWT,0.023265,0,1,train,Two year,Electronic check,DSL,64,47.85
2267-WTPYD,0.318381,1,0,train,Month-to-month,Credit card (automatic),Fiber optic,57,94.0
0270-THENM,0.006808,0,0,train,Two year,Bank transfer (automatic),DSL,72,69.85
2446-PLQVO,0.738631,1,1,train,Month-to-month,Electronic check,Fiber optic,1,70.3
4707-MAXGU,0.007485,0,0,train,Two year,Credit card (automatic),No,72,25.85
2710-WYVXG,0.051871,0,0,train,Two year,Mailed check,DSL,3,71.1
3005-NFMTA,0.474232,1,1,train,Month-to-month,Electronic check,Fiber optic,55,98.8
6300-BWMJX,0.284128,1,0,train,Month-to-month,Electronic check,Fiber optic,59,93.35
8784-CGILN,0.526236,1,1,train,Month-to-month,Bank transfer (automatic),Fiber optic,18,99.85
5389-FFVKB,0.411153,1,1,train,Month-to-month,Credit card (automatic),Fiber optic,32,80.3
7009-LGECI,0.30214,1,0,train,Month-to-month,Bank transfer (automatic),DSL,4,50.55
8444-WRIDW,0.243915,1,1,train,Month-to-month,Credit card (automatic),Fiber optic,66,80.45
5022-KVDQT,0.526116,1,0,train,Month-to-month,Electronic check,Fiber optic,27,81.3
7976-CICYS,0.230462,0,0,train,Month-to-month,Credit card (automatic),No,4,20.7
1036-GUDCL,0.068371,0,0,test,Month-to-month,Credit card (automatic),DSL,60,79.05
2005-DWQZJ,0.021904,0,0,train,Two year,Mailed check,No,8,19.05
8148-WOCMK,0.031406,0,0,train,Two year,Credit card (automatic),No,8,19.6
7815-PDTHL,0.018592,0,0,train,Two year,Mailed check,No,35,20.2
9451-LPGOO,0.824998,1,1,train,Month-to-month,Electronic check,Fiber optic,7,86.8
9173-IVZVP,0.009431,0,0,train,Two year,Mailed check,No,53,20.9
9129-UXERG,0.539515,1,0,train,Month-to-month,Credit card (automatic),Fiber optic,18,103.6
3635-JBPSG,0.102675,0,0,train,Two year,Mailed check,DSL,15,38.8
7964-ZRKKG,0.153144,0,0,train,One year,Bank transfer (automatic),Fiber optic,67,88.4
5868-YWPDW,0.728845,1,1,train,Month-to-month,Electronic check,Fiber optic,6,84.2
6229-LSCKB,0.803811,1,0,train,Month-to-month,Electronic check,Fiber optic,6,79.7
2025-JKFWI,0.616837,1,1,test,Month-to-month,Mailed check,Fiber optic,13,99.0
4078-SAYYN,0.819351,1,1,train,Month-to-month,Electronic check,Fiber optic,11,100.75
1724-IQWNM,0.225696,0,0,train,Month-to-month,Mailed check,No,1,19.3
8217-QYOHV,0.260829,1,0,train,Month-to-month,Mailed check,DSL,5,55.75
5546-QUERU,0.067173,0,0,train,One year,Mailed check,No,13,19.95
9940-HPQPG,0.46638,1,1,train,Month-to-month,Bank transfer (automatic),Fiber optic,9,91.75
6897-UUBNU,0.240567,1,0,train,Month-to-month,Mailed check,Fiber optic,29,89.65
6127-IYJOZ,0.475814,1,0,train,Month-to-month,Mailed check,DSL,1,45.85
6618-RYATB,0.751357,1,1,train,Month-to-month,Mailed check,Fiber optic,1,79.55
8930-XOTDP,0.167126,0,0,test,Month-to-month,Mailed check,DSL,18,55.95
5916-QEWPT,0.500766,1,0,train,Month-to-month,Credit card (automatic),DSL,2,69.0
5060-TQUQN,0.259791,1,0,train,Month-to-month,Bank transfer (automatic),Fiber optic,30,83.55
0531-XBKMM,0.00849,0,0,train,Two year,Bank transfer (automatic),DSL,66,65.7
8465-SBRXP,0.075251,0,0,train,Two year,Bank transfer (automatic),Fiber optic,38,94.9
2408-PSJVE,0.059974,0,0,test,Month-to-month,Mailed check,DSL,44,61.9
9079-YEXQJ,0.364267,1,1,test,Month-to-month,Electronic check,Fiber optic,54,111.1
9700-ZCLOT,0.184438,0,0,train,Month-to-month,Mailed check,No,2,20.0
8738-JOKAR,0.033791,0,0,train,One year,Mailed check,DSL,42,67.7
4534-WGCIR,0.007731,0,0,train,Two year,Credit card (automatic),No,58,25.15
1930-WNXSB,0.372778,1,0,train,Month-to-month,Electronic check,Fiber optic,58,92.85
2685-SREOM,0.57426,1,1,train,Month-to-month,Electronic check,Fiber optic,25,89.1
3508-CFVZL,0.030795,0,0,train,Two year,Mailed check,Fiber optic,71,111.3
0402-CQAJN,0.428954,1,1,train,Month-to-month,Bank transfer (automatic),Fiber optic,37,101.9
6692-UDPJC,0.561262,1,1,train,Month-to-month,Electronic check,Fiber optic,14,91.65
1273-MTETI,0.870537,1,1,train,Month-to-month,Electronic check,Fiber optic,4,88.85
0657-DOGUM,0.031393,0,0,train,One year,Bank transfer (automatic),DSL,48,60.6
5480-HPRRX,0.55064,1,1,test,Month-to-month,Electronic check,DSL,3,25.3
8792-AOROI,0.051126,0,0,train,Two year,Mailed check,DSL,8,65.5
0295-PPHDO,0.872234,1,1,test,Month-to-month,Electronic check,Fiber optic,1,95.45
5146-YYFRZ,0.006524,0,0,train,Two year,Bank transfer (automatic),No,67,19.95
1195-OIYEJ,0.63076,1,1,train,Month-to-month,Electronic check,Fiber optic,13,91.1
5906-CVLHP,0.026313,0,1,train,One year,Credit card (automatic),DSL,45,54.15
3452-SRFEG,0.366078,1,0,train,Month-to-month,Bank transfer (automatic),Fiber optic,49,74.6
4070-OKWVH,0.330323,1,0,train,Month-to-month,Bank transfer (automatic),Fiber optic,52,94.6
5297-MDOIR,0.077433,0,0,test,One year,Credit card (automatic),Fiber optic,63,81.15
6369-MCAKO,0.016437,0,0,train,Two year,Bank transfer (automatic),DSL,68,89.05
4926-UMJZD,0.116101,0,0,train,Month-to-month,Mailed check,DSL,31,49.2
6848-HJTXY,0.006611,0,0,test,Two year,Credit card (automatic),No,64,19.45
6341-AEVKX,0.16479,0,0,train,One year,Electronic check,Fiber optic,62,104.3
4501-EQDRN,0.545675,1,1,train,Month-to-month,Bank transfer (automatic),Fiber optic,1,69.7
2990-HWIML,0.80789,1,1,train,Month-to-month,Electronic check,Fiber optic,6,89.5
0682-USIXD,0.440469,1,0,test,Month-to-month,Electronic check,Fiber optic,21,86.05
6976-BWGLQ,0.005032,0,0,train,Two year,Bank transfer (automatic),No,72,25.2
7078-NVFAM,0.163471,0,0,train,Month-to-month,Electronic check,DSL,32,35.15
8065-QBYTO,0.075772,0,0,train,One year,Credit card (automatic),Fiber optic,71,99.65
2133-TSRRM,0.269802,1,0,train,Month-to-month,Bank transfer (automatic),Fiber optic,34,105.35
7384-GHBPI,0.70936,1,1,train,Month-to-month,Electronic check,DSL,3,35.15
7603-USHJS,0.580049,1,1,test,Month-to-month,Credit card (automatic),Fiber optic,12,73.75
7234-FECYN,0.78686,1,1,train,Month-to-month,Electronic check,Fiber optic,8,101.35
2511-ALLCS,0.013936,0,0,train,Two year,Bank transfer (automatic),No,35,24.3
3191-CSNMG,0.747931,1,0,train,Month-to-month,Electronic check,Fiber optic,3,80.7
7952-OBOYL,0.643921,1,0,test,Month-to-month,Mailed check,Fiber optic,3,89.85
7470-DYNOE,0.112441,0,0,train,One year,Electronic check,DSL,53,61.1
7853-OETYL,0.497242,1,0,train,Month-to-month,Electronic check,DSL,4,29.05
1545-ACTAS,0.120907,0,0,train,One year,Bank transfer (automatic),Fiber optic,48,99.7
5876-HZVZM,0.15538,0,1,train,Month-to-month,Credit card (automatic),DSL,6,55.9
1400-MMYXY,0.87102,1,1,test,Month-to-month,Electronic check,Fiber optic,3,105.9
5126-RCXYW,0.02963,0,0,train,Two year,Credit card (automatic),DSL,54,46.0
3085-QUOZK,0.352608,1,1,train,Month-to-month,Mailed check,DSL,1,43.95
2363-BJLSL,0.12394,0,0,train,Month-to-month,Bank transfer (automatic),DSL,62,80.4
1956-YIFGE,0.270467,1,0,test,One year,Mailed check,Fiber optic,22,100.05
3926-CUQZX,0.434021,1,1,train,Month-to-month,Bank transfer (automatic),DSL,1,45.1
7921-LMDFQ,0.327156,1,0,train,One year,Bank transfer (automatic),Fiber optic,51,94.0
2925-MXLSX,0.149803,0,0,train,One year,Credit card (automatic),DSL,30,68.95
5820-PTRYM,0.047055,0,0,test,One year,Credit card (automatic),DSL,56,68.45
9609-BENEA,0.116509,0,0,train,One year,Electronic check,DSL,35,69.0
6211-WHMYA,0.223656,0,0,train,Month-to-month,Electronic check,DSL,64,43.85
4459-BBGHE,0.402309,1,0,train,Month-to-month,Electronic check,DSL,30,44.5
9945-PSVIP,0.022801,0,0,test,Two year,Mailed check,No,25,18.7
1041-RXHRA,0.163997,0,1,train,Month-to-month,Bank transfer (automatic),Fiber optic,41,70.25
1750-CSKKM,0.36088,1,1,train,Month-to-month,Electronic check,DSL,9,55.35
9108-EJFJP,0.28203,1,0,train,Month-to-month,Mailed check,DSL,1,53.55
0530-IJVDB,0.04924,0,0,train,Two year,Electronic check,Fiber optic,70,114.6
0508-SQWPL,0.008862,0,0,train,Two year,Bank transfer (automatic),No,57,20.1
2215-ZAFGX,0.782438,1,0,train,Month-to-month,Electronic check,Fiber optic,9,85.5
8213-TAZPM,0.100781,0,0,train,One year,Bank transfer (automatic),Fiber optic,69,108.75
7142-HVGBG,0.51949,1,1,train,Month-to-month,Electronic check,Fiber optic,43,103.0
1304-SEGFY,0.136436,0,0,train,Two year,Electronic check,Fiber optic,72,97.85
7242-EDTYC,0.006279,0,0,train,Two year,Bank transfer (automatic),No,44,19.55
2904-GGUAZ,0.031618,0,0,train,Two year,Bank transfer (automatic),Fiber optic,72,84.05
8267-ZNYVZ,0.239705,0,1,train,One year,Electronic check,Fiber optic,33,103.75
5136-GFPMB,0.32919,1,0,test,Month-to-month,Credit card (automatic),Fiber optic,54,89.4
2595-KIWPV,0.009131,0,0,train,Two year,Credit card (automatic),No,27,19.7
5243-SAOTC,0.311322,1,0,train,Month-to-month,Bank transfer (automatic),Fiber optic,54,79.85
9398-MMQTO,0.501755,1,0,train,Month-to-month,Credit card (automatic),Fiber optic,3,74.45
7619-PLRLP,0.061439,0,0,train,One year,Bank transfer (automatic),DSL,53,74.1
6457-GIRWB,0.725743,1,1,train,Month-to-month,Electronic check,Fiber optic,1,69.35
6508-NJYRO,0.043592,0,0,train,One year,Mailed check,No,15,18.8
1450-SKCVI,0.267258,1,1,train,Month-to-month,Electronic check,Fiber optic,56,73.85
4710-NKCAW,0.1934,0,0,train,Month-to-month,Credit card (automatic),DSL,5,64.4
5306-BVTKJ,0.027563,0,0,train,One year,Credit card (automatic),DSL,48,55.8
0357-NVCRI,0.05938,0,0,train,Month-to-month,Credit card (automatic),No,25,20.05
5570-PTWEH,0.696186,1,1,train,Month-to-month,Credit card (automatic),Fiber optic,3,75.15
2371-KFUOG,0.090175,0,0,train,One year,Bank transfer (automatic),Fiber optic,58,99.15
0463-ZSDNT,0.386568,1,0,train,Month-to-month,Bank transfer (automatic),DSL,10,56.75
6502-MJQAE,0.729166,1,1,train,Month-to-month,Electronic check,Fiber optic,1,69.6
6257-DTAYD,0.06529,0,0,train,Two year,Credit card (automatic),Fiber optic,71,104.15
4616-ULAOA,0.064925,0,0,train,Two year,Credit card (automatic),Fiber optic,65,110.8
7693-LCKZL,0.684695,1,1,train,Month-to-month,Electronic check,Fiber optic,5,80.15
7746-AWNQW,0.197747,0,0,train,Month-to-month,Mailed check,DSL,28,35.75
5996-EBTKM,0.022424,0,0,train,Two year,Bank transfer (automatic),DSL,67,69.9
2758-RNWXS,0.166023,0,0,test,One year,Electronic check,Fiber optic,35,89.2
2314-TNDJQ,0.009194,0,0,train,Two year,Credit card (automatic),DSL,72,55.65
2405-LBMUW,0.033666,0,0,train,One year,Bank transfer (automatic),DSL,61,50.7
3454-JFUBC,0.009185,0,0,test,Two year,Credit card (automatic),No,68,20.0
0032-PGELS,0.29093,1,1,train,Month-to-month,Bank transfer (automatic),DSL,1,30.5
9039-ZVJDC,0.255676,1,0,train,Month-to-month,Mailed check,No,3,19.1
6797-LNAQX,0.053388,0,1,test,Two year,Bank transfer (automatic),Fiber optic,70,98.3
9013-AQORL,0.089272,0,0,test,Month-to-month,Credit card (automatic),DSL,48,45.55
2898-MRKPI,0.141809,0,0,train,One year,Credit card (automatic),Fiber optic,68,101.05
2750-BJLSB,0.139836,0,0,test,One year,Electronic check,Fiber optic,47,103.7
3648-GZPHF,0.090239,0,0,train,One year,Mailed check,DSL,32,36.25
2075-RMJIK,0.270708,1,0,train,Month-to-month,Mailed check,DSL,5,49.4
9588-YRFHY,0.017007,0,0,test,Two year,Credit card (automatic),No,49,19.9
6394-MFYNG,0.360183,1,1,train,Month-to-month,Bank transfer (automatic),Fiber optic,48,107.4
1564-NTYXF,0.725097,1,1,train,Month-to-month,Electronic check,Fiber optic,13,82.0
9364-YKUVW,0.118685,0,0,test,Month-to-month,Mailed check,No,15,19.8
5392-AKEMH,0.395433,1,0,train,Month-to-month,Electronic check,DSL,12,45.05
2451-YMUXS,0.015809,0,0,train,Two year,Bank transfer (automatic),DSL,67,64.55
3914-FDRHP,0.59804,1,0,train,Month-to-month,Electronic check,Fiber optic,9,86.25
3078-ZKNTS,0.024221,0,0,train,Two year,Bank transfer (automatic),No,13,19.75
1024-KPRBB,0.247813,1,0,train,One year,Mailed check,Fiber optic,38,89.1
4690-PKDQG,0.504994,1,0,train,Month-to-month,Electronic check,Fiber optic,42,95.55
8155-IBNHG,0.429324,1,1,train,Month-to-month,Credit card (automatic),Fiber optic,24,75.4
0886-QGENL,0.559325,1,1,train,Month-to-month,Electronic check,Fiber optic,27,101.25
9547-ITEFG,0.71086,1,0,train,Month-to-month,Credit card (automatic),Fiber optic,9,102.6
1264-FUHCX,0.132514,0,0,test,One year,Credit card (automatic),DSL,49,56.3
7789-CRUVC,0.170938,0,0,test,Month-to-month,Credit card (automatic),Fiber optic,61,94.2
6598-KELSS,0.057475,0,0,train,One year,Bank transfer (automatic),DSL,50,43.05
8739-WWKDU,0.640505,1,1,test,Month-to-month,Electronic check,Fiber optic,25,89.5
8685-WHQPW,0.462757,1,1,train,Month-to-month,Bank transfer (automatic),Fiber optic,22,74.4
4745-LSPLO,0.188432,0,1,train,Month-to-month,Mailed check,No,1,20.5
8083-YTZES,0.77369,1,1,test,Month-to-month,Electronic check,Fiber optic,4,74.35
7240-FQLHE,0.477782,1,1,train,Month-to-month,Bank transfer (automatic),Fiber optic,18,99.75
6664-FPDAC,0.301084,1,1,test,One year,Electronic check,Fiber optic,56,111.95
9972-VAFJJ,0.217341,0,0,test,One year,Electronic check,Fiber optic,53,94.0
0422-UXFAP,0.441391,1,0,test,One year,Electronic check,Fiber optic,51,98.85
1904-WAJAA,0.032643,0,0,train,Two year,Electronic check,DSL,24,64.35
5130-YPIRV,0.021275,0,0,train,Two year,Credit card (automatic),DSL,62,72.0
2843-CQMEG,0.15696,0,0,test,Month-to-month,Mailed check,DSL,24,49.7
6439-PKTRR,0.010625,0,0,train,Two year,Electronic check,DSL,70,80.7
5351-QESIO,0.418746,1,0,test,Month-to-month,Mailed check,DSL,1,24.2
0786-VSSUD,0.427291,1,1,train,Month-to-month,Mailed check,DSL,16,39.0
5568-DMXZS,0.385409,1,0,train,Month-to-month,Electronic check,DSL,8,65.45
8468-FZTOE,0.010514,0,0,train,Two year,Electronic check,DSL,72,74.35
6633-SYEUS,0.180085,0,0,train,Month-to-month,Bank transfer (automatic),Fiber optic,23,83.2
6447-GORXK,0.186646,0,0,train,Month-to-month,Credit card (automatic),DSL,31,25.0
6967-PEJLL,0.067748,0,0,test,One year,Electronic check,DSL,37,40.2
3976-BWUCK,0.386588,1,1,train,Month-to-month,Credit card (automatic),Fiber optic,30,94.1
5981-ZVXOT,0.364862,1,0,train,One year,Electronic check,Fiber optic,35,108.35
1684-FLBGS,0.191658,0,0,train,Month-to-month,Credit card (automatic),DSL,23,69.5
1389-WNUIB,0.105309,0,0,train,One year,Bank transfer (automatic),DSL,20,76.0
0376-OIWME,0.454022,1,0,train,Month-to-month,Electronic check,Fiber optic,36,93.6
3585-ISXZP,0.702059,1,1,test,Month-to-month,Bank transfer (automatic),Fiber optic,8,95.65
0218-QNVAS,0.089891,0,0,train,One year,Bank transfer (automatic),Fiber optic,71,100.55
6583-QGCSI,0.577338,1,1,train,Month-to-month,Electronic check,Fiber optic,50,88.05
0804-YGEQV,0.031379,0,0,train,One year,Bank transfer (automatic),No,43,24.45
7164-BPTUT,0.019565,0,0,train,Two year,Mailed check,DSL,57,89.55
4174-LPGTI,0.037574,0,1,train,One year,Bank transfer (automatic),DSL,41,66.5
2523-EWWZL,0.431543,1,0,train,Month-to-month,Electronic check,Fiber optic,27,76.1
0928-XUTSN,0.573357,1,0,train,Month-to-month,Electronic check,Fiber optic,13,80.5
2108-XWMPY,0.423612,1,1,train,Month-to-month,Mailed check,DSL,3,35.45
0052-YNYOT,0.017157,0,0,test,One year,Electronic check,No,67,20.55
6304-IJFSQ,0.390127,1,1,test,Month-to-month,Mailed check,DSL,3,49.9
9586-JGQKH,0.081645,0,0,test,Two year,Bank transfer (automatic),Fiber optic,64,105.4
4501-VCPFK,0.236399,0,0,train,Month-to-month,Electronic check,DSL,26,35.75
6075-SLNIL,0.419581,1,0,train,Month-to-month,Credit card (automatic),Fiber optic,38,95.1
9347-AERRL,0.030319,0,0,train,One year,Credit card (automatic),No,23,19.3
0093-XWZFY,0.411813,1,1,train,Month-to-month,Credit card (automatic),Fiber optic,40,104.5
2274-XUATA,0.032859,0,0,train,Two year,Bank transfer (automatic),DSL,72,63.1
1980-KXVPM,0.736138,1,1,test,Month-to-month,Credit card (automatic),Fiber optic,3,75.05
7703-ZEKEF,0.48984,1,1,train,Month-to-month,Electronic check,Fiber optic,23,81.0
0723-DRCLG,0.825878,1,1,train,Month-to-month,Electronic check,Fiber optic,1,74.45
5482-NUPNA,0.227174,0,1,test,Month-to-month,Mailed check,DSL,4,60.4
6691-CCIHA,0.040292,0,0,train,Two year,Electronic check,DSL,62,84.95
1685-BQULA,0.369517,1,0,train,Month-to-month,Bank transfer (automatic),Fiber optic,40,93.4
9053-EJUNL,0.458286,1,0,train,Month-to-month,Electronic check,Fiber optic,41,89.2
0666-UXTJO,0.368636,1,0,train,Month-to-month,Credit card (automatic),Fiber optic,34,85.2
1471-GIQKQ,0.382942,1,0,test,Month-to-month,Electronic check,DSL,1,49.95
4807-IZYOZ,0.00931,0,0,train,Two year,Bank transfer (automatic),No,51,20.65
1122-JWTJW,0.606307,1,1,train,Month-to-month,Mailed check,Fiber optic,1,70.65
9710-NJERN,0.010999,0,0,train,Two year,Mailed check,No,39,20.15
9837-FWLCH,0.195901,0,0,train,Month-to-month,Electronic check,No,12,19.2
1699-HPSBG,0.232604,0,1,train,One year,Electronic check,DSL,12,59.8
7203-OYKCT,0.229195,0,0,train,One year,Electronic check,Fiber optic,72,104.95
1035-IPQPU,0.504192,1,0,test,Month-to-month,Electronic check,Fiber optic,63,103.5
7398-LXGYX,0.227647,0,0,test,Month-to-month,Credit card (automatic),Fiber optic,44,84.8
2823-LKABH,0.464169,1,0,train,Month-to-month,Bank transfer (automatic),Fiber optic,18,95.05
8775-CEBBJ,0.364291,1,1,train,Month-to-month,Bank transfer (automatic),DSL,9,44.2
0550-DCXLH,0.208551,0,0,train,Month-to-month,Mailed check,DSL,13,73.35
9281-CEDRU,0.010395,0,0,train,Two year,Bank transfer (automatic),DSL,68,64.1
2235-DWLJU,0.758977,1,0,train,Month-to-month,Electronic check,DSL,6,44.4
0871-OPBXW,0.25328,1,0,train,Month-to-month,Mailed check,No,2,20.05
3605-JISKB,0.049546,0,0,train,One year,Credit card (automatic),DSL,55,60.0
6894-LFHLY,0.822846,1,1,train,Month-to-month,Electronic check,Fiber optic,1,75.75
9767-FFLEM,0.268872,1,0,test,Month-to-month,Credit card (automatic),Fiber optic,38,69.5
0639-TSIQW,0.155595,0,1,train,Month-to-month,Credit card (automatic),Fiber optic,67,102.95
8456-QDAVC,0.465802,1,0,train,Month-to-month,Bank transfer (automatic),Fiber optic,19,78.7
7750-EYXWZ,0.287692,1,0,test,One year,Electronic check,DSL,12,60.65
2569-WGERO,0.00592,0,0,train,Two year,Bank transfer (automatic),No,72,21.15
6840-RESVB,0.093577,0,0,train,One year,Mailed check,DSL,24,84.8
2234-XADUH,0.134367,0,0,train,One year,Credit card (automatic),Fiber optic,72,103.2
4801-JZAZL,0.416646,1,0,train,Month-to-month,Electronic check,DSL,11,29.6
8361-LTMKD,0.756761,1,1,test,Month-to-month,Mailed check,Fiber optic,4,74.4
3186-AJIEK,0.036924,0,0,train,Two year,Bank transfer (automatic),Fiber optic,66,105.65
